[2025-10-06T18:52:54.455+0000] {processor.py:186} INFO - Started process (PID=1307) to work on /opt/airflow/dags/fraud_detection_training_dag.py
[2025-10-06T18:52:54.457+0000] {processor.py:914} INFO - Processing file /opt/airflow/dags/fraud_detection_training_dag.py for tasks to queue
[2025-10-06T18:52:54.488+0000] {logging_mixin.py:190} INFO - [2025-10-06T18:52:54.485+0000] {dagbag.py:588} INFO - Filling up the DagBag from /opt/airflow/dags/fraud_detection_training_dag.py
[2025-10-06T18:52:54.513+0000] {processor.py:927} WARNING - No viable dags retrieved from /opt/airflow/dags/fraud_detection_training_dag.py
[2025-10-06T18:52:54.565+0000] {processor.py:208} INFO - Processing /opt/airflow/dags/fraud_detection_training_dag.py took 0.142 seconds
[2025-10-06T18:53:25.069+0000] {processor.py:186} INFO - Started process (PID=1314) to work on /opt/airflow/dags/fraud_detection_training_dag.py
[2025-10-06T18:53:25.071+0000] {processor.py:914} INFO - Processing file /opt/airflow/dags/fraud_detection_training_dag.py for tasks to queue
[2025-10-06T18:53:25.078+0000] {logging_mixin.py:190} INFO - [2025-10-06T18:53:25.077+0000] {dagbag.py:588} INFO - Filling up the DagBag from /opt/airflow/dags/fraud_detection_training_dag.py
[2025-10-06T18:53:25.083+0000] {processor.py:927} WARNING - No viable dags retrieved from /opt/airflow/dags/fraud_detection_training_dag.py
[2025-10-06T18:53:25.110+0000] {processor.py:208} INFO - Processing /opt/airflow/dags/fraud_detection_training_dag.py took 0.056 seconds
[2025-10-06T18:53:55.544+0000] {processor.py:186} INFO - Started process (PID=1321) to work on /opt/airflow/dags/fraud_detection_training_dag.py
[2025-10-06T18:53:55.547+0000] {processor.py:914} INFO - Processing file /opt/airflow/dags/fraud_detection_training_dag.py for tasks to queue
[2025-10-06T18:53:55.555+0000] {logging_mixin.py:190} INFO - [2025-10-06T18:53:55.550+0000] {dagbag.py:588} INFO - Filling up the DagBag from /opt/airflow/dags/fraud_detection_training_dag.py
[2025-10-06T18:53:55.573+0000] {processor.py:927} WARNING - No viable dags retrieved from /opt/airflow/dags/fraud_detection_training_dag.py
[2025-10-06T18:53:55.781+0000] {processor.py:208} INFO - Processing /opt/airflow/dags/fraud_detection_training_dag.py took 0.247 seconds
[2025-10-06T18:54:25.985+0000] {processor.py:186} INFO - Started process (PID=1328) to work on /opt/airflow/dags/fraud_detection_training_dag.py
[2025-10-06T18:54:25.986+0000] {processor.py:914} INFO - Processing file /opt/airflow/dags/fraud_detection_training_dag.py for tasks to queue
[2025-10-06T18:54:25.994+0000] {logging_mixin.py:190} INFO - [2025-10-06T18:54:25.994+0000] {dagbag.py:588} INFO - Filling up the DagBag from /opt/airflow/dags/fraud_detection_training_dag.py
[2025-10-06T18:54:26.002+0000] {processor.py:927} WARNING - No viable dags retrieved from /opt/airflow/dags/fraud_detection_training_dag.py
[2025-10-06T18:54:26.042+0000] {processor.py:208} INFO - Processing /opt/airflow/dags/fraud_detection_training_dag.py took 0.074 seconds
[2025-10-06T18:54:56.443+0000] {processor.py:186} INFO - Started process (PID=1335) to work on /opt/airflow/dags/fraud_detection_training_dag.py
[2025-10-06T18:54:56.444+0000] {processor.py:914} INFO - Processing file /opt/airflow/dags/fraud_detection_training_dag.py for tasks to queue
[2025-10-06T18:54:56.450+0000] {logging_mixin.py:190} INFO - [2025-10-06T18:54:56.449+0000] {dagbag.py:588} INFO - Filling up the DagBag from /opt/airflow/dags/fraud_detection_training_dag.py
[2025-10-06T18:54:56.455+0000] {processor.py:927} WARNING - No viable dags retrieved from /opt/airflow/dags/fraud_detection_training_dag.py
[2025-10-06T18:54:56.473+0000] {processor.py:208} INFO - Processing /opt/airflow/dags/fraud_detection_training_dag.py took 0.041 seconds
[2025-10-06T18:54:58.648+0000] {processor.py:186} INFO - Started process (PID=1336) to work on /opt/airflow/dags/fraud_detection_training_dag.py
[2025-10-06T18:54:58.651+0000] {processor.py:914} INFO - Processing file /opt/airflow/dags/fraud_detection_training_dag.py for tasks to queue
[2025-10-06T18:54:58.681+0000] {logging_mixin.py:190} INFO - [2025-10-06T18:54:58.680+0000] {dagbag.py:588} INFO - Filling up the DagBag from /opt/airflow/dags/fraud_detection_training_dag.py
[2025-10-06T18:54:58.717+0000] {processor.py:927} WARNING - No viable dags retrieved from /opt/airflow/dags/fraud_detection_training_dag.py
[2025-10-06T18:54:58.785+0000] {processor.py:208} INFO - Processing /opt/airflow/dags/fraud_detection_training_dag.py took 0.166 seconds
[2025-10-06T18:55:29.429+0000] {processor.py:186} INFO - Started process (PID=1343) to work on /opt/airflow/dags/fraud_detection_training_dag.py
[2025-10-06T18:55:29.431+0000] {processor.py:914} INFO - Processing file /opt/airflow/dags/fraud_detection_training_dag.py for tasks to queue
[2025-10-06T18:55:29.452+0000] {logging_mixin.py:190} INFO - [2025-10-06T18:55:29.451+0000] {dagbag.py:588} INFO - Filling up the DagBag from /opt/airflow/dags/fraud_detection_training_dag.py
[2025-10-06T18:55:29.468+0000] {processor.py:927} WARNING - No viable dags retrieved from /opt/airflow/dags/fraud_detection_training_dag.py
[2025-10-06T18:55:29.498+0000] {processor.py:208} INFO - Processing /opt/airflow/dags/fraud_detection_training_dag.py took 0.134 seconds
[2025-10-06T18:55:33.489+0000] {processor.py:186} INFO - Started process (PID=1344) to work on /opt/airflow/dags/fraud_detection_training_dag.py
[2025-10-06T18:55:33.491+0000] {processor.py:914} INFO - Processing file /opt/airflow/dags/fraud_detection_training_dag.py for tasks to queue
[2025-10-06T18:55:33.503+0000] {logging_mixin.py:190} INFO - [2025-10-06T18:55:33.502+0000] {dagbag.py:588} INFO - Filling up the DagBag from /opt/airflow/dags/fraud_detection_training_dag.py
[2025-10-06T18:55:33.514+0000] {processor.py:927} WARNING - No viable dags retrieved from /opt/airflow/dags/fraud_detection_training_dag.py
[2025-10-06T18:55:33.548+0000] {processor.py:208} INFO - Processing /opt/airflow/dags/fraud_detection_training_dag.py took 0.075 seconds
[2025-10-06T18:56:03.862+0000] {processor.py:186} INFO - Started process (PID=1350) to work on /opt/airflow/dags/fraud_detection_training_dag.py
[2025-10-06T18:56:03.865+0000] {processor.py:914} INFO - Processing file /opt/airflow/dags/fraud_detection_training_dag.py for tasks to queue
[2025-10-06T18:56:03.877+0000] {logging_mixin.py:190} INFO - [2025-10-06T18:56:03.875+0000] {dagbag.py:588} INFO - Filling up the DagBag from /opt/airflow/dags/fraud_detection_training_dag.py
[2025-10-06T18:56:03.900+0000] {processor.py:927} WARNING - No viable dags retrieved from /opt/airflow/dags/fraud_detection_training_dag.py
[2025-10-06T18:56:03.949+0000] {processor.py:208} INFO - Processing /opt/airflow/dags/fraud_detection_training_dag.py took 0.114 seconds
[2025-10-06T18:56:17.228+0000] {processor.py:186} INFO - Started process (PID=1357) to work on /opt/airflow/dags/fraud_detection_training_dag.py
[2025-10-06T18:56:17.230+0000] {processor.py:914} INFO - Processing file /opt/airflow/dags/fraud_detection_training_dag.py for tasks to queue
[2025-10-06T18:56:17.237+0000] {logging_mixin.py:190} INFO - [2025-10-06T18:56:17.235+0000] {dagbag.py:588} INFO - Filling up the DagBag from /opt/airflow/dags/fraud_detection_training_dag.py
[2025-10-06T18:56:17.248+0000] {processor.py:927} WARNING - No viable dags retrieved from /opt/airflow/dags/fraud_detection_training_dag.py
[2025-10-06T18:56:17.277+0000] {processor.py:208} INFO - Processing /opt/airflow/dags/fraud_detection_training_dag.py took 0.069 seconds
[2025-10-06T18:56:42.111+0000] {processor.py:186} INFO - Started process (PID=1358) to work on /opt/airflow/dags/fraud_detection_training_dag.py
[2025-10-06T18:56:42.117+0000] {processor.py:914} INFO - Processing file /opt/airflow/dags/fraud_detection_training_dag.py for tasks to queue
[2025-10-06T18:56:42.124+0000] {logging_mixin.py:190} INFO - [2025-10-06T18:56:42.122+0000] {dagbag.py:588} INFO - Filling up the DagBag from /opt/airflow/dags/fraud_detection_training_dag.py
[2025-10-06T18:56:42.135+0000] {processor.py:927} WARNING - No viable dags retrieved from /opt/airflow/dags/fraud_detection_training_dag.py
[2025-10-06T18:56:42.164+0000] {processor.py:208} INFO - Processing /opt/airflow/dags/fraud_detection_training_dag.py took 0.080 seconds
[2025-10-06T18:56:47.436+0000] {processor.py:186} INFO - Started process (PID=1365) to work on /opt/airflow/dags/fraud_detection_training_dag.py
[2025-10-06T18:56:47.440+0000] {processor.py:914} INFO - Processing file /opt/airflow/dags/fraud_detection_training_dag.py for tasks to queue
[2025-10-06T18:56:47.459+0000] {logging_mixin.py:190} INFO - [2025-10-06T18:56:47.459+0000] {dagbag.py:588} INFO - Filling up the DagBag from /opt/airflow/dags/fraud_detection_training_dag.py
[2025-10-06T18:56:47.474+0000] {processor.py:927} WARNING - No viable dags retrieved from /opt/airflow/dags/fraud_detection_training_dag.py
[2025-10-06T18:56:47.513+0000] {processor.py:208} INFO - Processing /opt/airflow/dags/fraud_detection_training_dag.py took 0.095 seconds
[2025-10-06T18:57:11.674+0000] {processor.py:186} INFO - Started process (PID=1366) to work on /opt/airflow/dags/fraud_detection_training_dag.py
[2025-10-06T18:57:11.678+0000] {processor.py:914} INFO - Processing file /opt/airflow/dags/fraud_detection_training_dag.py for tasks to queue
[2025-10-06T18:57:11.687+0000] {logging_mixin.py:190} INFO - [2025-10-06T18:57:11.686+0000] {dagbag.py:588} INFO - Filling up the DagBag from /opt/airflow/dags/fraud_detection_training_dag.py
[2025-10-06T18:57:11.711+0000] {logging_mixin.py:190} INFO - [2025-10-06T18:57:11.703+0000] {dagbag.py:387} ERROR - Failed to import: /opt/airflow/dags/fraud_detection_training_dag.py
Traceback (most recent call last):
  File "/home/airflow/.local/lib/python3.12/site-packages/airflow/models/dagbag.py", line 383, in parse
    loader.exec_module(new_module)
  File "<frozen importlib._bootstrap_external>", line 995, in exec_module
  File "<frozen importlib._bootstrap_external>", line 1133, in get_code
  File "<frozen importlib._bootstrap_external>", line 1063, in source_to_code
  File "<frozen importlib._bootstrap>", line 488, in _call_with_frames_removed
  File "/opt/airflow/dags/fraud_detection_training_dag.py", line 19
    dag_id:
          ^
SyntaxError: invalid syntax
[2025-10-06T18:57:11.712+0000] {processor.py:927} WARNING - No viable dags retrieved from /opt/airflow/dags/fraud_detection_training_dag.py
[2025-10-06T18:57:11.876+0000] {processor.py:208} INFO - Processing /opt/airflow/dags/fraud_detection_training_dag.py took 0.222 seconds
[2025-10-06T18:57:42.886+0000] {processor.py:186} INFO - Started process (PID=1373) to work on /opt/airflow/dags/fraud_detection_training_dag.py
[2025-10-06T18:57:42.890+0000] {processor.py:914} INFO - Processing file /opt/airflow/dags/fraud_detection_training_dag.py for tasks to queue
[2025-10-06T18:57:42.895+0000] {logging_mixin.py:190} INFO - [2025-10-06T18:57:42.895+0000] {dagbag.py:588} INFO - Filling up the DagBag from /opt/airflow/dags/fraud_detection_training_dag.py
[2025-10-06T18:57:42.903+0000] {logging_mixin.py:190} INFO - [2025-10-06T18:57:42.901+0000] {dagbag.py:387} ERROR - Failed to import: /opt/airflow/dags/fraud_detection_training_dag.py
Traceback (most recent call last):
  File "/home/airflow/.local/lib/python3.12/site-packages/airflow/models/dagbag.py", line 383, in parse
    loader.exec_module(new_module)
  File "<frozen importlib._bootstrap_external>", line 995, in exec_module
  File "<frozen importlib._bootstrap_external>", line 1133, in get_code
  File "<frozen importlib._bootstrap_external>", line 1063, in source_to_code
  File "<frozen importlib._bootstrap>", line 488, in _call_with_frames_removed
  File "/opt/airflow/dags/fraud_detection_training_dag.py", line 19
    dag_id:
          ^
SyntaxError: invalid syntax
[2025-10-06T18:57:42.904+0000] {processor.py:927} WARNING - No viable dags retrieved from /opt/airflow/dags/fraud_detection_training_dag.py
[2025-10-06T18:57:42.928+0000] {processor.py:208} INFO - Processing /opt/airflow/dags/fraud_detection_training_dag.py took 0.056 seconds
[2025-10-06T18:58:13.574+0000] {processor.py:186} INFO - Started process (PID=1380) to work on /opt/airflow/dags/fraud_detection_training_dag.py
[2025-10-06T18:58:13.578+0000] {processor.py:914} INFO - Processing file /opt/airflow/dags/fraud_detection_training_dag.py for tasks to queue
[2025-10-06T18:58:13.586+0000] {logging_mixin.py:190} INFO - [2025-10-06T18:58:13.584+0000] {dagbag.py:588} INFO - Filling up the DagBag from /opt/airflow/dags/fraud_detection_training_dag.py
[2025-10-06T18:58:13.597+0000] {logging_mixin.py:190} INFO - [2025-10-06T18:58:13.595+0000] {dagbag.py:387} ERROR - Failed to import: /opt/airflow/dags/fraud_detection_training_dag.py
Traceback (most recent call last):
  File "/home/airflow/.local/lib/python3.12/site-packages/airflow/models/dagbag.py", line 383, in parse
    loader.exec_module(new_module)
  File "<frozen importlib._bootstrap_external>", line 995, in exec_module
  File "<frozen importlib._bootstrap_external>", line 1133, in get_code
  File "<frozen importlib._bootstrap_external>", line 1063, in source_to_code
  File "<frozen importlib._bootstrap>", line 488, in _call_with_frames_removed
  File "/opt/airflow/dags/fraud_detection_training_dag.py", line 19
    dag_id:
          ^
SyntaxError: invalid syntax
[2025-10-06T18:58:13.598+0000] {processor.py:927} WARNING - No viable dags retrieved from /opt/airflow/dags/fraud_detection_training_dag.py
[2025-10-06T18:58:13.661+0000] {processor.py:208} INFO - Processing /opt/airflow/dags/fraud_detection_training_dag.py took 0.104 seconds
[2025-10-06T18:58:15.996+0000] {processor.py:186} INFO - Started process (PID=1381) to work on /opt/airflow/dags/fraud_detection_training_dag.py
[2025-10-06T18:58:16.001+0000] {processor.py:914} INFO - Processing file /opt/airflow/dags/fraud_detection_training_dag.py for tasks to queue
[2025-10-06T18:58:16.032+0000] {logging_mixin.py:190} INFO - [2025-10-06T18:58:16.027+0000] {dagbag.py:588} INFO - Filling up the DagBag from /opt/airflow/dags/fraud_detection_training_dag.py
[2025-10-06T18:58:16.109+0000] {logging_mixin.py:190} INFO - [2025-10-06T18:58:16.096+0000] {dagbag.py:387} ERROR - Failed to import: /opt/airflow/dags/fraud_detection_training_dag.py
Traceback (most recent call last):
  File "/home/airflow/.local/lib/python3.12/site-packages/airflow/models/dagbag.py", line 383, in parse
    loader.exec_module(new_module)
  File "<frozen importlib._bootstrap_external>", line 995, in exec_module
  File "<frozen importlib._bootstrap_external>", line 1133, in get_code
  File "<frozen importlib._bootstrap_external>", line 1063, in source_to_code
  File "<frozen importlib._bootstrap>", line 488, in _call_with_frames_removed
  File "/opt/airflow/dags/fraud_detection_training_dag.py", line 18
    with DAG(
            ^
SyntaxError: '(' was never closed
[2025-10-06T18:58:16.110+0000] {processor.py:927} WARNING - No viable dags retrieved from /opt/airflow/dags/fraud_detection_training_dag.py
[2025-10-06T18:58:16.647+0000] {processor.py:208} INFO - Processing /opt/airflow/dags/fraud_detection_training_dag.py took 0.675 seconds
[2025-10-06T18:58:47.710+0000] {processor.py:186} INFO - Started process (PID=1394) to work on /opt/airflow/dags/fraud_detection_training_dag.py
[2025-10-06T18:58:47.713+0000] {processor.py:914} INFO - Processing file /opt/airflow/dags/fraud_detection_training_dag.py for tasks to queue
[2025-10-06T18:58:47.722+0000] {logging_mixin.py:190} INFO - [2025-10-06T18:58:47.721+0000] {dagbag.py:588} INFO - Filling up the DagBag from /opt/airflow/dags/fraud_detection_training_dag.py
[2025-10-06T18:58:47.741+0000] {logging_mixin.py:190} INFO - [2025-10-06T18:58:47.735+0000] {dagbag.py:387} ERROR - Failed to import: /opt/airflow/dags/fraud_detection_training_dag.py
Traceback (most recent call last):
  File "/home/airflow/.local/lib/python3.12/site-packages/airflow/models/dagbag.py", line 383, in parse
    loader.exec_module(new_module)
  File "<frozen importlib._bootstrap_external>", line 995, in exec_module
  File "<frozen importlib._bootstrap_external>", line 1133, in get_code
  File "<frozen importlib._bootstrap_external>", line 1063, in source_to_code
  File "<frozen importlib._bootstrap>", line 488, in _call_with_frames_removed
  File "/opt/airflow/dags/fraud_detection_training_dag.py", line 18
    with DAG(
            ^
SyntaxError: '(' was never closed
[2025-10-06T18:58:47.742+0000] {processor.py:927} WARNING - No viable dags retrieved from /opt/airflow/dags/fraud_detection_training_dag.py
[2025-10-06T18:58:47.785+0000] {processor.py:208} INFO - Processing /opt/airflow/dags/fraud_detection_training_dag.py took 0.097 seconds
[2025-10-06T18:59:11.533+0000] {processor.py:186} INFO - Started process (PID=1395) to work on /opt/airflow/dags/fraud_detection_training_dag.py
[2025-10-06T18:59:11.535+0000] {processor.py:914} INFO - Processing file /opt/airflow/dags/fraud_detection_training_dag.py for tasks to queue
[2025-10-06T18:59:11.539+0000] {logging_mixin.py:190} INFO - [2025-10-06T18:59:11.538+0000] {dagbag.py:588} INFO - Filling up the DagBag from /opt/airflow/dags/fraud_detection_training_dag.py
[2025-10-06T18:59:11.547+0000] {logging_mixin.py:190} INFO - [2025-10-06T18:59:11.545+0000] {dagbag.py:387} ERROR - Failed to import: /opt/airflow/dags/fraud_detection_training_dag.py
Traceback (most recent call last):
  File "/home/airflow/.local/lib/python3.12/site-packages/airflow/models/dagbag.py", line 383, in parse
    loader.exec_module(new_module)
  File "<frozen importlib._bootstrap_external>", line 995, in exec_module
  File "<frozen importlib._bootstrap_external>", line 1133, in get_code
  File "<frozen importlib._bootstrap_external>", line 1063, in source_to_code
  File "<frozen importlib._bootstrap>", line 488, in _call_with_frames_removed
  File "/opt/airflow/dags/fraud_detection_training_dag.py", line 19
    dag_id:'fraud_detection_training',
          ^
SyntaxError: invalid syntax
[2025-10-06T18:59:11.551+0000] {processor.py:927} WARNING - No viable dags retrieved from /opt/airflow/dags/fraud_detection_training_dag.py
[2025-10-06T18:59:11.580+0000] {processor.py:208} INFO - Processing /opt/airflow/dags/fraud_detection_training_dag.py took 0.064 seconds
[2025-10-06T18:59:42.444+0000] {processor.py:186} INFO - Started process (PID=1402) to work on /opt/airflow/dags/fraud_detection_training_dag.py
[2025-10-06T18:59:42.448+0000] {processor.py:914} INFO - Processing file /opt/airflow/dags/fraud_detection_training_dag.py for tasks to queue
[2025-10-06T18:59:42.455+0000] {logging_mixin.py:190} INFO - [2025-10-06T18:59:42.454+0000] {dagbag.py:588} INFO - Filling up the DagBag from /opt/airflow/dags/fraud_detection_training_dag.py
[2025-10-06T18:59:42.467+0000] {logging_mixin.py:190} INFO - [2025-10-06T18:59:42.464+0000] {dagbag.py:387} ERROR - Failed to import: /opt/airflow/dags/fraud_detection_training_dag.py
Traceback (most recent call last):
  File "/home/airflow/.local/lib/python3.12/site-packages/airflow/models/dagbag.py", line 383, in parse
    loader.exec_module(new_module)
  File "<frozen importlib._bootstrap_external>", line 995, in exec_module
  File "<frozen importlib._bootstrap_external>", line 1133, in get_code
  File "<frozen importlib._bootstrap_external>", line 1063, in source_to_code
  File "<frozen importlib._bootstrap>", line 488, in _call_with_frames_removed
  File "/opt/airflow/dags/fraud_detection_training_dag.py", line 19
    dag_id:'fraud_detection_training',
          ^
SyntaxError: invalid syntax
[2025-10-06T18:59:42.467+0000] {processor.py:927} WARNING - No viable dags retrieved from /opt/airflow/dags/fraud_detection_training_dag.py
[2025-10-06T18:59:42.506+0000] {processor.py:208} INFO - Processing /opt/airflow/dags/fraud_detection_training_dag.py took 0.083 seconds
[2025-10-06T19:00:06.922+0000] {processor.py:186} INFO - Started process (PID=1409) to work on /opt/airflow/dags/fraud_detection_training_dag.py
[2025-10-06T19:00:06.927+0000] {processor.py:914} INFO - Processing file /opt/airflow/dags/fraud_detection_training_dag.py for tasks to queue
[2025-10-06T19:00:06.964+0000] {logging_mixin.py:190} INFO - [2025-10-06T19:00:06.961+0000] {dagbag.py:588} INFO - Filling up the DagBag from /opt/airflow/dags/fraud_detection_training_dag.py
[2025-10-06T19:00:06.998+0000] {logging_mixin.py:190} INFO - [2025-10-06T19:00:06.993+0000] {dagbag.py:387} ERROR - Failed to import: /opt/airflow/dags/fraud_detection_training_dag.py
Traceback (most recent call last):
  File "/home/airflow/.local/lib/python3.12/site-packages/airflow/models/dagbag.py", line 383, in parse
    loader.exec_module(new_module)
  File "<frozen importlib._bootstrap_external>", line 995, in exec_module
  File "<frozen importlib._bootstrap_external>", line 1133, in get_code
  File "<frozen importlib._bootstrap_external>", line 1063, in source_to_code
  File "<frozen importlib._bootstrap>", line 488, in _call_with_frames_removed
  File "/opt/airflow/dags/fraud_detection_training_dag.py", line 19
    dag_id:'fraud_detection_training',
          ^
SyntaxError: invalid syntax
[2025-10-06T19:00:07.002+0000] {processor.py:927} WARNING - No viable dags retrieved from /opt/airflow/dags/fraud_detection_training_dag.py
[2025-10-06T19:00:07.288+0000] {processor.py:208} INFO - Processing /opt/airflow/dags/fraud_detection_training_dag.py took 0.481 seconds
[2025-10-06T19:00:37.615+0000] {processor.py:186} INFO - Started process (PID=1416) to work on /opt/airflow/dags/fraud_detection_training_dag.py
[2025-10-06T19:00:37.616+0000] {processor.py:914} INFO - Processing file /opt/airflow/dags/fraud_detection_training_dag.py for tasks to queue
[2025-10-06T19:00:37.627+0000] {logging_mixin.py:190} INFO - [2025-10-06T19:00:37.626+0000] {dagbag.py:588} INFO - Filling up the DagBag from /opt/airflow/dags/fraud_detection_training_dag.py
[2025-10-06T19:00:37.639+0000] {logging_mixin.py:190} INFO - [2025-10-06T19:00:37.635+0000] {dagbag.py:387} ERROR - Failed to import: /opt/airflow/dags/fraud_detection_training_dag.py
Traceback (most recent call last):
  File "/home/airflow/.local/lib/python3.12/site-packages/airflow/models/dagbag.py", line 383, in parse
    loader.exec_module(new_module)
  File "<frozen importlib._bootstrap_external>", line 995, in exec_module
  File "<frozen importlib._bootstrap_external>", line 1133, in get_code
  File "<frozen importlib._bootstrap_external>", line 1063, in source_to_code
  File "<frozen importlib._bootstrap>", line 488, in _call_with_frames_removed
  File "/opt/airflow/dags/fraud_detection_training_dag.py", line 19
    dag_id:'fraud_detection_training',
          ^
SyntaxError: invalid syntax
[2025-10-06T19:00:37.640+0000] {processor.py:927} WARNING - No viable dags retrieved from /opt/airflow/dags/fraud_detection_training_dag.py
[2025-10-06T19:00:37.679+0000] {processor.py:208} INFO - Processing /opt/airflow/dags/fraud_detection_training_dag.py took 0.086 seconds
[2025-10-06T19:01:08.167+0000] {processor.py:186} INFO - Started process (PID=1423) to work on /opt/airflow/dags/fraud_detection_training_dag.py
[2025-10-06T19:01:08.170+0000] {processor.py:914} INFO - Processing file /opt/airflow/dags/fraud_detection_training_dag.py for tasks to queue
[2025-10-06T19:01:08.176+0000] {logging_mixin.py:190} INFO - [2025-10-06T19:01:08.175+0000] {dagbag.py:588} INFO - Filling up the DagBag from /opt/airflow/dags/fraud_detection_training_dag.py
[2025-10-06T19:01:08.186+0000] {logging_mixin.py:190} INFO - [2025-10-06T19:01:08.184+0000] {dagbag.py:387} ERROR - Failed to import: /opt/airflow/dags/fraud_detection_training_dag.py
Traceback (most recent call last):
  File "/home/airflow/.local/lib/python3.12/site-packages/airflow/models/dagbag.py", line 383, in parse
    loader.exec_module(new_module)
  File "<frozen importlib._bootstrap_external>", line 995, in exec_module
  File "<frozen importlib._bootstrap_external>", line 1133, in get_code
  File "<frozen importlib._bootstrap_external>", line 1063, in source_to_code
  File "<frozen importlib._bootstrap>", line 488, in _call_with_frames_removed
  File "/opt/airflow/dags/fraud_detection_training_dag.py", line 19
    dag_id:'fraud_detection_training',
          ^
SyntaxError: invalid syntax
[2025-10-06T19:01:08.187+0000] {processor.py:927} WARNING - No viable dags retrieved from /opt/airflow/dags/fraud_detection_training_dag.py
[2025-10-06T19:01:08.219+0000] {processor.py:208} INFO - Processing /opt/airflow/dags/fraud_detection_training_dag.py took 0.066 seconds
[2025-10-06T19:01:39.043+0000] {processor.py:186} INFO - Started process (PID=1430) to work on /opt/airflow/dags/fraud_detection_training_dag.py
[2025-10-06T19:01:39.047+0000] {processor.py:914} INFO - Processing file /opt/airflow/dags/fraud_detection_training_dag.py for tasks to queue
[2025-10-06T19:01:39.060+0000] {logging_mixin.py:190} INFO - [2025-10-06T19:01:39.055+0000] {dagbag.py:588} INFO - Filling up the DagBag from /opt/airflow/dags/fraud_detection_training_dag.py
[2025-10-06T19:01:39.088+0000] {logging_mixin.py:190} INFO - [2025-10-06T19:01:39.080+0000] {dagbag.py:387} ERROR - Failed to import: /opt/airflow/dags/fraud_detection_training_dag.py
Traceback (most recent call last):
  File "/home/airflow/.local/lib/python3.12/site-packages/airflow/models/dagbag.py", line 383, in parse
    loader.exec_module(new_module)
  File "<frozen importlib._bootstrap_external>", line 995, in exec_module
  File "<frozen importlib._bootstrap_external>", line 1133, in get_code
  File "<frozen importlib._bootstrap_external>", line 1063, in source_to_code
  File "<frozen importlib._bootstrap>", line 488, in _call_with_frames_removed
  File "/opt/airflow/dags/fraud_detection_training_dag.py", line 19
    dag_id:'fraud_detection_training',
          ^
SyntaxError: invalid syntax
[2025-10-06T19:01:39.089+0000] {processor.py:927} WARNING - No viable dags retrieved from /opt/airflow/dags/fraud_detection_training_dag.py
[2025-10-06T19:01:39.160+0000] {processor.py:208} INFO - Processing /opt/airflow/dags/fraud_detection_training_dag.py took 0.146 seconds
[2025-10-06T19:02:09.834+0000] {processor.py:186} INFO - Started process (PID=1437) to work on /opt/airflow/dags/fraud_detection_training_dag.py
[2025-10-06T19:02:09.840+0000] {processor.py:914} INFO - Processing file /opt/airflow/dags/fraud_detection_training_dag.py for tasks to queue
[2025-10-06T19:02:09.847+0000] {logging_mixin.py:190} INFO - [2025-10-06T19:02:09.847+0000] {dagbag.py:588} INFO - Filling up the DagBag from /opt/airflow/dags/fraud_detection_training_dag.py
[2025-10-06T19:02:09.858+0000] {logging_mixin.py:190} INFO - [2025-10-06T19:02:09.854+0000] {dagbag.py:387} ERROR - Failed to import: /opt/airflow/dags/fraud_detection_training_dag.py
Traceback (most recent call last):
  File "/home/airflow/.local/lib/python3.12/site-packages/airflow/models/dagbag.py", line 383, in parse
    loader.exec_module(new_module)
  File "<frozen importlib._bootstrap_external>", line 995, in exec_module
  File "<frozen importlib._bootstrap_external>", line 1133, in get_code
  File "<frozen importlib._bootstrap_external>", line 1063, in source_to_code
  File "<frozen importlib._bootstrap>", line 488, in _call_with_frames_removed
  File "/opt/airflow/dags/fraud_detection_training_dag.py", line 19
    dag_id:'fraud_detection_training',
          ^
SyntaxError: invalid syntax
[2025-10-06T19:02:09.859+0000] {processor.py:927} WARNING - No viable dags retrieved from /opt/airflow/dags/fraud_detection_training_dag.py
[2025-10-06T19:02:09.892+0000] {processor.py:208} INFO - Processing /opt/airflow/dags/fraud_detection_training_dag.py took 0.084 seconds
[2025-10-06T19:02:40.727+0000] {processor.py:186} INFO - Started process (PID=1443) to work on /opt/airflow/dags/fraud_detection_training_dag.py
[2025-10-06T19:02:40.730+0000] {processor.py:914} INFO - Processing file /opt/airflow/dags/fraud_detection_training_dag.py for tasks to queue
[2025-10-06T19:02:40.738+0000] {logging_mixin.py:190} INFO - [2025-10-06T19:02:40.738+0000] {dagbag.py:588} INFO - Filling up the DagBag from /opt/airflow/dags/fraud_detection_training_dag.py
[2025-10-06T19:02:40.749+0000] {logging_mixin.py:190} INFO - [2025-10-06T19:02:40.744+0000] {dagbag.py:387} ERROR - Failed to import: /opt/airflow/dags/fraud_detection_training_dag.py
Traceback (most recent call last):
  File "/home/airflow/.local/lib/python3.12/site-packages/airflow/models/dagbag.py", line 383, in parse
    loader.exec_module(new_module)
  File "<frozen importlib._bootstrap_external>", line 995, in exec_module
  File "<frozen importlib._bootstrap_external>", line 1133, in get_code
  File "<frozen importlib._bootstrap_external>", line 1063, in source_to_code
  File "<frozen importlib._bootstrap>", line 488, in _call_with_frames_removed
  File "/opt/airflow/dags/fraud_detection_training_dag.py", line 19
    dag_id:'fraud_detection_training',
          ^
SyntaxError: invalid syntax
[2025-10-06T19:02:40.750+0000] {processor.py:927} WARNING - No viable dags retrieved from /opt/airflow/dags/fraud_detection_training_dag.py
[2025-10-06T19:02:40.784+0000] {processor.py:208} INFO - Processing /opt/airflow/dags/fraud_detection_training_dag.py took 0.071 seconds
[2025-10-06T19:03:11.687+0000] {processor.py:186} INFO - Started process (PID=1450) to work on /opt/airflow/dags/fraud_detection_training_dag.py
[2025-10-06T19:03:11.689+0000] {processor.py:914} INFO - Processing file /opt/airflow/dags/fraud_detection_training_dag.py for tasks to queue
[2025-10-06T19:03:11.693+0000] {logging_mixin.py:190} INFO - [2025-10-06T19:03:11.692+0000] {dagbag.py:588} INFO - Filling up the DagBag from /opt/airflow/dags/fraud_detection_training_dag.py
[2025-10-06T19:03:11.707+0000] {logging_mixin.py:190} INFO - [2025-10-06T19:03:11.703+0000] {dagbag.py:387} ERROR - Failed to import: /opt/airflow/dags/fraud_detection_training_dag.py
Traceback (most recent call last):
  File "/home/airflow/.local/lib/python3.12/site-packages/airflow/models/dagbag.py", line 383, in parse
    loader.exec_module(new_module)
  File "<frozen importlib._bootstrap_external>", line 995, in exec_module
  File "<frozen importlib._bootstrap_external>", line 1133, in get_code
  File "<frozen importlib._bootstrap_external>", line 1063, in source_to_code
  File "<frozen importlib._bootstrap>", line 488, in _call_with_frames_removed
  File "/opt/airflow/dags/fraud_detection_training_dag.py", line 19
    dag_id:'fraud_detection_training',
          ^
SyntaxError: invalid syntax
[2025-10-06T19:03:11.707+0000] {processor.py:927} WARNING - No viable dags retrieved from /opt/airflow/dags/fraud_detection_training_dag.py
[2025-10-06T19:03:11.734+0000] {processor.py:208} INFO - Processing /opt/airflow/dags/fraud_detection_training_dag.py took 0.059 seconds
[2025-10-06T19:03:42.271+0000] {processor.py:186} INFO - Started process (PID=1457) to work on /opt/airflow/dags/fraud_detection_training_dag.py
[2025-10-06T19:03:42.273+0000] {processor.py:914} INFO - Processing file /opt/airflow/dags/fraud_detection_training_dag.py for tasks to queue
[2025-10-06T19:03:42.276+0000] {logging_mixin.py:190} INFO - [2025-10-06T19:03:42.276+0000] {dagbag.py:588} INFO - Filling up the DagBag from /opt/airflow/dags/fraud_detection_training_dag.py
[2025-10-06T19:03:42.283+0000] {logging_mixin.py:190} INFO - [2025-10-06T19:03:42.281+0000] {dagbag.py:387} ERROR - Failed to import: /opt/airflow/dags/fraud_detection_training_dag.py
Traceback (most recent call last):
  File "/home/airflow/.local/lib/python3.12/site-packages/airflow/models/dagbag.py", line 383, in parse
    loader.exec_module(new_module)
  File "<frozen importlib._bootstrap_external>", line 995, in exec_module
  File "<frozen importlib._bootstrap_external>", line 1133, in get_code
  File "<frozen importlib._bootstrap_external>", line 1063, in source_to_code
  File "<frozen importlib._bootstrap>", line 488, in _call_with_frames_removed
  File "/opt/airflow/dags/fraud_detection_training_dag.py", line 19
    dag_id:'fraud_detection_training',
          ^
SyntaxError: invalid syntax
[2025-10-06T19:03:42.283+0000] {processor.py:927} WARNING - No viable dags retrieved from /opt/airflow/dags/fraud_detection_training_dag.py
[2025-10-06T19:03:42.298+0000] {processor.py:208} INFO - Processing /opt/airflow/dags/fraud_detection_training_dag.py took 0.035 seconds
[2025-10-06T19:04:13.031+0000] {processor.py:186} INFO - Started process (PID=1464) to work on /opt/airflow/dags/fraud_detection_training_dag.py
[2025-10-06T19:04:13.033+0000] {processor.py:914} INFO - Processing file /opt/airflow/dags/fraud_detection_training_dag.py for tasks to queue
[2025-10-06T19:04:13.038+0000] {logging_mixin.py:190} INFO - [2025-10-06T19:04:13.038+0000] {dagbag.py:588} INFO - Filling up the DagBag from /opt/airflow/dags/fraud_detection_training_dag.py
[2025-10-06T19:04:13.058+0000] {logging_mixin.py:190} INFO - [2025-10-06T19:04:13.056+0000] {dagbag.py:387} ERROR - Failed to import: /opt/airflow/dags/fraud_detection_training_dag.py
Traceback (most recent call last):
  File "/home/airflow/.local/lib/python3.12/site-packages/airflow/models/dagbag.py", line 383, in parse
    loader.exec_module(new_module)
  File "<frozen importlib._bootstrap_external>", line 995, in exec_module
  File "<frozen importlib._bootstrap_external>", line 1133, in get_code
  File "<frozen importlib._bootstrap_external>", line 1063, in source_to_code
  File "<frozen importlib._bootstrap>", line 488, in _call_with_frames_removed
  File "/opt/airflow/dags/fraud_detection_training_dag.py", line 19
    dag_id:'fraud_detection_training',
          ^
SyntaxError: invalid syntax
[2025-10-06T19:04:13.058+0000] {processor.py:927} WARNING - No viable dags retrieved from /opt/airflow/dags/fraud_detection_training_dag.py
[2025-10-06T19:04:13.087+0000] {processor.py:208} INFO - Processing /opt/airflow/dags/fraud_detection_training_dag.py took 0.066 seconds
[2025-10-06T19:04:43.867+0000] {processor.py:186} INFO - Started process (PID=1471) to work on /opt/airflow/dags/fraud_detection_training_dag.py
[2025-10-06T19:04:43.869+0000] {processor.py:914} INFO - Processing file /opt/airflow/dags/fraud_detection_training_dag.py for tasks to queue
[2025-10-06T19:04:43.877+0000] {logging_mixin.py:190} INFO - [2025-10-06T19:04:43.877+0000] {dagbag.py:588} INFO - Filling up the DagBag from /opt/airflow/dags/fraud_detection_training_dag.py
[2025-10-06T19:04:43.886+0000] {logging_mixin.py:190} INFO - [2025-10-06T19:04:43.883+0000] {dagbag.py:387} ERROR - Failed to import: /opt/airflow/dags/fraud_detection_training_dag.py
Traceback (most recent call last):
  File "/home/airflow/.local/lib/python3.12/site-packages/airflow/models/dagbag.py", line 383, in parse
    loader.exec_module(new_module)
  File "<frozen importlib._bootstrap_external>", line 995, in exec_module
  File "<frozen importlib._bootstrap_external>", line 1133, in get_code
  File "<frozen importlib._bootstrap_external>", line 1063, in source_to_code
  File "<frozen importlib._bootstrap>", line 488, in _call_with_frames_removed
  File "/opt/airflow/dags/fraud_detection_training_dag.py", line 19
    dag_id:'fraud_detection_training',
          ^
SyntaxError: invalid syntax
[2025-10-06T19:04:43.886+0000] {processor.py:927} WARNING - No viable dags retrieved from /opt/airflow/dags/fraud_detection_training_dag.py
[2025-10-06T19:04:43.923+0000] {processor.py:208} INFO - Processing /opt/airflow/dags/fraud_detection_training_dag.py took 0.069 seconds
[2025-10-06T19:06:38.707+0000] {processor.py:186} INFO - Started process (PID=1478) to work on /opt/airflow/dags/fraud_detection_training_dag.py
[2025-10-06T19:06:38.709+0000] {processor.py:914} INFO - Processing file /opt/airflow/dags/fraud_detection_training_dag.py for tasks to queue
[2025-10-06T19:06:38.713+0000] {logging_mixin.py:190} INFO - [2025-10-06T19:06:38.712+0000] {dagbag.py:588} INFO - Filling up the DagBag from /opt/airflow/dags/fraud_detection_training_dag.py
[2025-10-06T19:06:38.724+0000] {logging_mixin.py:190} INFO - [2025-10-06T19:06:38.721+0000] {dagbag.py:387} ERROR - Failed to import: /opt/airflow/dags/fraud_detection_training_dag.py
Traceback (most recent call last):
  File "/home/airflow/.local/lib/python3.12/site-packages/airflow/models/dagbag.py", line 383, in parse
    loader.exec_module(new_module)
  File "<frozen importlib._bootstrap_external>", line 995, in exec_module
  File "<frozen importlib._bootstrap_external>", line 1133, in get_code
  File "<frozen importlib._bootstrap_external>", line 1063, in source_to_code
  File "<frozen importlib._bootstrap>", line 488, in _call_with_frames_removed
  File "/opt/airflow/dags/fraud_detection_training_dag.py", line 19
    dag_id:'fraud_detection_training',
          ^
SyntaxError: invalid syntax
[2025-10-06T19:06:38.724+0000] {processor.py:927} WARNING - No viable dags retrieved from /opt/airflow/dags/fraud_detection_training_dag.py
[2025-10-06T19:06:38.758+0000] {processor.py:208} INFO - Processing /opt/airflow/dags/fraud_detection_training_dag.py took 0.062 seconds
[2025-10-06T19:09:20.440+0000] {processor.py:186} INFO - Started process (PID=1485) to work on /opt/airflow/dags/fraud_detection_training_dag.py
[2025-10-06T19:09:20.456+0000] {processor.py:914} INFO - Processing file /opt/airflow/dags/fraud_detection_training_dag.py for tasks to queue
[2025-10-06T19:09:20.481+0000] {logging_mixin.py:190} INFO - [2025-10-06T19:09:20.475+0000] {dagbag.py:588} INFO - Filling up the DagBag from /opt/airflow/dags/fraud_detection_training_dag.py
[2025-10-06T19:09:20.557+0000] {logging_mixin.py:190} INFO - [2025-10-06T19:09:20.542+0000] {dagbag.py:387} ERROR - Failed to import: /opt/airflow/dags/fraud_detection_training_dag.py
Traceback (most recent call last):
  File "/home/airflow/.local/lib/python3.12/site-packages/airflow/models/dagbag.py", line 383, in parse
    loader.exec_module(new_module)
  File "<frozen importlib._bootstrap_external>", line 995, in exec_module
  File "<frozen importlib._bootstrap_external>", line 1133, in get_code
  File "<frozen importlib._bootstrap_external>", line 1063, in source_to_code
  File "<frozen importlib._bootstrap>", line 488, in _call_with_frames_removed
  File "/opt/airflow/dags/fraud_detection_training_dag.py", line 19
    dag_id:'fraud_detection_training',
          ^
SyntaxError: invalid syntax
[2025-10-06T19:09:20.580+0000] {processor.py:927} WARNING - No viable dags retrieved from /opt/airflow/dags/fraud_detection_training_dag.py
[2025-10-06T19:09:20.991+0000] {processor.py:208} INFO - Processing /opt/airflow/dags/fraud_detection_training_dag.py took 0.584 seconds
[2025-10-06T19:09:51.406+0000] {processor.py:186} INFO - Started process (PID=1492) to work on /opt/airflow/dags/fraud_detection_training_dag.py
[2025-10-06T19:09:51.408+0000] {processor.py:914} INFO - Processing file /opt/airflow/dags/fraud_detection_training_dag.py for tasks to queue
[2025-10-06T19:09:51.412+0000] {logging_mixin.py:190} INFO - [2025-10-06T19:09:51.411+0000] {dagbag.py:588} INFO - Filling up the DagBag from /opt/airflow/dags/fraud_detection_training_dag.py
[2025-10-06T19:09:51.420+0000] {logging_mixin.py:190} INFO - [2025-10-06T19:09:51.418+0000] {dagbag.py:387} ERROR - Failed to import: /opt/airflow/dags/fraud_detection_training_dag.py
Traceback (most recent call last):
  File "/home/airflow/.local/lib/python3.12/site-packages/airflow/models/dagbag.py", line 383, in parse
    loader.exec_module(new_module)
  File "<frozen importlib._bootstrap_external>", line 995, in exec_module
  File "<frozen importlib._bootstrap_external>", line 1133, in get_code
  File "<frozen importlib._bootstrap_external>", line 1063, in source_to_code
  File "<frozen importlib._bootstrap>", line 488, in _call_with_frames_removed
  File "/opt/airflow/dags/fraud_detection_training_dag.py", line 19
    dag_id:'fraud_detection_training',
          ^
SyntaxError: invalid syntax
[2025-10-06T19:09:51.420+0000] {processor.py:927} WARNING - No viable dags retrieved from /opt/airflow/dags/fraud_detection_training_dag.py
[2025-10-06T19:09:51.445+0000] {processor.py:208} INFO - Processing /opt/airflow/dags/fraud_detection_training_dag.py took 0.048 seconds
[2025-10-06T19:10:59.761+0000] {processor.py:186} INFO - Started process (PID=1499) to work on /opt/airflow/dags/fraud_detection_training_dag.py
[2025-10-06T19:10:59.762+0000] {processor.py:914} INFO - Processing file /opt/airflow/dags/fraud_detection_training_dag.py for tasks to queue
[2025-10-06T19:10:59.765+0000] {logging_mixin.py:190} INFO - [2025-10-06T19:10:59.765+0000] {dagbag.py:588} INFO - Filling up the DagBag from /opt/airflow/dags/fraud_detection_training_dag.py
[2025-10-06T19:10:59.772+0000] {logging_mixin.py:190} INFO - [2025-10-06T19:10:59.769+0000] {dagbag.py:387} ERROR - Failed to import: /opt/airflow/dags/fraud_detection_training_dag.py
Traceback (most recent call last):
  File "/home/airflow/.local/lib/python3.12/site-packages/airflow/models/dagbag.py", line 383, in parse
    loader.exec_module(new_module)
  File "<frozen importlib._bootstrap_external>", line 995, in exec_module
  File "<frozen importlib._bootstrap_external>", line 1133, in get_code
  File "<frozen importlib._bootstrap_external>", line 1063, in source_to_code
  File "<frozen importlib._bootstrap>", line 488, in _call_with_frames_removed
  File "/opt/airflow/dags/fraud_detection_training_dag.py", line 19
    dag_id:'fraud_detection_training',
          ^
SyntaxError: invalid syntax
[2025-10-06T19:10:59.772+0000] {processor.py:927} WARNING - No viable dags retrieved from /opt/airflow/dags/fraud_detection_training_dag.py
[2025-10-06T19:10:59.791+0000] {processor.py:208} INFO - Processing /opt/airflow/dags/fraud_detection_training_dag.py took 0.037 seconds
[2025-10-06T19:11:30.195+0000] {processor.py:186} INFO - Started process (PID=1506) to work on /opt/airflow/dags/fraud_detection_training_dag.py
[2025-10-06T19:11:30.197+0000] {processor.py:914} INFO - Processing file /opt/airflow/dags/fraud_detection_training_dag.py for tasks to queue
[2025-10-06T19:11:30.204+0000] {logging_mixin.py:190} INFO - [2025-10-06T19:11:30.202+0000] {dagbag.py:588} INFO - Filling up the DagBag from /opt/airflow/dags/fraud_detection_training_dag.py
[2025-10-06T19:11:30.211+0000] {logging_mixin.py:190} INFO - [2025-10-06T19:11:30.209+0000] {dagbag.py:387} ERROR - Failed to import: /opt/airflow/dags/fraud_detection_training_dag.py
Traceback (most recent call last):
  File "/home/airflow/.local/lib/python3.12/site-packages/airflow/models/dagbag.py", line 383, in parse
    loader.exec_module(new_module)
  File "<frozen importlib._bootstrap_external>", line 995, in exec_module
  File "<frozen importlib._bootstrap_external>", line 1133, in get_code
  File "<frozen importlib._bootstrap_external>", line 1063, in source_to_code
  File "<frozen importlib._bootstrap>", line 488, in _call_with_frames_removed
  File "/opt/airflow/dags/fraud_detection_training_dag.py", line 19
    dag_id:'fraud_detection_training',
          ^
SyntaxError: invalid syntax
[2025-10-06T19:11:30.212+0000] {processor.py:927} WARNING - No viable dags retrieved from /opt/airflow/dags/fraud_detection_training_dag.py
[2025-10-06T19:11:30.240+0000] {processor.py:208} INFO - Processing /opt/airflow/dags/fraud_detection_training_dag.py took 0.058 seconds
[2025-10-06T19:14:54.323+0000] {processor.py:186} INFO - Started process (PID=1513) to work on /opt/airflow/dags/fraud_detection_training_dag.py
[2025-10-06T19:14:54.324+0000] {processor.py:914} INFO - Processing file /opt/airflow/dags/fraud_detection_training_dag.py for tasks to queue
[2025-10-06T19:14:54.328+0000] {logging_mixin.py:190} INFO - [2025-10-06T19:14:54.327+0000] {dagbag.py:588} INFO - Filling up the DagBag from /opt/airflow/dags/fraud_detection_training_dag.py
[2025-10-06T19:14:54.336+0000] {logging_mixin.py:190} INFO - [2025-10-06T19:14:54.334+0000] {dagbag.py:387} ERROR - Failed to import: /opt/airflow/dags/fraud_detection_training_dag.py
Traceback (most recent call last):
  File "/home/airflow/.local/lib/python3.12/site-packages/airflow/models/dagbag.py", line 383, in parse
    loader.exec_module(new_module)
  File "<frozen importlib._bootstrap_external>", line 995, in exec_module
  File "<frozen importlib._bootstrap_external>", line 1133, in get_code
  File "<frozen importlib._bootstrap_external>", line 1063, in source_to_code
  File "<frozen importlib._bootstrap>", line 488, in _call_with_frames_removed
  File "/opt/airflow/dags/fraud_detection_training_dag.py", line 19
    dag_id:'fraud_detection_training',
          ^
SyntaxError: invalid syntax
[2025-10-06T19:14:54.336+0000] {processor.py:927} WARNING - No viable dags retrieved from /opt/airflow/dags/fraud_detection_training_dag.py
[2025-10-06T19:14:54.361+0000] {processor.py:208} INFO - Processing /opt/airflow/dags/fraud_detection_training_dag.py took 0.048 seconds
[2025-10-06T19:15:29.852+0000] {processor.py:186} INFO - Started process (PID=1520) to work on /opt/airflow/dags/fraud_detection_training_dag.py
[2025-10-06T19:15:29.853+0000] {processor.py:914} INFO - Processing file /opt/airflow/dags/fraud_detection_training_dag.py for tasks to queue
[2025-10-06T19:15:29.856+0000] {logging_mixin.py:190} INFO - [2025-10-06T19:15:29.855+0000] {dagbag.py:588} INFO - Filling up the DagBag from /opt/airflow/dags/fraud_detection_training_dag.py
[2025-10-06T19:15:29.862+0000] {logging_mixin.py:190} INFO - [2025-10-06T19:15:29.860+0000] {dagbag.py:387} ERROR - Failed to import: /opt/airflow/dags/fraud_detection_training_dag.py
Traceback (most recent call last):
  File "/home/airflow/.local/lib/python3.12/site-packages/airflow/models/dagbag.py", line 383, in parse
    loader.exec_module(new_module)
  File "<frozen importlib._bootstrap_external>", line 995, in exec_module
  File "<frozen importlib._bootstrap_external>", line 1133, in get_code
  File "<frozen importlib._bootstrap_external>", line 1063, in source_to_code
  File "<frozen importlib._bootstrap>", line 488, in _call_with_frames_removed
  File "/opt/airflow/dags/fraud_detection_training_dag.py", line 19
    dag_id:'fraud_detection_training',
          ^
SyntaxError: invalid syntax
[2025-10-06T19:15:29.862+0000] {processor.py:927} WARNING - No viable dags retrieved from /opt/airflow/dags/fraud_detection_training_dag.py
[2025-10-06T19:15:29.880+0000] {processor.py:208} INFO - Processing /opt/airflow/dags/fraud_detection_training_dag.py took 0.035 seconds
[2025-10-06T19:16:00.728+0000] {processor.py:186} INFO - Started process (PID=1527) to work on /opt/airflow/dags/fraud_detection_training_dag.py
[2025-10-06T19:16:00.730+0000] {processor.py:914} INFO - Processing file /opt/airflow/dags/fraud_detection_training_dag.py for tasks to queue
[2025-10-06T19:16:00.734+0000] {logging_mixin.py:190} INFO - [2025-10-06T19:16:00.733+0000] {dagbag.py:588} INFO - Filling up the DagBag from /opt/airflow/dags/fraud_detection_training_dag.py
[2025-10-06T19:16:00.741+0000] {logging_mixin.py:190} INFO - [2025-10-06T19:16:00.739+0000] {dagbag.py:387} ERROR - Failed to import: /opt/airflow/dags/fraud_detection_training_dag.py
Traceback (most recent call last):
  File "/home/airflow/.local/lib/python3.12/site-packages/airflow/models/dagbag.py", line 383, in parse
    loader.exec_module(new_module)
  File "<frozen importlib._bootstrap_external>", line 995, in exec_module
  File "<frozen importlib._bootstrap_external>", line 1133, in get_code
  File "<frozen importlib._bootstrap_external>", line 1063, in source_to_code
  File "<frozen importlib._bootstrap>", line 488, in _call_with_frames_removed
  File "/opt/airflow/dags/fraud_detection_training_dag.py", line 19
    dag_id:'fraud_detection_training',
          ^
SyntaxError: invalid syntax
[2025-10-06T19:16:00.742+0000] {processor.py:927} WARNING - No viable dags retrieved from /opt/airflow/dags/fraud_detection_training_dag.py
[2025-10-06T19:16:00.763+0000] {processor.py:208} INFO - Processing /opt/airflow/dags/fraud_detection_training_dag.py took 0.044 seconds
[2025-10-06T19:16:31.557+0000] {processor.py:186} INFO - Started process (PID=1533) to work on /opt/airflow/dags/fraud_detection_training_dag.py
[2025-10-06T19:16:31.560+0000] {processor.py:914} INFO - Processing file /opt/airflow/dags/fraud_detection_training_dag.py for tasks to queue
[2025-10-06T19:16:31.565+0000] {logging_mixin.py:190} INFO - [2025-10-06T19:16:31.564+0000] {dagbag.py:588} INFO - Filling up the DagBag from /opt/airflow/dags/fraud_detection_training_dag.py
[2025-10-06T19:16:31.574+0000] {logging_mixin.py:190} INFO - [2025-10-06T19:16:31.572+0000] {dagbag.py:387} ERROR - Failed to import: /opt/airflow/dags/fraud_detection_training_dag.py
Traceback (most recent call last):
  File "/home/airflow/.local/lib/python3.12/site-packages/airflow/models/dagbag.py", line 383, in parse
    loader.exec_module(new_module)
  File "<frozen importlib._bootstrap_external>", line 995, in exec_module
  File "<frozen importlib._bootstrap_external>", line 1133, in get_code
  File "<frozen importlib._bootstrap_external>", line 1063, in source_to_code
  File "<frozen importlib._bootstrap>", line 488, in _call_with_frames_removed
  File "/opt/airflow/dags/fraud_detection_training_dag.py", line 19
    dag_id:'fraud_detection_training',
          ^
SyntaxError: invalid syntax
[2025-10-06T19:16:31.575+0000] {processor.py:927} WARNING - No viable dags retrieved from /opt/airflow/dags/fraud_detection_training_dag.py
[2025-10-06T19:16:31.601+0000] {processor.py:208} INFO - Processing /opt/airflow/dags/fraud_detection_training_dag.py took 0.053 seconds
[2025-10-06T19:31:59.309+0000] {processor.py:186} INFO - Started process (PID=1540) to work on /opt/airflow/dags/fraud_detection_training_dag.py
[2025-10-06T19:31:59.310+0000] {processor.py:914} INFO - Processing file /opt/airflow/dags/fraud_detection_training_dag.py for tasks to queue
[2025-10-06T19:31:59.313+0000] {logging_mixin.py:190} INFO - [2025-10-06T19:31:59.313+0000] {dagbag.py:588} INFO - Filling up the DagBag from /opt/airflow/dags/fraud_detection_training_dag.py
[2025-10-06T19:31:59.321+0000] {logging_mixin.py:190} INFO - [2025-10-06T19:31:59.318+0000] {dagbag.py:387} ERROR - Failed to import: /opt/airflow/dags/fraud_detection_training_dag.py
Traceback (most recent call last):
  File "/home/airflow/.local/lib/python3.12/site-packages/airflow/models/dagbag.py", line 383, in parse
    loader.exec_module(new_module)
  File "<frozen importlib._bootstrap_external>", line 995, in exec_module
  File "<frozen importlib._bootstrap_external>", line 1133, in get_code
  File "<frozen importlib._bootstrap_external>", line 1063, in source_to_code
  File "<frozen importlib._bootstrap>", line 488, in _call_with_frames_removed
  File "/opt/airflow/dags/fraud_detection_training_dag.py", line 19
    dag_id:'fraud_detection_training',
          ^
SyntaxError: invalid syntax
[2025-10-06T19:31:59.322+0000] {processor.py:927} WARNING - No viable dags retrieved from /opt/airflow/dags/fraud_detection_training_dag.py
[2025-10-06T19:31:59.359+0000] {processor.py:208} INFO - Processing /opt/airflow/dags/fraud_detection_training_dag.py took 0.061 seconds
[2025-10-06T19:32:29.739+0000] {processor.py:186} INFO - Started process (PID=1547) to work on /opt/airflow/dags/fraud_detection_training_dag.py
[2025-10-06T19:32:29.741+0000] {processor.py:914} INFO - Processing file /opt/airflow/dags/fraud_detection_training_dag.py for tasks to queue
[2025-10-06T19:32:29.745+0000] {logging_mixin.py:190} INFO - [2025-10-06T19:32:29.744+0000] {dagbag.py:588} INFO - Filling up the DagBag from /opt/airflow/dags/fraud_detection_training_dag.py
[2025-10-06T19:32:29.754+0000] {logging_mixin.py:190} INFO - [2025-10-06T19:32:29.752+0000] {dagbag.py:387} ERROR - Failed to import: /opt/airflow/dags/fraud_detection_training_dag.py
Traceback (most recent call last):
  File "/home/airflow/.local/lib/python3.12/site-packages/airflow/models/dagbag.py", line 383, in parse
    loader.exec_module(new_module)
  File "<frozen importlib._bootstrap_external>", line 995, in exec_module
  File "<frozen importlib._bootstrap_external>", line 1133, in get_code
  File "<frozen importlib._bootstrap_external>", line 1063, in source_to_code
  File "<frozen importlib._bootstrap>", line 488, in _call_with_frames_removed
  File "/opt/airflow/dags/fraud_detection_training_dag.py", line 19
    dag_id:'fraud_detection_training',
          ^
SyntaxError: invalid syntax
[2025-10-06T19:32:29.755+0000] {processor.py:927} WARNING - No viable dags retrieved from /opt/airflow/dags/fraud_detection_training_dag.py
[2025-10-06T19:32:29.781+0000] {processor.py:208} INFO - Processing /opt/airflow/dags/fraud_detection_training_dag.py took 0.060 seconds
[2025-10-06T19:33:05.432+0000] {processor.py:186} INFO - Started process (PID=1554) to work on /opt/airflow/dags/fraud_detection_training_dag.py
[2025-10-06T19:33:05.433+0000] {processor.py:914} INFO - Processing file /opt/airflow/dags/fraud_detection_training_dag.py for tasks to queue
[2025-10-06T19:33:05.436+0000] {logging_mixin.py:190} INFO - [2025-10-06T19:33:05.436+0000] {dagbag.py:588} INFO - Filling up the DagBag from /opt/airflow/dags/fraud_detection_training_dag.py
[2025-10-06T19:33:05.446+0000] {logging_mixin.py:190} INFO - [2025-10-06T19:33:05.444+0000] {dagbag.py:387} ERROR - Failed to import: /opt/airflow/dags/fraud_detection_training_dag.py
Traceback (most recent call last):
  File "/home/airflow/.local/lib/python3.12/site-packages/airflow/models/dagbag.py", line 383, in parse
    loader.exec_module(new_module)
  File "<frozen importlib._bootstrap_external>", line 995, in exec_module
  File "<frozen importlib._bootstrap_external>", line 1133, in get_code
  File "<frozen importlib._bootstrap_external>", line 1063, in source_to_code
  File "<frozen importlib._bootstrap>", line 488, in _call_with_frames_removed
  File "/opt/airflow/dags/fraud_detection_training_dag.py", line 19
    dag_id:'fraud_detection_training',
          ^
SyntaxError: invalid syntax
[2025-10-06T19:33:05.447+0000] {processor.py:927} WARNING - No viable dags retrieved from /opt/airflow/dags/fraud_detection_training_dag.py
[2025-10-06T19:33:05.463+0000] {processor.py:208} INFO - Processing /opt/airflow/dags/fraud_detection_training_dag.py took 0.035 seconds
[2025-10-06T19:33:35.800+0000] {processor.py:186} INFO - Started process (PID=1561) to work on /opt/airflow/dags/fraud_detection_training_dag.py
[2025-10-06T19:33:35.801+0000] {processor.py:914} INFO - Processing file /opt/airflow/dags/fraud_detection_training_dag.py for tasks to queue
[2025-10-06T19:33:35.804+0000] {logging_mixin.py:190} INFO - [2025-10-06T19:33:35.804+0000] {dagbag.py:588} INFO - Filling up the DagBag from /opt/airflow/dags/fraud_detection_training_dag.py
[2025-10-06T19:33:35.810+0000] {logging_mixin.py:190} INFO - [2025-10-06T19:33:35.808+0000] {dagbag.py:387} ERROR - Failed to import: /opt/airflow/dags/fraud_detection_training_dag.py
Traceback (most recent call last):
  File "/home/airflow/.local/lib/python3.12/site-packages/airflow/models/dagbag.py", line 383, in parse
    loader.exec_module(new_module)
  File "<frozen importlib._bootstrap_external>", line 995, in exec_module
  File "<frozen importlib._bootstrap_external>", line 1133, in get_code
  File "<frozen importlib._bootstrap_external>", line 1063, in source_to_code
  File "<frozen importlib._bootstrap>", line 488, in _call_with_frames_removed
  File "/opt/airflow/dags/fraud_detection_training_dag.py", line 19
    dag_id:'fraud_detection_training',
          ^
SyntaxError: invalid syntax
[2025-10-06T19:33:35.810+0000] {processor.py:927} WARNING - No viable dags retrieved from /opt/airflow/dags/fraud_detection_training_dag.py
[2025-10-06T19:33:35.827+0000] {processor.py:208} INFO - Processing /opt/airflow/dags/fraud_detection_training_dag.py took 0.033 seconds
[2025-10-06T19:34:06.331+0000] {processor.py:186} INFO - Started process (PID=1568) to work on /opt/airflow/dags/fraud_detection_training_dag.py
[2025-10-06T19:34:06.333+0000] {processor.py:914} INFO - Processing file /opt/airflow/dags/fraud_detection_training_dag.py for tasks to queue
[2025-10-06T19:34:06.342+0000] {logging_mixin.py:190} INFO - [2025-10-06T19:34:06.341+0000] {dagbag.py:588} INFO - Filling up the DagBag from /opt/airflow/dags/fraud_detection_training_dag.py
[2025-10-06T19:34:06.348+0000] {logging_mixin.py:190} INFO - [2025-10-06T19:34:06.346+0000] {dagbag.py:387} ERROR - Failed to import: /opt/airflow/dags/fraud_detection_training_dag.py
Traceback (most recent call last):
  File "/home/airflow/.local/lib/python3.12/site-packages/airflow/models/dagbag.py", line 383, in parse
    loader.exec_module(new_module)
  File "<frozen importlib._bootstrap_external>", line 995, in exec_module
  File "<frozen importlib._bootstrap_external>", line 1133, in get_code
  File "<frozen importlib._bootstrap_external>", line 1063, in source_to_code
  File "<frozen importlib._bootstrap>", line 488, in _call_with_frames_removed
  File "/opt/airflow/dags/fraud_detection_training_dag.py", line 19
    dag_id:'fraud_detection_training',
          ^
SyntaxError: invalid syntax
[2025-10-06T19:34:06.348+0000] {processor.py:927} WARNING - No viable dags retrieved from /opt/airflow/dags/fraud_detection_training_dag.py
[2025-10-06T19:34:06.380+0000] {processor.py:208} INFO - Processing /opt/airflow/dags/fraud_detection_training_dag.py took 0.069 seconds
[2025-10-06T19:34:36.737+0000] {processor.py:186} INFO - Started process (PID=1575) to work on /opt/airflow/dags/fraud_detection_training_dag.py
[2025-10-06T19:34:36.739+0000] {processor.py:914} INFO - Processing file /opt/airflow/dags/fraud_detection_training_dag.py for tasks to queue
[2025-10-06T19:34:36.743+0000] {logging_mixin.py:190} INFO - [2025-10-06T19:34:36.742+0000] {dagbag.py:588} INFO - Filling up the DagBag from /opt/airflow/dags/fraud_detection_training_dag.py
[2025-10-06T19:34:36.751+0000] {logging_mixin.py:190} INFO - [2025-10-06T19:34:36.749+0000] {dagbag.py:387} ERROR - Failed to import: /opt/airflow/dags/fraud_detection_training_dag.py
Traceback (most recent call last):
  File "/home/airflow/.local/lib/python3.12/site-packages/airflow/models/dagbag.py", line 383, in parse
    loader.exec_module(new_module)
  File "<frozen importlib._bootstrap_external>", line 995, in exec_module
  File "<frozen importlib._bootstrap_external>", line 1133, in get_code
  File "<frozen importlib._bootstrap_external>", line 1063, in source_to_code
  File "<frozen importlib._bootstrap>", line 488, in _call_with_frames_removed
  File "/opt/airflow/dags/fraud_detection_training_dag.py", line 19
    dag_id:'fraud_detection_training',
          ^
SyntaxError: invalid syntax
[2025-10-06T19:34:36.751+0000] {processor.py:927} WARNING - No viable dags retrieved from /opt/airflow/dags/fraud_detection_training_dag.py
[2025-10-06T19:34:36.779+0000] {processor.py:208} INFO - Processing /opt/airflow/dags/fraud_detection_training_dag.py took 0.051 seconds
[2025-10-06T19:35:07.199+0000] {processor.py:186} INFO - Started process (PID=1582) to work on /opt/airflow/dags/fraud_detection_training_dag.py
[2025-10-06T19:35:07.201+0000] {processor.py:914} INFO - Processing file /opt/airflow/dags/fraud_detection_training_dag.py for tasks to queue
[2025-10-06T19:35:07.205+0000] {logging_mixin.py:190} INFO - [2025-10-06T19:35:07.205+0000] {dagbag.py:588} INFO - Filling up the DagBag from /opt/airflow/dags/fraud_detection_training_dag.py
[2025-10-06T19:35:07.213+0000] {logging_mixin.py:190} INFO - [2025-10-06T19:35:07.211+0000] {dagbag.py:387} ERROR - Failed to import: /opt/airflow/dags/fraud_detection_training_dag.py
Traceback (most recent call last):
  File "/home/airflow/.local/lib/python3.12/site-packages/airflow/models/dagbag.py", line 383, in parse
    loader.exec_module(new_module)
  File "<frozen importlib._bootstrap_external>", line 995, in exec_module
  File "<frozen importlib._bootstrap_external>", line 1133, in get_code
  File "<frozen importlib._bootstrap_external>", line 1063, in source_to_code
  File "<frozen importlib._bootstrap>", line 488, in _call_with_frames_removed
  File "/opt/airflow/dags/fraud_detection_training_dag.py", line 19
    dag_id:'fraud_detection_training',
          ^
SyntaxError: invalid syntax
[2025-10-06T19:35:07.213+0000] {processor.py:927} WARNING - No viable dags retrieved from /opt/airflow/dags/fraud_detection_training_dag.py
[2025-10-06T19:35:07.237+0000] {processor.py:208} INFO - Processing /opt/airflow/dags/fraud_detection_training_dag.py took 0.049 seconds
[2025-10-06T19:35:37.653+0000] {processor.py:186} INFO - Started process (PID=1589) to work on /opt/airflow/dags/fraud_detection_training_dag.py
[2025-10-06T19:35:37.656+0000] {processor.py:914} INFO - Processing file /opt/airflow/dags/fraud_detection_training_dag.py for tasks to queue
[2025-10-06T19:35:37.660+0000] {logging_mixin.py:190} INFO - [2025-10-06T19:35:37.659+0000] {dagbag.py:588} INFO - Filling up the DagBag from /opt/airflow/dags/fraud_detection_training_dag.py
[2025-10-06T19:35:37.667+0000] {logging_mixin.py:190} INFO - [2025-10-06T19:35:37.665+0000] {dagbag.py:387} ERROR - Failed to import: /opt/airflow/dags/fraud_detection_training_dag.py
Traceback (most recent call last):
  File "/home/airflow/.local/lib/python3.12/site-packages/airflow/models/dagbag.py", line 383, in parse
    loader.exec_module(new_module)
  File "<frozen importlib._bootstrap_external>", line 995, in exec_module
  File "<frozen importlib._bootstrap_external>", line 1133, in get_code
  File "<frozen importlib._bootstrap_external>", line 1063, in source_to_code
  File "<frozen importlib._bootstrap>", line 488, in _call_with_frames_removed
  File "/opt/airflow/dags/fraud_detection_training_dag.py", line 19
    dag_id:'fraud_detection_training',
          ^
SyntaxError: invalid syntax
[2025-10-06T19:35:37.668+0000] {processor.py:927} WARNING - No viable dags retrieved from /opt/airflow/dags/fraud_detection_training_dag.py
[2025-10-06T19:35:37.688+0000] {processor.py:208} INFO - Processing /opt/airflow/dags/fraud_detection_training_dag.py took 0.042 seconds
[2025-10-06T19:36:08.051+0000] {processor.py:186} INFO - Started process (PID=1596) to work on /opt/airflow/dags/fraud_detection_training_dag.py
[2025-10-06T19:36:08.052+0000] {processor.py:914} INFO - Processing file /opt/airflow/dags/fraud_detection_training_dag.py for tasks to queue
[2025-10-06T19:36:08.057+0000] {logging_mixin.py:190} INFO - [2025-10-06T19:36:08.056+0000] {dagbag.py:588} INFO - Filling up the DagBag from /opt/airflow/dags/fraud_detection_training_dag.py
[2025-10-06T19:36:08.070+0000] {logging_mixin.py:190} INFO - [2025-10-06T19:36:08.068+0000] {dagbag.py:387} ERROR - Failed to import: /opt/airflow/dags/fraud_detection_training_dag.py
Traceback (most recent call last):
  File "/home/airflow/.local/lib/python3.12/site-packages/airflow/models/dagbag.py", line 383, in parse
    loader.exec_module(new_module)
  File "<frozen importlib._bootstrap_external>", line 995, in exec_module
  File "<frozen importlib._bootstrap_external>", line 1133, in get_code
  File "<frozen importlib._bootstrap_external>", line 1063, in source_to_code
  File "<frozen importlib._bootstrap>", line 488, in _call_with_frames_removed
  File "/opt/airflow/dags/fraud_detection_training_dag.py", line 19
    dag_id:'fraud_detection_training',
          ^
SyntaxError: invalid syntax
[2025-10-06T19:36:08.070+0000] {processor.py:927} WARNING - No viable dags retrieved from /opt/airflow/dags/fraud_detection_training_dag.py
[2025-10-06T19:36:08.096+0000] {processor.py:208} INFO - Processing /opt/airflow/dags/fraud_detection_training_dag.py took 0.058 seconds
[2025-10-06T19:36:38.561+0000] {processor.py:186} INFO - Started process (PID=1603) to work on /opt/airflow/dags/fraud_detection_training_dag.py
[2025-10-06T19:36:38.563+0000] {processor.py:914} INFO - Processing file /opt/airflow/dags/fraud_detection_training_dag.py for tasks to queue
[2025-10-06T19:36:38.567+0000] {logging_mixin.py:190} INFO - [2025-10-06T19:36:38.566+0000] {dagbag.py:588} INFO - Filling up the DagBag from /opt/airflow/dags/fraud_detection_training_dag.py
[2025-10-06T19:36:38.574+0000] {logging_mixin.py:190} INFO - [2025-10-06T19:36:38.572+0000] {dagbag.py:387} ERROR - Failed to import: /opt/airflow/dags/fraud_detection_training_dag.py
Traceback (most recent call last):
  File "/home/airflow/.local/lib/python3.12/site-packages/airflow/models/dagbag.py", line 383, in parse
    loader.exec_module(new_module)
  File "<frozen importlib._bootstrap_external>", line 995, in exec_module
  File "<frozen importlib._bootstrap_external>", line 1133, in get_code
  File "<frozen importlib._bootstrap_external>", line 1063, in source_to_code
  File "<frozen importlib._bootstrap>", line 488, in _call_with_frames_removed
  File "/opt/airflow/dags/fraud_detection_training_dag.py", line 19
    dag_id:'fraud_detection_training',
          ^
SyntaxError: invalid syntax
[2025-10-06T19:36:38.574+0000] {processor.py:927} WARNING - No viable dags retrieved from /opt/airflow/dags/fraud_detection_training_dag.py
[2025-10-06T19:36:38.596+0000] {processor.py:208} INFO - Processing /opt/airflow/dags/fraud_detection_training_dag.py took 0.045 seconds
[2025-10-06T19:37:09.347+0000] {processor.py:186} INFO - Started process (PID=1610) to work on /opt/airflow/dags/fraud_detection_training_dag.py
[2025-10-06T19:37:09.349+0000] {processor.py:914} INFO - Processing file /opt/airflow/dags/fraud_detection_training_dag.py for tasks to queue
[2025-10-06T19:37:09.352+0000] {logging_mixin.py:190} INFO - [2025-10-06T19:37:09.352+0000] {dagbag.py:588} INFO - Filling up the DagBag from /opt/airflow/dags/fraud_detection_training_dag.py
[2025-10-06T19:37:09.358+0000] {logging_mixin.py:190} INFO - [2025-10-06T19:37:09.357+0000] {dagbag.py:387} ERROR - Failed to import: /opt/airflow/dags/fraud_detection_training_dag.py
Traceback (most recent call last):
  File "/home/airflow/.local/lib/python3.12/site-packages/airflow/models/dagbag.py", line 383, in parse
    loader.exec_module(new_module)
  File "<frozen importlib._bootstrap_external>", line 995, in exec_module
  File "<frozen importlib._bootstrap_external>", line 1133, in get_code
  File "<frozen importlib._bootstrap_external>", line 1063, in source_to_code
  File "<frozen importlib._bootstrap>", line 488, in _call_with_frames_removed
  File "/opt/airflow/dags/fraud_detection_training_dag.py", line 19
    dag_id:'fraud_detection_training',
          ^
SyntaxError: invalid syntax
[2025-10-06T19:37:09.359+0000] {processor.py:927} WARNING - No viable dags retrieved from /opt/airflow/dags/fraud_detection_training_dag.py
[2025-10-06T19:37:09.380+0000] {processor.py:208} INFO - Processing /opt/airflow/dags/fraud_detection_training_dag.py took 0.041 seconds
[2025-10-06T19:37:39.833+0000] {processor.py:186} INFO - Started process (PID=1617) to work on /opt/airflow/dags/fraud_detection_training_dag.py
[2025-10-06T19:37:39.835+0000] {processor.py:914} INFO - Processing file /opt/airflow/dags/fraud_detection_training_dag.py for tasks to queue
[2025-10-06T19:37:39.838+0000] {logging_mixin.py:190} INFO - [2025-10-06T19:37:39.838+0000] {dagbag.py:588} INFO - Filling up the DagBag from /opt/airflow/dags/fraud_detection_training_dag.py
[2025-10-06T19:37:39.858+0000] {logging_mixin.py:190} INFO - [2025-10-06T19:37:39.852+0000] {dagbag.py:387} ERROR - Failed to import: /opt/airflow/dags/fraud_detection_training_dag.py
Traceback (most recent call last):
  File "/home/airflow/.local/lib/python3.12/site-packages/airflow/models/dagbag.py", line 383, in parse
    loader.exec_module(new_module)
  File "<frozen importlib._bootstrap_external>", line 995, in exec_module
  File "<frozen importlib._bootstrap_external>", line 1133, in get_code
  File "<frozen importlib._bootstrap_external>", line 1063, in source_to_code
  File "<frozen importlib._bootstrap>", line 488, in _call_with_frames_removed
  File "/opt/airflow/dags/fraud_detection_training_dag.py", line 19
    dag_id:'fraud_detection_training',
          ^
SyntaxError: invalid syntax
[2025-10-06T19:37:39.858+0000] {processor.py:927} WARNING - No viable dags retrieved from /opt/airflow/dags/fraud_detection_training_dag.py
[2025-10-06T19:37:39.892+0000] {processor.py:208} INFO - Processing /opt/airflow/dags/fraud_detection_training_dag.py took 0.067 seconds
[2025-10-06T19:38:10.255+0000] {processor.py:186} INFO - Started process (PID=1623) to work on /opt/airflow/dags/fraud_detection_training_dag.py
[2025-10-06T19:38:10.257+0000] {processor.py:914} INFO - Processing file /opt/airflow/dags/fraud_detection_training_dag.py for tasks to queue
[2025-10-06T19:38:10.262+0000] {logging_mixin.py:190} INFO - [2025-10-06T19:38:10.262+0000] {dagbag.py:588} INFO - Filling up the DagBag from /opt/airflow/dags/fraud_detection_training_dag.py
[2025-10-06T19:38:10.269+0000] {logging_mixin.py:190} INFO - [2025-10-06T19:38:10.267+0000] {dagbag.py:387} ERROR - Failed to import: /opt/airflow/dags/fraud_detection_training_dag.py
Traceback (most recent call last):
  File "/home/airflow/.local/lib/python3.12/site-packages/airflow/models/dagbag.py", line 383, in parse
    loader.exec_module(new_module)
  File "<frozen importlib._bootstrap_external>", line 995, in exec_module
  File "<frozen importlib._bootstrap_external>", line 1133, in get_code
  File "<frozen importlib._bootstrap_external>", line 1063, in source_to_code
  File "<frozen importlib._bootstrap>", line 488, in _call_with_frames_removed
  File "/opt/airflow/dags/fraud_detection_training_dag.py", line 19
    dag_id:'fraud_detection_training',
          ^
SyntaxError: invalid syntax
[2025-10-06T19:38:10.269+0000] {processor.py:927} WARNING - No viable dags retrieved from /opt/airflow/dags/fraud_detection_training_dag.py
[2025-10-06T19:38:10.297+0000] {processor.py:208} INFO - Processing /opt/airflow/dags/fraud_detection_training_dag.py took 0.052 seconds
[2025-10-06T19:38:40.657+0000] {processor.py:186} INFO - Started process (PID=1630) to work on /opt/airflow/dags/fraud_detection_training_dag.py
[2025-10-06T19:38:40.659+0000] {processor.py:914} INFO - Processing file /opt/airflow/dags/fraud_detection_training_dag.py for tasks to queue
[2025-10-06T19:38:40.664+0000] {logging_mixin.py:190} INFO - [2025-10-06T19:38:40.664+0000] {dagbag.py:588} INFO - Filling up the DagBag from /opt/airflow/dags/fraud_detection_training_dag.py
[2025-10-06T19:38:40.671+0000] {logging_mixin.py:190} INFO - [2025-10-06T19:38:40.670+0000] {dagbag.py:387} ERROR - Failed to import: /opt/airflow/dags/fraud_detection_training_dag.py
Traceback (most recent call last):
  File "/home/airflow/.local/lib/python3.12/site-packages/airflow/models/dagbag.py", line 383, in parse
    loader.exec_module(new_module)
  File "<frozen importlib._bootstrap_external>", line 995, in exec_module
  File "<frozen importlib._bootstrap_external>", line 1133, in get_code
  File "<frozen importlib._bootstrap_external>", line 1063, in source_to_code
  File "<frozen importlib._bootstrap>", line 488, in _call_with_frames_removed
  File "/opt/airflow/dags/fraud_detection_training_dag.py", line 19
    dag_id:'fraud_detection_training',
          ^
SyntaxError: invalid syntax
[2025-10-06T19:38:40.671+0000] {processor.py:927} WARNING - No viable dags retrieved from /opt/airflow/dags/fraud_detection_training_dag.py
[2025-10-06T19:38:40.690+0000] {processor.py:208} INFO - Processing /opt/airflow/dags/fraud_detection_training_dag.py took 0.039 seconds
[2025-10-06T19:39:11.166+0000] {processor.py:186} INFO - Started process (PID=1637) to work on /opt/airflow/dags/fraud_detection_training_dag.py
[2025-10-06T19:39:11.167+0000] {processor.py:914} INFO - Processing file /opt/airflow/dags/fraud_detection_training_dag.py for tasks to queue
[2025-10-06T19:39:11.170+0000] {logging_mixin.py:190} INFO - [2025-10-06T19:39:11.170+0000] {dagbag.py:588} INFO - Filling up the DagBag from /opt/airflow/dags/fraud_detection_training_dag.py
[2025-10-06T19:39:11.176+0000] {logging_mixin.py:190} INFO - [2025-10-06T19:39:11.174+0000] {dagbag.py:387} ERROR - Failed to import: /opt/airflow/dags/fraud_detection_training_dag.py
Traceback (most recent call last):
  File "/home/airflow/.local/lib/python3.12/site-packages/airflow/models/dagbag.py", line 383, in parse
    loader.exec_module(new_module)
  File "<frozen importlib._bootstrap_external>", line 995, in exec_module
  File "<frozen importlib._bootstrap_external>", line 1133, in get_code
  File "<frozen importlib._bootstrap_external>", line 1063, in source_to_code
  File "<frozen importlib._bootstrap>", line 488, in _call_with_frames_removed
  File "/opt/airflow/dags/fraud_detection_training_dag.py", line 19
    dag_id:'fraud_detection_training',
          ^
SyntaxError: invalid syntax
[2025-10-06T19:39:11.176+0000] {processor.py:927} WARNING - No viable dags retrieved from /opt/airflow/dags/fraud_detection_training_dag.py
[2025-10-06T19:39:11.194+0000] {processor.py:208} INFO - Processing /opt/airflow/dags/fraud_detection_training_dag.py took 0.035 seconds
[2025-10-06T19:39:41.609+0000] {processor.py:186} INFO - Started process (PID=1644) to work on /opt/airflow/dags/fraud_detection_training_dag.py
[2025-10-06T19:39:41.610+0000] {processor.py:914} INFO - Processing file /opt/airflow/dags/fraud_detection_training_dag.py for tasks to queue
[2025-10-06T19:39:41.614+0000] {logging_mixin.py:190} INFO - [2025-10-06T19:39:41.613+0000] {dagbag.py:588} INFO - Filling up the DagBag from /opt/airflow/dags/fraud_detection_training_dag.py
[2025-10-06T19:39:41.621+0000] {logging_mixin.py:190} INFO - [2025-10-06T19:39:41.619+0000] {dagbag.py:387} ERROR - Failed to import: /opt/airflow/dags/fraud_detection_training_dag.py
Traceback (most recent call last):
  File "/home/airflow/.local/lib/python3.12/site-packages/airflow/models/dagbag.py", line 383, in parse
    loader.exec_module(new_module)
  File "<frozen importlib._bootstrap_external>", line 995, in exec_module
  File "<frozen importlib._bootstrap_external>", line 1133, in get_code
  File "<frozen importlib._bootstrap_external>", line 1063, in source_to_code
  File "<frozen importlib._bootstrap>", line 488, in _call_with_frames_removed
  File "/opt/airflow/dags/fraud_detection_training_dag.py", line 19
    dag_id:'fraud_detection_training',
          ^
SyntaxError: invalid syntax
[2025-10-06T19:39:41.621+0000] {processor.py:927} WARNING - No viable dags retrieved from /opt/airflow/dags/fraud_detection_training_dag.py
[2025-10-06T19:39:41.640+0000] {processor.py:208} INFO - Processing /opt/airflow/dags/fraud_detection_training_dag.py took 0.040 seconds
[2025-10-06T19:40:12.066+0000] {processor.py:186} INFO - Started process (PID=1651) to work on /opt/airflow/dags/fraud_detection_training_dag.py
[2025-10-06T19:40:12.067+0000] {processor.py:914} INFO - Processing file /opt/airflow/dags/fraud_detection_training_dag.py for tasks to queue
[2025-10-06T19:40:12.071+0000] {logging_mixin.py:190} INFO - [2025-10-06T19:40:12.070+0000] {dagbag.py:588} INFO - Filling up the DagBag from /opt/airflow/dags/fraud_detection_training_dag.py
[2025-10-06T19:40:12.077+0000] {logging_mixin.py:190} INFO - [2025-10-06T19:40:12.075+0000] {dagbag.py:387} ERROR - Failed to import: /opt/airflow/dags/fraud_detection_training_dag.py
Traceback (most recent call last):
  File "/home/airflow/.local/lib/python3.12/site-packages/airflow/models/dagbag.py", line 383, in parse
    loader.exec_module(new_module)
  File "<frozen importlib._bootstrap_external>", line 995, in exec_module
  File "<frozen importlib._bootstrap_external>", line 1133, in get_code
  File "<frozen importlib._bootstrap_external>", line 1063, in source_to_code
  File "<frozen importlib._bootstrap>", line 488, in _call_with_frames_removed
  File "/opt/airflow/dags/fraud_detection_training_dag.py", line 19
    dag_id:'fraud_detection_training',
          ^
SyntaxError: invalid syntax
[2025-10-06T19:40:12.077+0000] {processor.py:927} WARNING - No viable dags retrieved from /opt/airflow/dags/fraud_detection_training_dag.py
[2025-10-06T19:40:12.092+0000] {processor.py:208} INFO - Processing /opt/airflow/dags/fraud_detection_training_dag.py took 0.034 seconds
[2025-10-06T19:55:33.468+0000] {processor.py:186} INFO - Started process (PID=1658) to work on /opt/airflow/dags/fraud_detection_training_dag.py
[2025-10-06T19:55:33.470+0000] {processor.py:914} INFO - Processing file /opt/airflow/dags/fraud_detection_training_dag.py for tasks to queue
[2025-10-06T19:55:33.477+0000] {logging_mixin.py:190} INFO - [2025-10-06T19:55:33.476+0000] {dagbag.py:588} INFO - Filling up the DagBag from /opt/airflow/dags/fraud_detection_training_dag.py
[2025-10-06T19:55:33.483+0000] {logging_mixin.py:190} INFO - [2025-10-06T19:55:33.481+0000] {dagbag.py:387} ERROR - Failed to import: /opt/airflow/dags/fraud_detection_training_dag.py
Traceback (most recent call last):
  File "/home/airflow/.local/lib/python3.12/site-packages/airflow/models/dagbag.py", line 383, in parse
    loader.exec_module(new_module)
  File "<frozen importlib._bootstrap_external>", line 995, in exec_module
  File "<frozen importlib._bootstrap_external>", line 1133, in get_code
  File "<frozen importlib._bootstrap_external>", line 1063, in source_to_code
  File "<frozen importlib._bootstrap>", line 488, in _call_with_frames_removed
  File "/opt/airflow/dags/fraud_detection_training_dag.py", line 19
    dag_id:'fraud_detection_training',
          ^
SyntaxError: invalid syntax
[2025-10-06T19:55:33.484+0000] {processor.py:927} WARNING - No viable dags retrieved from /opt/airflow/dags/fraud_detection_training_dag.py
[2025-10-06T19:55:33.517+0000] {processor.py:208} INFO - Processing /opt/airflow/dags/fraud_detection_training_dag.py took 0.058 seconds
[2025-10-06T19:56:04.280+0000] {processor.py:186} INFO - Started process (PID=1665) to work on /opt/airflow/dags/fraud_detection_training_dag.py
[2025-10-06T19:56:04.282+0000] {processor.py:914} INFO - Processing file /opt/airflow/dags/fraud_detection_training_dag.py for tasks to queue
[2025-10-06T19:56:04.286+0000] {logging_mixin.py:190} INFO - [2025-10-06T19:56:04.286+0000] {dagbag.py:588} INFO - Filling up the DagBag from /opt/airflow/dags/fraud_detection_training_dag.py
[2025-10-06T19:56:04.293+0000] {logging_mixin.py:190} INFO - [2025-10-06T19:56:04.291+0000] {dagbag.py:387} ERROR - Failed to import: /opt/airflow/dags/fraud_detection_training_dag.py
Traceback (most recent call last):
  File "/home/airflow/.local/lib/python3.12/site-packages/airflow/models/dagbag.py", line 383, in parse
    loader.exec_module(new_module)
  File "<frozen importlib._bootstrap_external>", line 995, in exec_module
  File "<frozen importlib._bootstrap_external>", line 1133, in get_code
  File "<frozen importlib._bootstrap_external>", line 1063, in source_to_code
  File "<frozen importlib._bootstrap>", line 488, in _call_with_frames_removed
  File "/opt/airflow/dags/fraud_detection_training_dag.py", line 19
    dag_id:'fraud_detection_training',
          ^
SyntaxError: invalid syntax
[2025-10-06T19:56:04.293+0000] {processor.py:927} WARNING - No viable dags retrieved from /opt/airflow/dags/fraud_detection_training_dag.py
[2025-10-06T19:56:04.313+0000] {processor.py:208} INFO - Processing /opt/airflow/dags/fraud_detection_training_dag.py took 0.043 seconds
[2025-10-06T19:58:16.633+0000] {processor.py:186} INFO - Started process (PID=1672) to work on /opt/airflow/dags/fraud_detection_training_dag.py
[2025-10-06T19:58:16.634+0000] {processor.py:914} INFO - Processing file /opt/airflow/dags/fraud_detection_training_dag.py for tasks to queue
[2025-10-06T19:58:16.637+0000] {logging_mixin.py:190} INFO - [2025-10-06T19:58:16.636+0000] {dagbag.py:588} INFO - Filling up the DagBag from /opt/airflow/dags/fraud_detection_training_dag.py
[2025-10-06T19:58:16.642+0000] {logging_mixin.py:190} INFO - [2025-10-06T19:58:16.641+0000] {dagbag.py:387} ERROR - Failed to import: /opt/airflow/dags/fraud_detection_training_dag.py
Traceback (most recent call last):
  File "/home/airflow/.local/lib/python3.12/site-packages/airflow/models/dagbag.py", line 383, in parse
    loader.exec_module(new_module)
  File "<frozen importlib._bootstrap_external>", line 995, in exec_module
  File "<frozen importlib._bootstrap_external>", line 1133, in get_code
  File "<frozen importlib._bootstrap_external>", line 1063, in source_to_code
  File "<frozen importlib._bootstrap>", line 488, in _call_with_frames_removed
  File "/opt/airflow/dags/fraud_detection_training_dag.py", line 19
    dag_id:'fraud_detection_training',
          ^
SyntaxError: invalid syntax
[2025-10-06T19:58:16.643+0000] {processor.py:927} WARNING - No viable dags retrieved from /opt/airflow/dags/fraud_detection_training_dag.py
[2025-10-06T19:58:16.672+0000] {processor.py:208} INFO - Processing /opt/airflow/dags/fraud_detection_training_dag.py took 0.045 seconds
[2025-10-06T20:07:17.933+0000] {processor.py:186} INFO - Started process (PID=1679) to work on /opt/airflow/dags/fraud_detection_training_dag.py
[2025-10-06T20:07:17.934+0000] {processor.py:914} INFO - Processing file /opt/airflow/dags/fraud_detection_training_dag.py for tasks to queue
[2025-10-06T20:07:17.941+0000] {logging_mixin.py:190} INFO - [2025-10-06T20:07:17.938+0000] {dagbag.py:588} INFO - Filling up the DagBag from /opt/airflow/dags/fraud_detection_training_dag.py
[2025-10-06T20:07:17.952+0000] {logging_mixin.py:190} INFO - [2025-10-06T20:07:17.949+0000] {dagbag.py:387} ERROR - Failed to import: /opt/airflow/dags/fraud_detection_training_dag.py
Traceback (most recent call last):
  File "/home/airflow/.local/lib/python3.12/site-packages/airflow/models/dagbag.py", line 383, in parse
    loader.exec_module(new_module)
  File "<frozen importlib._bootstrap_external>", line 995, in exec_module
  File "<frozen importlib._bootstrap_external>", line 1133, in get_code
  File "<frozen importlib._bootstrap_external>", line 1063, in source_to_code
  File "<frozen importlib._bootstrap>", line 488, in _call_with_frames_removed
  File "/opt/airflow/dags/fraud_detection_training_dag.py", line 19
    dag_id:'fraud_detection_training',
          ^
SyntaxError: invalid syntax
[2025-10-06T20:07:17.952+0000] {processor.py:927} WARNING - No viable dags retrieved from /opt/airflow/dags/fraud_detection_training_dag.py
[2025-10-06T20:07:17.985+0000] {processor.py:208} INFO - Processing /opt/airflow/dags/fraud_detection_training_dag.py took 0.062 seconds
[2025-10-06T20:07:48.044+0000] {processor.py:186} INFO - Started process (PID=1686) to work on /opt/airflow/dags/fraud_detection_training_dag.py
[2025-10-06T20:07:48.048+0000] {processor.py:914} INFO - Processing file /opt/airflow/dags/fraud_detection_training_dag.py for tasks to queue
[2025-10-06T20:07:48.053+0000] {logging_mixin.py:190} INFO - [2025-10-06T20:07:48.052+0000] {dagbag.py:588} INFO - Filling up the DagBag from /opt/airflow/dags/fraud_detection_training_dag.py
[2025-10-06T20:07:48.065+0000] {logging_mixin.py:190} INFO - [2025-10-06T20:07:48.062+0000] {dagbag.py:387} ERROR - Failed to import: /opt/airflow/dags/fraud_detection_training_dag.py
Traceback (most recent call last):
  File "/home/airflow/.local/lib/python3.12/site-packages/airflow/models/dagbag.py", line 383, in parse
    loader.exec_module(new_module)
  File "<frozen importlib._bootstrap_external>", line 995, in exec_module
  File "<frozen importlib._bootstrap_external>", line 1133, in get_code
  File "<frozen importlib._bootstrap_external>", line 1063, in source_to_code
  File "<frozen importlib._bootstrap>", line 488, in _call_with_frames_removed
  File "/opt/airflow/dags/fraud_detection_training_dag.py", line 19
    dag_id:'fraud_detection_training',
          ^
SyntaxError: invalid syntax
[2025-10-06T20:07:48.065+0000] {processor.py:927} WARNING - No viable dags retrieved from /opt/airflow/dags/fraud_detection_training_dag.py
[2025-10-06T20:07:48.095+0000] {processor.py:208} INFO - Processing /opt/airflow/dags/fraud_detection_training_dag.py took 0.062 seconds
[2025-10-06T20:08:18.773+0000] {processor.py:186} INFO - Started process (PID=1693) to work on /opt/airflow/dags/fraud_detection_training_dag.py
[2025-10-06T20:08:18.774+0000] {processor.py:914} INFO - Processing file /opt/airflow/dags/fraud_detection_training_dag.py for tasks to queue
[2025-10-06T20:08:18.778+0000] {logging_mixin.py:190} INFO - [2025-10-06T20:08:18.778+0000] {dagbag.py:588} INFO - Filling up the DagBag from /opt/airflow/dags/fraud_detection_training_dag.py
[2025-10-06T20:08:18.784+0000] {logging_mixin.py:190} INFO - [2025-10-06T20:08:18.782+0000] {dagbag.py:387} ERROR - Failed to import: /opt/airflow/dags/fraud_detection_training_dag.py
Traceback (most recent call last):
  File "/home/airflow/.local/lib/python3.12/site-packages/airflow/models/dagbag.py", line 383, in parse
    loader.exec_module(new_module)
  File "<frozen importlib._bootstrap_external>", line 995, in exec_module
  File "<frozen importlib._bootstrap_external>", line 1133, in get_code
  File "<frozen importlib._bootstrap_external>", line 1063, in source_to_code
  File "<frozen importlib._bootstrap>", line 488, in _call_with_frames_removed
  File "/opt/airflow/dags/fraud_detection_training_dag.py", line 19
    dag_id:'fraud_detection_training',
          ^
SyntaxError: invalid syntax
[2025-10-06T20:08:18.784+0000] {processor.py:927} WARNING - No viable dags retrieved from /opt/airflow/dags/fraud_detection_training_dag.py
[2025-10-06T20:08:18.800+0000] {processor.py:208} INFO - Processing /opt/airflow/dags/fraud_detection_training_dag.py took 0.032 seconds
[2025-10-06T20:19:39.685+0000] {processor.py:186} INFO - Started process (PID=1699) to work on /opt/airflow/dags/fraud_detection_training_dag.py
[2025-10-06T20:19:39.686+0000] {processor.py:914} INFO - Processing file /opt/airflow/dags/fraud_detection_training_dag.py for tasks to queue
[2025-10-06T20:19:39.693+0000] {logging_mixin.py:190} INFO - [2025-10-06T20:19:39.693+0000] {dagbag.py:588} INFO - Filling up the DagBag from /opt/airflow/dags/fraud_detection_training_dag.py
[2025-10-06T20:19:39.701+0000] {logging_mixin.py:190} INFO - [2025-10-06T20:19:39.699+0000] {dagbag.py:387} ERROR - Failed to import: /opt/airflow/dags/fraud_detection_training_dag.py
Traceback (most recent call last):
  File "/home/airflow/.local/lib/python3.12/site-packages/airflow/models/dagbag.py", line 383, in parse
    loader.exec_module(new_module)
  File "<frozen importlib._bootstrap_external>", line 995, in exec_module
  File "<frozen importlib._bootstrap_external>", line 1133, in get_code
  File "<frozen importlib._bootstrap_external>", line 1063, in source_to_code
  File "<frozen importlib._bootstrap>", line 488, in _call_with_frames_removed
  File "/opt/airflow/dags/fraud_detection_training_dag.py", line 19
    dag_id:'fraud_detection_training',
          ^
SyntaxError: invalid syntax
[2025-10-06T20:19:39.702+0000] {processor.py:927} WARNING - No viable dags retrieved from /opt/airflow/dags/fraud_detection_training_dag.py
[2025-10-06T20:19:39.730+0000] {processor.py:208} INFO - Processing /opt/airflow/dags/fraud_detection_training_dag.py took 0.052 seconds
[2025-10-06T20:20:10.184+0000] {processor.py:186} INFO - Started process (PID=1705) to work on /opt/airflow/dags/fraud_detection_training_dag.py
[2025-10-06T20:20:10.185+0000] {processor.py:914} INFO - Processing file /opt/airflow/dags/fraud_detection_training_dag.py for tasks to queue
[2025-10-06T20:20:10.188+0000] {logging_mixin.py:190} INFO - [2025-10-06T20:20:10.188+0000] {dagbag.py:588} INFO - Filling up the DagBag from /opt/airflow/dags/fraud_detection_training_dag.py
[2025-10-06T20:20:10.196+0000] {logging_mixin.py:190} INFO - [2025-10-06T20:20:10.194+0000] {dagbag.py:387} ERROR - Failed to import: /opt/airflow/dags/fraud_detection_training_dag.py
Traceback (most recent call last):
  File "/home/airflow/.local/lib/python3.12/site-packages/airflow/models/dagbag.py", line 383, in parse
    loader.exec_module(new_module)
  File "<frozen importlib._bootstrap_external>", line 995, in exec_module
  File "<frozen importlib._bootstrap_external>", line 1133, in get_code
  File "<frozen importlib._bootstrap_external>", line 1063, in source_to_code
  File "<frozen importlib._bootstrap>", line 488, in _call_with_frames_removed
  File "/opt/airflow/dags/fraud_detection_training_dag.py", line 19
    dag_id:'fraud_detection_training',
          ^
SyntaxError: invalid syntax
[2025-10-06T20:20:10.196+0000] {processor.py:927} WARNING - No viable dags retrieved from /opt/airflow/dags/fraud_detection_training_dag.py
[2025-10-06T20:20:10.219+0000] {processor.py:208} INFO - Processing /opt/airflow/dags/fraud_detection_training_dag.py took 0.045 seconds
[2025-10-06T20:20:41.257+0000] {processor.py:186} INFO - Started process (PID=1712) to work on /opt/airflow/dags/fraud_detection_training_dag.py
[2025-10-06T20:20:41.268+0000] {processor.py:914} INFO - Processing file /opt/airflow/dags/fraud_detection_training_dag.py for tasks to queue
[2025-10-06T20:20:41.307+0000] {logging_mixin.py:190} INFO - [2025-10-06T20:20:41.291+0000] {dagbag.py:588} INFO - Filling up the DagBag from /opt/airflow/dags/fraud_detection_training_dag.py
[2025-10-06T20:20:41.440+0000] {logging_mixin.py:190} INFO - [2025-10-06T20:20:41.392+0000] {dagbag.py:387} ERROR - Failed to import: /opt/airflow/dags/fraud_detection_training_dag.py
Traceback (most recent call last):
  File "/home/airflow/.local/lib/python3.12/site-packages/airflow/models/dagbag.py", line 383, in parse
    loader.exec_module(new_module)
  File "<frozen importlib._bootstrap_external>", line 995, in exec_module
  File "<frozen importlib._bootstrap_external>", line 1133, in get_code
  File "<frozen importlib._bootstrap_external>", line 1063, in source_to_code
  File "<frozen importlib._bootstrap>", line 488, in _call_with_frames_removed
  File "/opt/airflow/dags/fraud_detection_training_dag.py", line 19
    dag_id:'fraud_detection_training',
          ^
SyntaxError: invalid syntax
[2025-10-06T20:20:41.465+0000] {processor.py:927} WARNING - No viable dags retrieved from /opt/airflow/dags/fraud_detection_training_dag.py
[2025-10-06T20:20:43.438+0000] {processor.py:208} INFO - Processing /opt/airflow/dags/fraud_detection_training_dag.py took 2.287 seconds
[2025-10-06T20:33:34.941+0000] {processor.py:186} INFO - Started process (PID=1719) to work on /opt/airflow/dags/fraud_detection_training_dag.py
[2025-10-06T20:33:34.944+0000] {processor.py:914} INFO - Processing file /opt/airflow/dags/fraud_detection_training_dag.py for tasks to queue
[2025-10-06T20:33:34.951+0000] {logging_mixin.py:190} INFO - [2025-10-06T20:33:34.950+0000] {dagbag.py:588} INFO - Filling up the DagBag from /opt/airflow/dags/fraud_detection_training_dag.py
[2025-10-06T20:33:34.957+0000] {logging_mixin.py:190} INFO - [2025-10-06T20:33:34.955+0000] {dagbag.py:387} ERROR - Failed to import: /opt/airflow/dags/fraud_detection_training_dag.py
Traceback (most recent call last):
  File "/home/airflow/.local/lib/python3.12/site-packages/airflow/models/dagbag.py", line 383, in parse
    loader.exec_module(new_module)
  File "<frozen importlib._bootstrap_external>", line 995, in exec_module
  File "<frozen importlib._bootstrap_external>", line 1133, in get_code
  File "<frozen importlib._bootstrap_external>", line 1063, in source_to_code
  File "<frozen importlib._bootstrap>", line 488, in _call_with_frames_removed
  File "/opt/airflow/dags/fraud_detection_training_dag.py", line 19
    dag_id:'fraud_detection_training',
          ^
SyntaxError: invalid syntax
[2025-10-06T20:33:34.957+0000] {processor.py:927} WARNING - No viable dags retrieved from /opt/airflow/dags/fraud_detection_training_dag.py
[2025-10-06T20:33:34.982+0000] {processor.py:208} INFO - Processing /opt/airflow/dags/fraud_detection_training_dag.py took 0.051 seconds
[2025-10-06T20:34:05.527+0000] {processor.py:186} INFO - Started process (PID=1726) to work on /opt/airflow/dags/fraud_detection_training_dag.py
[2025-10-06T20:34:05.527+0000] {processor.py:914} INFO - Processing file /opt/airflow/dags/fraud_detection_training_dag.py for tasks to queue
[2025-10-06T20:34:05.531+0000] {logging_mixin.py:190} INFO - [2025-10-06T20:34:05.531+0000] {dagbag.py:588} INFO - Filling up the DagBag from /opt/airflow/dags/fraud_detection_training_dag.py
[2025-10-06T20:34:05.538+0000] {logging_mixin.py:190} INFO - [2025-10-06T20:34:05.535+0000] {dagbag.py:387} ERROR - Failed to import: /opt/airflow/dags/fraud_detection_training_dag.py
Traceback (most recent call last):
  File "/home/airflow/.local/lib/python3.12/site-packages/airflow/models/dagbag.py", line 383, in parse
    loader.exec_module(new_module)
  File "<frozen importlib._bootstrap_external>", line 995, in exec_module
  File "<frozen importlib._bootstrap_external>", line 1133, in get_code
  File "<frozen importlib._bootstrap_external>", line 1063, in source_to_code
  File "<frozen importlib._bootstrap>", line 488, in _call_with_frames_removed
  File "/opt/airflow/dags/fraud_detection_training_dag.py", line 19
    dag_id:'fraud_detection_training',
          ^
SyntaxError: invalid syntax
[2025-10-06T20:34:05.538+0000] {processor.py:927} WARNING - No viable dags retrieved from /opt/airflow/dags/fraud_detection_training_dag.py
[2025-10-06T20:34:05.561+0000] {processor.py:208} INFO - Processing /opt/airflow/dags/fraud_detection_training_dag.py took 0.041 seconds
[2025-10-06T20:34:36.020+0000] {processor.py:186} INFO - Started process (PID=1733) to work on /opt/airflow/dags/fraud_detection_training_dag.py
[2025-10-06T20:34:36.022+0000] {processor.py:914} INFO - Processing file /opt/airflow/dags/fraud_detection_training_dag.py for tasks to queue
[2025-10-06T20:34:36.026+0000] {logging_mixin.py:190} INFO - [2025-10-06T20:34:36.026+0000] {dagbag.py:588} INFO - Filling up the DagBag from /opt/airflow/dags/fraud_detection_training_dag.py
[2025-10-06T20:34:36.034+0000] {logging_mixin.py:190} INFO - [2025-10-06T20:34:36.031+0000] {dagbag.py:387} ERROR - Failed to import: /opt/airflow/dags/fraud_detection_training_dag.py
Traceback (most recent call last):
  File "/home/airflow/.local/lib/python3.12/site-packages/airflow/models/dagbag.py", line 383, in parse
    loader.exec_module(new_module)
  File "<frozen importlib._bootstrap_external>", line 995, in exec_module
  File "<frozen importlib._bootstrap_external>", line 1133, in get_code
  File "<frozen importlib._bootstrap_external>", line 1063, in source_to_code
  File "<frozen importlib._bootstrap>", line 488, in _call_with_frames_removed
  File "/opt/airflow/dags/fraud_detection_training_dag.py", line 19
    dag_id:'fraud_detection_training',
          ^
SyntaxError: invalid syntax
[2025-10-06T20:34:36.034+0000] {processor.py:927} WARNING - No viable dags retrieved from /opt/airflow/dags/fraud_detection_training_dag.py
[2025-10-06T20:34:36.058+0000] {processor.py:208} INFO - Processing /opt/airflow/dags/fraud_detection_training_dag.py took 0.048 seconds
[2025-10-06T20:35:06.188+0000] {processor.py:186} INFO - Started process (PID=1740) to work on /opt/airflow/dags/fraud_detection_training_dag.py
[2025-10-06T20:35:06.190+0000] {processor.py:914} INFO - Processing file /opt/airflow/dags/fraud_detection_training_dag.py for tasks to queue
[2025-10-06T20:35:06.193+0000] {logging_mixin.py:190} INFO - [2025-10-06T20:35:06.192+0000] {dagbag.py:588} INFO - Filling up the DagBag from /opt/airflow/dags/fraud_detection_training_dag.py
[2025-10-06T20:35:06.200+0000] {logging_mixin.py:190} INFO - [2025-10-06T20:35:06.198+0000] {dagbag.py:387} ERROR - Failed to import: /opt/airflow/dags/fraud_detection_training_dag.py
Traceback (most recent call last):
  File "/home/airflow/.local/lib/python3.12/site-packages/airflow/models/dagbag.py", line 383, in parse
    loader.exec_module(new_module)
  File "<frozen importlib._bootstrap_external>", line 995, in exec_module
  File "<frozen importlib._bootstrap_external>", line 1133, in get_code
  File "<frozen importlib._bootstrap_external>", line 1063, in source_to_code
  File "<frozen importlib._bootstrap>", line 488, in _call_with_frames_removed
  File "/opt/airflow/dags/fraud_detection_training_dag.py", line 19
    dag_id:'fraud_detection_training',
          ^
SyntaxError: invalid syntax
[2025-10-06T20:35:06.200+0000] {processor.py:927} WARNING - No viable dags retrieved from /opt/airflow/dags/fraud_detection_training_dag.py
[2025-10-06T20:35:06.226+0000] {processor.py:208} INFO - Processing /opt/airflow/dags/fraud_detection_training_dag.py took 0.047 seconds
[2025-10-06T20:35:36.728+0000] {processor.py:186} INFO - Started process (PID=1747) to work on /opt/airflow/dags/fraud_detection_training_dag.py
[2025-10-06T20:35:36.729+0000] {processor.py:914} INFO - Processing file /opt/airflow/dags/fraud_detection_training_dag.py for tasks to queue
[2025-10-06T20:35:36.732+0000] {logging_mixin.py:190} INFO - [2025-10-06T20:35:36.732+0000] {dagbag.py:588} INFO - Filling up the DagBag from /opt/airflow/dags/fraud_detection_training_dag.py
[2025-10-06T20:35:36.738+0000] {logging_mixin.py:190} INFO - [2025-10-06T20:35:36.736+0000] {dagbag.py:387} ERROR - Failed to import: /opt/airflow/dags/fraud_detection_training_dag.py
Traceback (most recent call last):
  File "/home/airflow/.local/lib/python3.12/site-packages/airflow/models/dagbag.py", line 383, in parse
    loader.exec_module(new_module)
  File "<frozen importlib._bootstrap_external>", line 995, in exec_module
  File "<frozen importlib._bootstrap_external>", line 1133, in get_code
  File "<frozen importlib._bootstrap_external>", line 1063, in source_to_code
  File "<frozen importlib._bootstrap>", line 488, in _call_with_frames_removed
  File "/opt/airflow/dags/fraud_detection_training_dag.py", line 19
    dag_id:'fraud_detection_training',
          ^
SyntaxError: invalid syntax
[2025-10-06T20:35:36.739+0000] {processor.py:927} WARNING - No viable dags retrieved from /opt/airflow/dags/fraud_detection_training_dag.py
[2025-10-06T20:35:36.756+0000] {processor.py:208} INFO - Processing /opt/airflow/dags/fraud_detection_training_dag.py took 0.035 seconds
[2025-10-06T20:36:07.242+0000] {processor.py:186} INFO - Started process (PID=1754) to work on /opt/airflow/dags/fraud_detection_training_dag.py
[2025-10-06T20:36:07.248+0000] {processor.py:914} INFO - Processing file /opt/airflow/dags/fraud_detection_training_dag.py for tasks to queue
[2025-10-06T20:36:07.255+0000] {logging_mixin.py:190} INFO - [2025-10-06T20:36:07.254+0000] {dagbag.py:588} INFO - Filling up the DagBag from /opt/airflow/dags/fraud_detection_training_dag.py
[2025-10-06T20:36:07.270+0000] {logging_mixin.py:190} INFO - [2025-10-06T20:36:07.266+0000] {dagbag.py:387} ERROR - Failed to import: /opt/airflow/dags/fraud_detection_training_dag.py
Traceback (most recent call last):
  File "/home/airflow/.local/lib/python3.12/site-packages/airflow/models/dagbag.py", line 383, in parse
    loader.exec_module(new_module)
  File "<frozen importlib._bootstrap_external>", line 995, in exec_module
  File "<frozen importlib._bootstrap_external>", line 1133, in get_code
  File "<frozen importlib._bootstrap_external>", line 1063, in source_to_code
  File "<frozen importlib._bootstrap>", line 488, in _call_with_frames_removed
  File "/opt/airflow/dags/fraud_detection_training_dag.py", line 19
    dag_id:'fraud_detection_training',
          ^
SyntaxError: invalid syntax
[2025-10-06T20:36:07.270+0000] {processor.py:927} WARNING - No viable dags retrieved from /opt/airflow/dags/fraud_detection_training_dag.py
[2025-10-06T20:36:07.329+0000] {processor.py:208} INFO - Processing /opt/airflow/dags/fraud_detection_training_dag.py took 0.098 seconds
[2025-10-06T20:36:37.928+0000] {processor.py:186} INFO - Started process (PID=1761) to work on /opt/airflow/dags/fraud_detection_training_dag.py
[2025-10-06T20:36:37.929+0000] {processor.py:914} INFO - Processing file /opt/airflow/dags/fraud_detection_training_dag.py for tasks to queue
[2025-10-06T20:36:37.933+0000] {logging_mixin.py:190} INFO - [2025-10-06T20:36:37.933+0000] {dagbag.py:588} INFO - Filling up the DagBag from /opt/airflow/dags/fraud_detection_training_dag.py
[2025-10-06T20:36:37.940+0000] {logging_mixin.py:190} INFO - [2025-10-06T20:36:37.938+0000] {dagbag.py:387} ERROR - Failed to import: /opt/airflow/dags/fraud_detection_training_dag.py
Traceback (most recent call last):
  File "/home/airflow/.local/lib/python3.12/site-packages/airflow/models/dagbag.py", line 383, in parse
    loader.exec_module(new_module)
  File "<frozen importlib._bootstrap_external>", line 995, in exec_module
  File "<frozen importlib._bootstrap_external>", line 1133, in get_code
  File "<frozen importlib._bootstrap_external>", line 1063, in source_to_code
  File "<frozen importlib._bootstrap>", line 488, in _call_with_frames_removed
  File "/opt/airflow/dags/fraud_detection_training_dag.py", line 19
    dag_id:'fraud_detection_training',
          ^
SyntaxError: invalid syntax
[2025-10-06T20:36:37.940+0000] {processor.py:927} WARNING - No viable dags retrieved from /opt/airflow/dags/fraud_detection_training_dag.py
[2025-10-06T20:36:37.961+0000] {processor.py:208} INFO - Processing /opt/airflow/dags/fraud_detection_training_dag.py took 0.043 seconds
[2025-10-06T20:37:08.557+0000] {processor.py:186} INFO - Started process (PID=1768) to work on /opt/airflow/dags/fraud_detection_training_dag.py
[2025-10-06T20:37:08.558+0000] {processor.py:914} INFO - Processing file /opt/airflow/dags/fraud_detection_training_dag.py for tasks to queue
[2025-10-06T20:37:08.560+0000] {logging_mixin.py:190} INFO - [2025-10-06T20:37:08.560+0000] {dagbag.py:588} INFO - Filling up the DagBag from /opt/airflow/dags/fraud_detection_training_dag.py
[2025-10-06T20:37:08.568+0000] {logging_mixin.py:190} INFO - [2025-10-06T20:37:08.565+0000] {dagbag.py:387} ERROR - Failed to import: /opt/airflow/dags/fraud_detection_training_dag.py
Traceback (most recent call last):
  File "/home/airflow/.local/lib/python3.12/site-packages/airflow/models/dagbag.py", line 383, in parse
    loader.exec_module(new_module)
  File "<frozen importlib._bootstrap_external>", line 995, in exec_module
  File "<frozen importlib._bootstrap_external>", line 1133, in get_code
  File "<frozen importlib._bootstrap_external>", line 1063, in source_to_code
  File "<frozen importlib._bootstrap>", line 488, in _call_with_frames_removed
  File "/opt/airflow/dags/fraud_detection_training_dag.py", line 19
    dag_id:'fraud_detection_training',
          ^
SyntaxError: invalid syntax
[2025-10-06T20:37:08.569+0000] {processor.py:927} WARNING - No viable dags retrieved from /opt/airflow/dags/fraud_detection_training_dag.py
[2025-10-06T20:37:08.583+0000] {processor.py:208} INFO - Processing /opt/airflow/dags/fraud_detection_training_dag.py took 0.033 seconds
[2025-10-06T20:37:39.306+0000] {processor.py:186} INFO - Started process (PID=1775) to work on /opt/airflow/dags/fraud_detection_training_dag.py
[2025-10-06T20:37:39.307+0000] {processor.py:914} INFO - Processing file /opt/airflow/dags/fraud_detection_training_dag.py for tasks to queue
[2025-10-06T20:37:39.311+0000] {logging_mixin.py:190} INFO - [2025-10-06T20:37:39.310+0000] {dagbag.py:588} INFO - Filling up the DagBag from /opt/airflow/dags/fraud_detection_training_dag.py
[2025-10-06T20:37:39.321+0000] {logging_mixin.py:190} INFO - [2025-10-06T20:37:39.319+0000] {dagbag.py:387} ERROR - Failed to import: /opt/airflow/dags/fraud_detection_training_dag.py
Traceback (most recent call last):
  File "/home/airflow/.local/lib/python3.12/site-packages/airflow/models/dagbag.py", line 383, in parse
    loader.exec_module(new_module)
  File "<frozen importlib._bootstrap_external>", line 995, in exec_module
  File "<frozen importlib._bootstrap_external>", line 1133, in get_code
  File "<frozen importlib._bootstrap_external>", line 1063, in source_to_code
  File "<frozen importlib._bootstrap>", line 488, in _call_with_frames_removed
  File "/opt/airflow/dags/fraud_detection_training_dag.py", line 19
    dag_id:'fraud_detection_training',
          ^
SyntaxError: invalid syntax
[2025-10-06T20:37:39.321+0000] {processor.py:927} WARNING - No viable dags retrieved from /opt/airflow/dags/fraud_detection_training_dag.py
[2025-10-06T20:37:39.337+0000] {processor.py:208} INFO - Processing /opt/airflow/dags/fraud_detection_training_dag.py took 0.040 seconds
[2025-10-06T20:38:46.070+0000] {processor.py:186} INFO - Started process (PID=1782) to work on /opt/airflow/dags/fraud_detection_training_dag.py
[2025-10-06T20:38:46.076+0000] {processor.py:914} INFO - Processing file /opt/airflow/dags/fraud_detection_training_dag.py for tasks to queue
[2025-10-06T20:38:46.083+0000] {logging_mixin.py:190} INFO - [2025-10-06T20:38:46.082+0000] {dagbag.py:588} INFO - Filling up the DagBag from /opt/airflow/dags/fraud_detection_training_dag.py
[2025-10-06T20:38:46.093+0000] {logging_mixin.py:190} INFO - [2025-10-06T20:38:46.089+0000] {dagbag.py:387} ERROR - Failed to import: /opt/airflow/dags/fraud_detection_training_dag.py
Traceback (most recent call last):
  File "/home/airflow/.local/lib/python3.12/site-packages/airflow/models/dagbag.py", line 383, in parse
    loader.exec_module(new_module)
  File "<frozen importlib._bootstrap_external>", line 995, in exec_module
  File "<frozen importlib._bootstrap_external>", line 1133, in get_code
  File "<frozen importlib._bootstrap_external>", line 1063, in source_to_code
  File "<frozen importlib._bootstrap>", line 488, in _call_with_frames_removed
  File "/opt/airflow/dags/fraud_detection_training_dag.py", line 19
    dag_id:'fraud_detection_training',
          ^
SyntaxError: invalid syntax
[2025-10-06T20:38:46.094+0000] {processor.py:927} WARNING - No viable dags retrieved from /opt/airflow/dags/fraud_detection_training_dag.py
[2025-10-06T20:38:46.141+0000] {processor.py:208} INFO - Processing /opt/airflow/dags/fraud_detection_training_dag.py took 0.083 seconds
[2025-10-06T20:39:16.942+0000] {processor.py:186} INFO - Started process (PID=1783) to work on /opt/airflow/dags/fraud_detection_training_dag.py
[2025-10-06T20:39:16.953+0000] {processor.py:914} INFO - Processing file /opt/airflow/dags/fraud_detection_training_dag.py for tasks to queue
[2025-10-06T20:39:16.993+0000] {logging_mixin.py:190} INFO - [2025-10-06T20:39:16.977+0000] {dagbag.py:588} INFO - Filling up the DagBag from /opt/airflow/dags/fraud_detection_training_dag.py
[2025-10-06T20:39:19.919+0000] {logging_mixin.py:190} INFO - [2025-10-06T20:39:18.225+0000] {dagbag.py:387} ERROR - Failed to import: /opt/airflow/dags/fraud_detection_training_dag.py
Traceback (most recent call last):
  File "/home/airflow/.local/lib/python3.12/site-packages/airflow/models/dagbag.py", line 383, in parse
    loader.exec_module(new_module)
  File "<frozen importlib._bootstrap_external>", line 995, in exec_module
  File "<frozen importlib._bootstrap_external>", line 1133, in get_code
  File "<frozen importlib._bootstrap_external>", line 1063, in source_to_code
  File "<frozen importlib._bootstrap>", line 488, in _call_with_frames_removed
  File "/opt/airflow/dags/fraud_detection_training_dag.py", line 19
    dag_id:'fraud_detection_training',
          ^
SyntaxError: invalid syntax
[2025-10-06T20:39:20.207+0000] {processor.py:927} WARNING - No viable dags retrieved from /opt/airflow/dags/fraud_detection_training_dag.py
[2025-10-06T20:39:42.039+0000] {processor.py:208} INFO - Processing /opt/airflow/dags/fraud_detection_training_dag.py took 22.178 seconds
[2025-10-06T20:40:33.870+0000] {processor.py:186} INFO - Started process (PID=1790) to work on /opt/airflow/dags/fraud_detection_training_dag.py
[2025-10-06T20:40:33.873+0000] {processor.py:914} INFO - Processing file /opt/airflow/dags/fraud_detection_training_dag.py for tasks to queue
[2025-10-06T20:40:33.887+0000] {logging_mixin.py:190} INFO - [2025-10-06T20:40:33.886+0000] {dagbag.py:588} INFO - Filling up the DagBag from /opt/airflow/dags/fraud_detection_training_dag.py
[2025-10-06T20:40:33.905+0000] {logging_mixin.py:190} INFO - [2025-10-06T20:40:33.898+0000] {dagbag.py:387} ERROR - Failed to import: /opt/airflow/dags/fraud_detection_training_dag.py
Traceback (most recent call last):
  File "/home/airflow/.local/lib/python3.12/site-packages/airflow/models/dagbag.py", line 383, in parse
    loader.exec_module(new_module)
  File "<frozen importlib._bootstrap_external>", line 995, in exec_module
  File "<frozen importlib._bootstrap_external>", line 1133, in get_code
  File "<frozen importlib._bootstrap_external>", line 1063, in source_to_code
  File "<frozen importlib._bootstrap>", line 488, in _call_with_frames_removed
  File "/opt/airflow/dags/fraud_detection_training_dag.py", line 19
    dag_id:'fraud_detection_training',
          ^
SyntaxError: invalid syntax
[2025-10-06T20:40:33.906+0000] {processor.py:927} WARNING - No viable dags retrieved from /opt/airflow/dags/fraud_detection_training_dag.py
[2025-10-06T20:40:33.955+0000] {processor.py:208} INFO - Processing /opt/airflow/dags/fraud_detection_training_dag.py took 0.117 seconds
[2025-10-06T20:41:04.260+0000] {processor.py:186} INFO - Started process (PID=1797) to work on /opt/airflow/dags/fraud_detection_training_dag.py
[2025-10-06T20:41:04.261+0000] {processor.py:914} INFO - Processing file /opt/airflow/dags/fraud_detection_training_dag.py for tasks to queue
[2025-10-06T20:41:04.265+0000] {logging_mixin.py:190} INFO - [2025-10-06T20:41:04.264+0000] {dagbag.py:588} INFO - Filling up the DagBag from /opt/airflow/dags/fraud_detection_training_dag.py
[2025-10-06T20:41:04.271+0000] {logging_mixin.py:190} INFO - [2025-10-06T20:41:04.270+0000] {dagbag.py:387} ERROR - Failed to import: /opt/airflow/dags/fraud_detection_training_dag.py
Traceback (most recent call last):
  File "/home/airflow/.local/lib/python3.12/site-packages/airflow/models/dagbag.py", line 383, in parse
    loader.exec_module(new_module)
  File "<frozen importlib._bootstrap_external>", line 995, in exec_module
  File "<frozen importlib._bootstrap_external>", line 1133, in get_code
  File "<frozen importlib._bootstrap_external>", line 1063, in source_to_code
  File "<frozen importlib._bootstrap>", line 488, in _call_with_frames_removed
  File "/opt/airflow/dags/fraud_detection_training_dag.py", line 19
    dag_id:'fraud_detection_training',
          ^
SyntaxError: invalid syntax
[2025-10-06T20:41:04.271+0000] {processor.py:927} WARNING - No viable dags retrieved from /opt/airflow/dags/fraud_detection_training_dag.py
[2025-10-06T20:41:04.290+0000] {processor.py:208} INFO - Processing /opt/airflow/dags/fraud_detection_training_dag.py took 0.038 seconds
[2025-10-06T20:56:32.433+0000] {processor.py:186} INFO - Started process (PID=1804) to work on /opt/airflow/dags/fraud_detection_training_dag.py
[2025-10-06T20:56:32.434+0000] {processor.py:914} INFO - Processing file /opt/airflow/dags/fraud_detection_training_dag.py for tasks to queue
[2025-10-06T20:56:32.439+0000] {logging_mixin.py:190} INFO - [2025-10-06T20:56:32.438+0000] {dagbag.py:588} INFO - Filling up the DagBag from /opt/airflow/dags/fraud_detection_training_dag.py
[2025-10-06T20:56:32.445+0000] {logging_mixin.py:190} INFO - [2025-10-06T20:56:32.444+0000] {dagbag.py:387} ERROR - Failed to import: /opt/airflow/dags/fraud_detection_training_dag.py
Traceback (most recent call last):
  File "/home/airflow/.local/lib/python3.12/site-packages/airflow/models/dagbag.py", line 383, in parse
    loader.exec_module(new_module)
  File "<frozen importlib._bootstrap_external>", line 995, in exec_module
  File "<frozen importlib._bootstrap_external>", line 1133, in get_code
  File "<frozen importlib._bootstrap_external>", line 1063, in source_to_code
  File "<frozen importlib._bootstrap>", line 488, in _call_with_frames_removed
  File "/opt/airflow/dags/fraud_detection_training_dag.py", line 19
    dag_id:'fraud_detection_training',
          ^
SyntaxError: invalid syntax
[2025-10-06T20:56:32.446+0000] {processor.py:927} WARNING - No viable dags retrieved from /opt/airflow/dags/fraud_detection_training_dag.py
[2025-10-06T20:56:32.469+0000] {processor.py:208} INFO - Processing /opt/airflow/dags/fraud_detection_training_dag.py took 0.045 seconds
[2025-10-06T20:57:02.874+0000] {processor.py:186} INFO - Started process (PID=1811) to work on /opt/airflow/dags/fraud_detection_training_dag.py
[2025-10-06T20:57:02.875+0000] {processor.py:914} INFO - Processing file /opt/airflow/dags/fraud_detection_training_dag.py for tasks to queue
[2025-10-06T20:57:02.879+0000] {logging_mixin.py:190} INFO - [2025-10-06T20:57:02.878+0000] {dagbag.py:588} INFO - Filling up the DagBag from /opt/airflow/dags/fraud_detection_training_dag.py
[2025-10-06T20:57:02.884+0000] {logging_mixin.py:190} INFO - [2025-10-06T20:57:02.883+0000] {dagbag.py:387} ERROR - Failed to import: /opt/airflow/dags/fraud_detection_training_dag.py
Traceback (most recent call last):
  File "/home/airflow/.local/lib/python3.12/site-packages/airflow/models/dagbag.py", line 383, in parse
    loader.exec_module(new_module)
  File "<frozen importlib._bootstrap_external>", line 995, in exec_module
  File "<frozen importlib._bootstrap_external>", line 1133, in get_code
  File "<frozen importlib._bootstrap_external>", line 1063, in source_to_code
  File "<frozen importlib._bootstrap>", line 488, in _call_with_frames_removed
  File "/opt/airflow/dags/fraud_detection_training_dag.py", line 19
    dag_id:'fraud_detection_training',
          ^
SyntaxError: invalid syntax
[2025-10-06T20:57:02.884+0000] {processor.py:927} WARNING - No viable dags retrieved from /opt/airflow/dags/fraud_detection_training_dag.py
[2025-10-06T20:57:02.904+0000] {processor.py:208} INFO - Processing /opt/airflow/dags/fraud_detection_training_dag.py took 0.039 seconds
[2025-10-06T21:03:18.145+0000] {processor.py:186} INFO - Started process (PID=1818) to work on /opt/airflow/dags/fraud_detection_training_dag.py
[2025-10-06T21:03:18.146+0000] {processor.py:914} INFO - Processing file /opt/airflow/dags/fraud_detection_training_dag.py for tasks to queue
[2025-10-06T21:03:18.153+0000] {logging_mixin.py:190} INFO - [2025-10-06T21:03:18.153+0000] {dagbag.py:588} INFO - Filling up the DagBag from /opt/airflow/dags/fraud_detection_training_dag.py
[2025-10-06T21:03:18.159+0000] {logging_mixin.py:190} INFO - [2025-10-06T21:03:18.157+0000] {dagbag.py:387} ERROR - Failed to import: /opt/airflow/dags/fraud_detection_training_dag.py
Traceback (most recent call last):
  File "/home/airflow/.local/lib/python3.12/site-packages/airflow/models/dagbag.py", line 383, in parse
    loader.exec_module(new_module)
  File "<frozen importlib._bootstrap_external>", line 995, in exec_module
  File "<frozen importlib._bootstrap_external>", line 1133, in get_code
  File "<frozen importlib._bootstrap_external>", line 1063, in source_to_code
  File "<frozen importlib._bootstrap>", line 488, in _call_with_frames_removed
  File "/opt/airflow/dags/fraud_detection_training_dag.py", line 19
    dag_id:'fraud_detection_training',
          ^
SyntaxError: invalid syntax
[2025-10-06T21:03:18.159+0000] {processor.py:927} WARNING - No viable dags retrieved from /opt/airflow/dags/fraud_detection_training_dag.py
[2025-10-06T21:03:18.187+0000] {processor.py:208} INFO - Processing /opt/airflow/dags/fraud_detection_training_dag.py took 0.053 seconds
[2025-10-06T21:03:48.630+0000] {processor.py:186} INFO - Started process (PID=1825) to work on /opt/airflow/dags/fraud_detection_training_dag.py
[2025-10-06T21:03:48.631+0000] {processor.py:914} INFO - Processing file /opt/airflow/dags/fraud_detection_training_dag.py for tasks to queue
[2025-10-06T21:03:48.635+0000] {logging_mixin.py:190} INFO - [2025-10-06T21:03:48.634+0000] {dagbag.py:588} INFO - Filling up the DagBag from /opt/airflow/dags/fraud_detection_training_dag.py
[2025-10-06T21:03:48.642+0000] {logging_mixin.py:190} INFO - [2025-10-06T21:03:48.640+0000] {dagbag.py:387} ERROR - Failed to import: /opt/airflow/dags/fraud_detection_training_dag.py
Traceback (most recent call last):
  File "/home/airflow/.local/lib/python3.12/site-packages/airflow/models/dagbag.py", line 383, in parse
    loader.exec_module(new_module)
  File "<frozen importlib._bootstrap_external>", line 995, in exec_module
  File "<frozen importlib._bootstrap_external>", line 1133, in get_code
  File "<frozen importlib._bootstrap_external>", line 1063, in source_to_code
  File "<frozen importlib._bootstrap>", line 488, in _call_with_frames_removed
  File "/opt/airflow/dags/fraud_detection_training_dag.py", line 19
    dag_id:'fraud_detection_training',
          ^
SyntaxError: invalid syntax
[2025-10-06T21:03:48.643+0000] {processor.py:927} WARNING - No viable dags retrieved from /opt/airflow/dags/fraud_detection_training_dag.py
[2025-10-06T21:03:48.661+0000] {processor.py:208} INFO - Processing /opt/airflow/dags/fraud_detection_training_dag.py took 0.041 seconds
[2025-10-06T21:07:55.649+0000] {processor.py:186} INFO - Started process (PID=1832) to work on /opt/airflow/dags/fraud_detection_training_dag.py
[2025-10-06T21:07:55.651+0000] {processor.py:914} INFO - Processing file /opt/airflow/dags/fraud_detection_training_dag.py for tasks to queue
[2025-10-06T21:07:55.658+0000] {logging_mixin.py:190} INFO - [2025-10-06T21:07:55.657+0000] {dagbag.py:588} INFO - Filling up the DagBag from /opt/airflow/dags/fraud_detection_training_dag.py
[2025-10-06T21:07:55.665+0000] {logging_mixin.py:190} INFO - [2025-10-06T21:07:55.663+0000] {dagbag.py:387} ERROR - Failed to import: /opt/airflow/dags/fraud_detection_training_dag.py
Traceback (most recent call last):
  File "/home/airflow/.local/lib/python3.12/site-packages/airflow/models/dagbag.py", line 383, in parse
    loader.exec_module(new_module)
  File "<frozen importlib._bootstrap_external>", line 995, in exec_module
  File "<frozen importlib._bootstrap_external>", line 1133, in get_code
  File "<frozen importlib._bootstrap_external>", line 1063, in source_to_code
  File "<frozen importlib._bootstrap>", line 488, in _call_with_frames_removed
  File "/opt/airflow/dags/fraud_detection_training_dag.py", line 19
    dag_id:'fraud_detection_training',
          ^
SyntaxError: invalid syntax
[2025-10-06T21:07:55.665+0000] {processor.py:927} WARNING - No viable dags retrieved from /opt/airflow/dags/fraud_detection_training_dag.py
[2025-10-06T21:07:55.691+0000] {processor.py:208} INFO - Processing /opt/airflow/dags/fraud_detection_training_dag.py took 0.055 seconds
[2025-10-06T21:23:24.169+0000] {processor.py:186} INFO - Started process (PID=1839) to work on /opt/airflow/dags/fraud_detection_training_dag.py
[2025-10-06T21:23:24.170+0000] {processor.py:914} INFO - Processing file /opt/airflow/dags/fraud_detection_training_dag.py for tasks to queue
[2025-10-06T21:23:24.175+0000] {logging_mixin.py:190} INFO - [2025-10-06T21:23:24.174+0000] {dagbag.py:588} INFO - Filling up the DagBag from /opt/airflow/dags/fraud_detection_training_dag.py
[2025-10-06T21:23:24.184+0000] {logging_mixin.py:190} INFO - [2025-10-06T21:23:24.182+0000] {dagbag.py:387} ERROR - Failed to import: /opt/airflow/dags/fraud_detection_training_dag.py
Traceback (most recent call last):
  File "/home/airflow/.local/lib/python3.12/site-packages/airflow/models/dagbag.py", line 383, in parse
    loader.exec_module(new_module)
  File "<frozen importlib._bootstrap_external>", line 995, in exec_module
  File "<frozen importlib._bootstrap_external>", line 1133, in get_code
  File "<frozen importlib._bootstrap_external>", line 1063, in source_to_code
  File "<frozen importlib._bootstrap>", line 488, in _call_with_frames_removed
  File "/opt/airflow/dags/fraud_detection_training_dag.py", line 19
    dag_id:'fraud_detection_training',
          ^
SyntaxError: invalid syntax
[2025-10-06T21:23:24.185+0000] {processor.py:927} WARNING - No viable dags retrieved from /opt/airflow/dags/fraud_detection_training_dag.py
[2025-10-06T21:23:24.214+0000] {processor.py:208} INFO - Processing /opt/airflow/dags/fraud_detection_training_dag.py took 0.055 seconds
[2025-10-06T21:23:54.716+0000] {processor.py:186} INFO - Started process (PID=1852) to work on /opt/airflow/dags/fraud_detection_training_dag.py
[2025-10-06T21:23:54.719+0000] {processor.py:914} INFO - Processing file /opt/airflow/dags/fraud_detection_training_dag.py for tasks to queue
[2025-10-06T21:23:54.723+0000] {logging_mixin.py:190} INFO - [2025-10-06T21:23:54.722+0000] {dagbag.py:588} INFO - Filling up the DagBag from /opt/airflow/dags/fraud_detection_training_dag.py
[2025-10-06T21:23:54.732+0000] {logging_mixin.py:190} INFO - [2025-10-06T21:23:54.730+0000] {dagbag.py:387} ERROR - Failed to import: /opt/airflow/dags/fraud_detection_training_dag.py
Traceback (most recent call last):
  File "/home/airflow/.local/lib/python3.12/site-packages/airflow/models/dagbag.py", line 383, in parse
    loader.exec_module(new_module)
  File "<frozen importlib._bootstrap_external>", line 995, in exec_module
  File "<frozen importlib._bootstrap_external>", line 1133, in get_code
  File "<frozen importlib._bootstrap_external>", line 1063, in source_to_code
  File "<frozen importlib._bootstrap>", line 488, in _call_with_frames_removed
  File "/opt/airflow/dags/fraud_detection_training_dag.py", line 19
    dag_id:'fraud_detection_training',
          ^
SyntaxError: invalid syntax
[2025-10-06T21:23:54.732+0000] {processor.py:927} WARNING - No viable dags retrieved from /opt/airflow/dags/fraud_detection_training_dag.py
[2025-10-06T21:23:54.752+0000] {processor.py:208} INFO - Processing /opt/airflow/dags/fraud_detection_training_dag.py took 0.043 seconds
[2025-10-06T21:24:25.268+0000] {processor.py:186} INFO - Started process (PID=1858) to work on /opt/airflow/dags/fraud_detection_training_dag.py
[2025-10-06T21:24:25.275+0000] {processor.py:914} INFO - Processing file /opt/airflow/dags/fraud_detection_training_dag.py for tasks to queue
[2025-10-06T21:24:25.288+0000] {logging_mixin.py:190} INFO - [2025-10-06T21:24:25.283+0000] {dagbag.py:588} INFO - Filling up the DagBag from /opt/airflow/dags/fraud_detection_training_dag.py
[2025-10-06T21:24:25.314+0000] {logging_mixin.py:190} INFO - [2025-10-06T21:24:25.305+0000] {dagbag.py:387} ERROR - Failed to import: /opt/airflow/dags/fraud_detection_training_dag.py
Traceback (most recent call last):
  File "/home/airflow/.local/lib/python3.12/site-packages/airflow/models/dagbag.py", line 383, in parse
    loader.exec_module(new_module)
  File "<frozen importlib._bootstrap_external>", line 995, in exec_module
  File "<frozen importlib._bootstrap_external>", line 1133, in get_code
  File "<frozen importlib._bootstrap_external>", line 1063, in source_to_code
  File "<frozen importlib._bootstrap>", line 488, in _call_with_frames_removed
  File "/opt/airflow/dags/fraud_detection_training_dag.py", line 19
    dag_id:'fraud_detection_training',
          ^
SyntaxError: invalid syntax
[2025-10-06T21:24:25.318+0000] {processor.py:927} WARNING - No viable dags retrieved from /opt/airflow/dags/fraud_detection_training_dag.py
[2025-10-06T21:24:25.905+0000] {processor.py:208} INFO - Processing /opt/airflow/dags/fraud_detection_training_dag.py took 0.665 seconds
[2025-10-06T21:24:56.298+0000] {processor.py:186} INFO - Started process (PID=1865) to work on /opt/airflow/dags/fraud_detection_training_dag.py
[2025-10-06T21:24:56.299+0000] {processor.py:914} INFO - Processing file /opt/airflow/dags/fraud_detection_training_dag.py for tasks to queue
[2025-10-06T21:24:56.302+0000] {logging_mixin.py:190} INFO - [2025-10-06T21:24:56.302+0000] {dagbag.py:588} INFO - Filling up the DagBag from /opt/airflow/dags/fraud_detection_training_dag.py
[2025-10-06T21:24:56.309+0000] {logging_mixin.py:190} INFO - [2025-10-06T21:24:56.307+0000] {dagbag.py:387} ERROR - Failed to import: /opt/airflow/dags/fraud_detection_training_dag.py
Traceback (most recent call last):
  File "/home/airflow/.local/lib/python3.12/site-packages/airflow/models/dagbag.py", line 383, in parse
    loader.exec_module(new_module)
  File "<frozen importlib._bootstrap_external>", line 995, in exec_module
  File "<frozen importlib._bootstrap_external>", line 1133, in get_code
  File "<frozen importlib._bootstrap_external>", line 1063, in source_to_code
  File "<frozen importlib._bootstrap>", line 488, in _call_with_frames_removed
  File "/opt/airflow/dags/fraud_detection_training_dag.py", line 19
    dag_id:'fraud_detection_training',
          ^
SyntaxError: invalid syntax
[2025-10-06T21:24:56.310+0000] {processor.py:927} WARNING - No viable dags retrieved from /opt/airflow/dags/fraud_detection_training_dag.py
[2025-10-06T21:24:56.335+0000] {processor.py:208} INFO - Processing /opt/airflow/dags/fraud_detection_training_dag.py took 0.043 seconds
[2025-10-06T21:25:26.802+0000] {processor.py:186} INFO - Started process (PID=1872) to work on /opt/airflow/dags/fraud_detection_training_dag.py
[2025-10-06T21:25:26.802+0000] {processor.py:914} INFO - Processing file /opt/airflow/dags/fraud_detection_training_dag.py for tasks to queue
[2025-10-06T21:25:26.804+0000] {logging_mixin.py:190} INFO - [2025-10-06T21:25:26.804+0000] {dagbag.py:588} INFO - Filling up the DagBag from /opt/airflow/dags/fraud_detection_training_dag.py
[2025-10-06T21:25:26.811+0000] {logging_mixin.py:190} INFO - [2025-10-06T21:25:26.807+0000] {dagbag.py:387} ERROR - Failed to import: /opt/airflow/dags/fraud_detection_training_dag.py
Traceback (most recent call last):
  File "/home/airflow/.local/lib/python3.12/site-packages/airflow/models/dagbag.py", line 383, in parse
    loader.exec_module(new_module)
  File "<frozen importlib._bootstrap_external>", line 995, in exec_module
  File "<frozen importlib._bootstrap_external>", line 1133, in get_code
  File "<frozen importlib._bootstrap_external>", line 1063, in source_to_code
  File "<frozen importlib._bootstrap>", line 488, in _call_with_frames_removed
  File "/opt/airflow/dags/fraud_detection_training_dag.py", line 19
    dag_id:'fraud_detection_training',
          ^
SyntaxError: invalid syntax
[2025-10-06T21:25:26.811+0000] {processor.py:927} WARNING - No viable dags retrieved from /opt/airflow/dags/fraud_detection_training_dag.py
[2025-10-06T21:25:26.835+0000] {processor.py:208} INFO - Processing /opt/airflow/dags/fraud_detection_training_dag.py took 0.040 seconds
[2025-10-06T21:25:57.263+0000] {processor.py:186} INFO - Started process (PID=1879) to work on /opt/airflow/dags/fraud_detection_training_dag.py
[2025-10-06T21:25:57.266+0000] {processor.py:914} INFO - Processing file /opt/airflow/dags/fraud_detection_training_dag.py for tasks to queue
[2025-10-06T21:25:57.272+0000] {logging_mixin.py:190} INFO - [2025-10-06T21:25:57.271+0000] {dagbag.py:588} INFO - Filling up the DagBag from /opt/airflow/dags/fraud_detection_training_dag.py
[2025-10-06T21:25:57.281+0000] {logging_mixin.py:190} INFO - [2025-10-06T21:25:57.278+0000] {dagbag.py:387} ERROR - Failed to import: /opt/airflow/dags/fraud_detection_training_dag.py
Traceback (most recent call last):
  File "/home/airflow/.local/lib/python3.12/site-packages/airflow/models/dagbag.py", line 383, in parse
    loader.exec_module(new_module)
  File "<frozen importlib._bootstrap_external>", line 995, in exec_module
  File "<frozen importlib._bootstrap_external>", line 1133, in get_code
  File "<frozen importlib._bootstrap_external>", line 1063, in source_to_code
  File "<frozen importlib._bootstrap>", line 488, in _call_with_frames_removed
  File "/opt/airflow/dags/fraud_detection_training_dag.py", line 19
    dag_id:'fraud_detection_training',
          ^
SyntaxError: invalid syntax
[2025-10-06T21:25:57.282+0000] {processor.py:927} WARNING - No viable dags retrieved from /opt/airflow/dags/fraud_detection_training_dag.py
[2025-10-06T21:25:57.306+0000] {processor.py:208} INFO - Processing /opt/airflow/dags/fraud_detection_training_dag.py took 0.059 seconds
[2025-10-06T21:26:27.783+0000] {processor.py:186} INFO - Started process (PID=1886) to work on /opt/airflow/dags/fraud_detection_training_dag.py
[2025-10-06T21:26:27.784+0000] {processor.py:914} INFO - Processing file /opt/airflow/dags/fraud_detection_training_dag.py for tasks to queue
[2025-10-06T21:26:27.786+0000] {logging_mixin.py:190} INFO - [2025-10-06T21:26:27.786+0000] {dagbag.py:588} INFO - Filling up the DagBag from /opt/airflow/dags/fraud_detection_training_dag.py
[2025-10-06T21:26:27.792+0000] {logging_mixin.py:190} INFO - [2025-10-06T21:26:27.791+0000] {dagbag.py:387} ERROR - Failed to import: /opt/airflow/dags/fraud_detection_training_dag.py
Traceback (most recent call last):
  File "/home/airflow/.local/lib/python3.12/site-packages/airflow/models/dagbag.py", line 383, in parse
    loader.exec_module(new_module)
  File "<frozen importlib._bootstrap_external>", line 995, in exec_module
  File "<frozen importlib._bootstrap_external>", line 1133, in get_code
  File "<frozen importlib._bootstrap_external>", line 1063, in source_to_code
  File "<frozen importlib._bootstrap>", line 488, in _call_with_frames_removed
  File "/opt/airflow/dags/fraud_detection_training_dag.py", line 19
    dag_id:'fraud_detection_training',
          ^
SyntaxError: invalid syntax
[2025-10-06T21:26:27.792+0000] {processor.py:927} WARNING - No viable dags retrieved from /opt/airflow/dags/fraud_detection_training_dag.py
[2025-10-06T21:26:27.811+0000] {processor.py:208} INFO - Processing /opt/airflow/dags/fraud_detection_training_dag.py took 0.036 seconds
[2025-10-06T21:26:58.520+0000] {processor.py:186} INFO - Started process (PID=1893) to work on /opt/airflow/dags/fraud_detection_training_dag.py
[2025-10-06T21:26:58.521+0000] {processor.py:914} INFO - Processing file /opt/airflow/dags/fraud_detection_training_dag.py for tasks to queue
[2025-10-06T21:26:58.527+0000] {logging_mixin.py:190} INFO - [2025-10-06T21:26:58.526+0000] {dagbag.py:588} INFO - Filling up the DagBag from /opt/airflow/dags/fraud_detection_training_dag.py
[2025-10-06T21:26:58.536+0000] {logging_mixin.py:190} INFO - [2025-10-06T21:26:58.534+0000] {dagbag.py:387} ERROR - Failed to import: /opt/airflow/dags/fraud_detection_training_dag.py
Traceback (most recent call last):
  File "/home/airflow/.local/lib/python3.12/site-packages/airflow/models/dagbag.py", line 383, in parse
    loader.exec_module(new_module)
  File "<frozen importlib._bootstrap_external>", line 995, in exec_module
  File "<frozen importlib._bootstrap_external>", line 1133, in get_code
  File "<frozen importlib._bootstrap_external>", line 1063, in source_to_code
  File "<frozen importlib._bootstrap>", line 488, in _call_with_frames_removed
  File "/opt/airflow/dags/fraud_detection_training_dag.py", line 19
    dag_id:'fraud_detection_training',
          ^
SyntaxError: invalid syntax
[2025-10-06T21:26:58.537+0000] {processor.py:927} WARNING - No viable dags retrieved from /opt/airflow/dags/fraud_detection_training_dag.py
[2025-10-06T21:26:58.556+0000] {processor.py:208} INFO - Processing /opt/airflow/dags/fraud_detection_training_dag.py took 0.047 seconds
[2025-10-06T21:42:22.899+0000] {processor.py:186} INFO - Started process (PID=1894) to work on /opt/airflow/dags/fraud_detection_training_dag.py
[2025-10-06T21:42:22.901+0000] {processor.py:914} INFO - Processing file /opt/airflow/dags/fraud_detection_training_dag.py for tasks to queue
[2025-10-06T21:42:22.905+0000] {logging_mixin.py:190} INFO - [2025-10-06T21:42:22.904+0000] {dagbag.py:588} INFO - Filling up the DagBag from /opt/airflow/dags/fraud_detection_training_dag.py
[2025-10-06T21:42:22.921+0000] {logging_mixin.py:190} INFO - [2025-10-06T21:42:22.912+0000] {dagbag.py:387} ERROR - Failed to import: /opt/airflow/dags/fraud_detection_training_dag.py
Traceback (most recent call last):
  File "/home/airflow/.local/lib/python3.12/site-packages/airflow/models/dagbag.py", line 383, in parse
    loader.exec_module(new_module)
  File "<frozen importlib._bootstrap_external>", line 995, in exec_module
  File "<frozen importlib._bootstrap_external>", line 1133, in get_code
  File "<frozen importlib._bootstrap_external>", line 1063, in source_to_code
  File "<frozen importlib._bootstrap>", line 488, in _call_with_frames_removed
  File "/opt/airflow/dags/fraud_detection_training_dag.py", line 19
    dag_id:'fraud_detection_training',
          ^
SyntaxError: invalid syntax
[2025-10-06T21:42:22.921+0000] {processor.py:927} WARNING - No viable dags retrieved from /opt/airflow/dags/fraud_detection_training_dag.py
[2025-10-06T21:42:22.957+0000] {processor.py:208} INFO - Processing /opt/airflow/dags/fraud_detection_training_dag.py took 0.073 seconds
[2025-10-06T21:47:06.396+0000] {processor.py:186} INFO - Started process (PID=1901) to work on /opt/airflow/dags/fraud_detection_training_dag.py
[2025-10-06T21:47:06.404+0000] {processor.py:914} INFO - Processing file /opt/airflow/dags/fraud_detection_training_dag.py for tasks to queue
[2025-10-06T21:47:06.437+0000] {logging_mixin.py:190} INFO - [2025-10-06T21:47:06.429+0000] {dagbag.py:588} INFO - Filling up the DagBag from /opt/airflow/dags/fraud_detection_training_dag.py
[2025-10-06T21:47:06.493+0000] {logging_mixin.py:190} INFO - [2025-10-06T21:47:06.464+0000] {dagbag.py:387} ERROR - Failed to import: /opt/airflow/dags/fraud_detection_training_dag.py
Traceback (most recent call last):
  File "/home/airflow/.local/lib/python3.12/site-packages/airflow/models/dagbag.py", line 383, in parse
    loader.exec_module(new_module)
  File "<frozen importlib._bootstrap_external>", line 995, in exec_module
  File "<frozen importlib._bootstrap_external>", line 1133, in get_code
  File "<frozen importlib._bootstrap_external>", line 1063, in source_to_code
  File "<frozen importlib._bootstrap>", line 488, in _call_with_frames_removed
  File "/opt/airflow/dags/fraud_detection_training_dag.py", line 19
    dag_id:'fraud_detection_training',
          ^
SyntaxError: invalid syntax
[2025-10-06T21:47:06.497+0000] {processor.py:927} WARNING - No viable dags retrieved from /opt/airflow/dags/fraud_detection_training_dag.py
[2025-10-06T21:47:06.950+0000] {processor.py:208} INFO - Processing /opt/airflow/dags/fraud_detection_training_dag.py took 0.596 seconds
[2025-10-06T21:47:37.462+0000] {processor.py:186} INFO - Started process (PID=1908) to work on /opt/airflow/dags/fraud_detection_training_dag.py
[2025-10-06T21:47:37.464+0000] {processor.py:914} INFO - Processing file /opt/airflow/dags/fraud_detection_training_dag.py for tasks to queue
[2025-10-06T21:47:37.466+0000] {logging_mixin.py:190} INFO - [2025-10-06T21:47:37.466+0000] {dagbag.py:588} INFO - Filling up the DagBag from /opt/airflow/dags/fraud_detection_training_dag.py
[2025-10-06T21:47:37.472+0000] {logging_mixin.py:190} INFO - [2025-10-06T21:47:37.470+0000] {dagbag.py:387} ERROR - Failed to import: /opt/airflow/dags/fraud_detection_training_dag.py
Traceback (most recent call last):
  File "/home/airflow/.local/lib/python3.12/site-packages/airflow/models/dagbag.py", line 383, in parse
    loader.exec_module(new_module)
  File "<frozen importlib._bootstrap_external>", line 995, in exec_module
  File "<frozen importlib._bootstrap_external>", line 1133, in get_code
  File "<frozen importlib._bootstrap_external>", line 1063, in source_to_code
  File "<frozen importlib._bootstrap>", line 488, in _call_with_frames_removed
  File "/opt/airflow/dags/fraud_detection_training_dag.py", line 19
    dag_id:'fraud_detection_training',
          ^
SyntaxError: invalid syntax
[2025-10-06T21:47:37.472+0000] {processor.py:927} WARNING - No viable dags retrieved from /opt/airflow/dags/fraud_detection_training_dag.py
[2025-10-06T21:47:37.490+0000] {processor.py:208} INFO - Processing /opt/airflow/dags/fraud_detection_training_dag.py took 0.036 seconds
[2025-10-06T21:52:13.385+0000] {processor.py:186} INFO - Started process (PID=1915) to work on /opt/airflow/dags/fraud_detection_training_dag.py
[2025-10-06T21:52:13.387+0000] {processor.py:914} INFO - Processing file /opt/airflow/dags/fraud_detection_training_dag.py for tasks to queue
[2025-10-06T21:52:13.394+0000] {logging_mixin.py:190} INFO - [2025-10-06T21:52:13.393+0000] {dagbag.py:588} INFO - Filling up the DagBag from /opt/airflow/dags/fraud_detection_training_dag.py
[2025-10-06T21:52:13.405+0000] {logging_mixin.py:190} INFO - [2025-10-06T21:52:13.402+0000] {dagbag.py:387} ERROR - Failed to import: /opt/airflow/dags/fraud_detection_training_dag.py
Traceback (most recent call last):
  File "/home/airflow/.local/lib/python3.12/site-packages/airflow/models/dagbag.py", line 383, in parse
    loader.exec_module(new_module)
  File "<frozen importlib._bootstrap_external>", line 995, in exec_module
  File "<frozen importlib._bootstrap_external>", line 1133, in get_code
  File "<frozen importlib._bootstrap_external>", line 1063, in source_to_code
  File "<frozen importlib._bootstrap>", line 488, in _call_with_frames_removed
  File "/opt/airflow/dags/fraud_detection_training_dag.py", line 19
    dag_id:'fraud_detection_training',
          ^
SyntaxError: invalid syntax
[2025-10-06T21:52:13.405+0000] {processor.py:927} WARNING - No viable dags retrieved from /opt/airflow/dags/fraud_detection_training_dag.py
[2025-10-06T21:52:13.427+0000] {processor.py:208} INFO - Processing /opt/airflow/dags/fraud_detection_training_dag.py took 0.051 seconds
[2025-10-06T21:52:44.099+0000] {processor.py:186} INFO - Started process (PID=1922) to work on /opt/airflow/dags/fraud_detection_training_dag.py
[2025-10-06T21:52:44.100+0000] {processor.py:914} INFO - Processing file /opt/airflow/dags/fraud_detection_training_dag.py for tasks to queue
[2025-10-06T21:52:44.105+0000] {logging_mixin.py:190} INFO - [2025-10-06T21:52:44.104+0000] {dagbag.py:588} INFO - Filling up the DagBag from /opt/airflow/dags/fraud_detection_training_dag.py
[2025-10-06T21:52:44.114+0000] {logging_mixin.py:190} INFO - [2025-10-06T21:52:44.112+0000] {dagbag.py:387} ERROR - Failed to import: /opt/airflow/dags/fraud_detection_training_dag.py
Traceback (most recent call last):
  File "/home/airflow/.local/lib/python3.12/site-packages/airflow/models/dagbag.py", line 383, in parse
    loader.exec_module(new_module)
  File "<frozen importlib._bootstrap_external>", line 995, in exec_module
  File "<frozen importlib._bootstrap_external>", line 1133, in get_code
  File "<frozen importlib._bootstrap_external>", line 1063, in source_to_code
  File "<frozen importlib._bootstrap>", line 488, in _call_with_frames_removed
  File "/opt/airflow/dags/fraud_detection_training_dag.py", line 19
    dag_id:'fraud_detection_training',
          ^
SyntaxError: invalid syntax
[2025-10-06T21:52:44.114+0000] {processor.py:927} WARNING - No viable dags retrieved from /opt/airflow/dags/fraud_detection_training_dag.py
[2025-10-06T21:52:44.143+0000] {processor.py:208} INFO - Processing /opt/airflow/dags/fraud_detection_training_dag.py took 0.062 seconds
[2025-10-06T21:57:19.941+0000] {processor.py:186} INFO - Started process (PID=1929) to work on /opt/airflow/dags/fraud_detection_training_dag.py
[2025-10-06T21:57:19.943+0000] {processor.py:914} INFO - Processing file /opt/airflow/dags/fraud_detection_training_dag.py for tasks to queue
[2025-10-06T21:57:19.947+0000] {logging_mixin.py:190} INFO - [2025-10-06T21:57:19.946+0000] {dagbag.py:588} INFO - Filling up the DagBag from /opt/airflow/dags/fraud_detection_training_dag.py
[2025-10-06T21:57:19.955+0000] {logging_mixin.py:190} INFO - [2025-10-06T21:57:19.953+0000] {dagbag.py:387} ERROR - Failed to import: /opt/airflow/dags/fraud_detection_training_dag.py
Traceback (most recent call last):
  File "/home/airflow/.local/lib/python3.12/site-packages/airflow/models/dagbag.py", line 383, in parse
    loader.exec_module(new_module)
  File "<frozen importlib._bootstrap_external>", line 995, in exec_module
  File "<frozen importlib._bootstrap_external>", line 1133, in get_code
  File "<frozen importlib._bootstrap_external>", line 1063, in source_to_code
  File "<frozen importlib._bootstrap>", line 488, in _call_with_frames_removed
  File "/opt/airflow/dags/fraud_detection_training_dag.py", line 19
    dag_id:'fraud_detection_training',
          ^
SyntaxError: invalid syntax
[2025-10-06T21:57:19.955+0000] {processor.py:927} WARNING - No viable dags retrieved from /opt/airflow/dags/fraud_detection_training_dag.py
[2025-10-06T21:57:19.975+0000] {processor.py:208} INFO - Processing /opt/airflow/dags/fraud_detection_training_dag.py took 0.042 seconds
[2025-10-06T21:57:50.608+0000] {processor.py:186} INFO - Started process (PID=1936) to work on /opt/airflow/dags/fraud_detection_training_dag.py
[2025-10-06T21:57:50.610+0000] {processor.py:914} INFO - Processing file /opt/airflow/dags/fraud_detection_training_dag.py for tasks to queue
[2025-10-06T21:57:50.614+0000] {logging_mixin.py:190} INFO - [2025-10-06T21:57:50.614+0000] {dagbag.py:588} INFO - Filling up the DagBag from /opt/airflow/dags/fraud_detection_training_dag.py
[2025-10-06T21:57:50.622+0000] {logging_mixin.py:190} INFO - [2025-10-06T21:57:50.620+0000] {dagbag.py:387} ERROR - Failed to import: /opt/airflow/dags/fraud_detection_training_dag.py
Traceback (most recent call last):
  File "/home/airflow/.local/lib/python3.12/site-packages/airflow/models/dagbag.py", line 383, in parse
    loader.exec_module(new_module)
  File "<frozen importlib._bootstrap_external>", line 995, in exec_module
  File "<frozen importlib._bootstrap_external>", line 1133, in get_code
  File "<frozen importlib._bootstrap_external>", line 1063, in source_to_code
  File "<frozen importlib._bootstrap>", line 488, in _call_with_frames_removed
  File "/opt/airflow/dags/fraud_detection_training_dag.py", line 19
    dag_id:'fraud_detection_training',
          ^
SyntaxError: invalid syntax
[2025-10-06T21:57:50.623+0000] {processor.py:927} WARNING - No viable dags retrieved from /opt/airflow/dags/fraud_detection_training_dag.py
[2025-10-06T21:57:50.651+0000] {processor.py:208} INFO - Processing /opt/airflow/dags/fraud_detection_training_dag.py took 0.053 seconds
[2025-10-06T22:02:19.717+0000] {processor.py:186} INFO - Started process (PID=1943) to work on /opt/airflow/dags/fraud_detection_training_dag.py
[2025-10-06T22:02:19.719+0000] {processor.py:914} INFO - Processing file /opt/airflow/dags/fraud_detection_training_dag.py for tasks to queue
[2025-10-06T22:02:19.722+0000] {logging_mixin.py:190} INFO - [2025-10-06T22:02:19.721+0000] {dagbag.py:588} INFO - Filling up the DagBag from /opt/airflow/dags/fraud_detection_training_dag.py
[2025-10-06T22:02:19.728+0000] {logging_mixin.py:190} INFO - [2025-10-06T22:02:19.726+0000] {dagbag.py:387} ERROR - Failed to import: /opt/airflow/dags/fraud_detection_training_dag.py
Traceback (most recent call last):
  File "/home/airflow/.local/lib/python3.12/site-packages/airflow/models/dagbag.py", line 383, in parse
    loader.exec_module(new_module)
  File "<frozen importlib._bootstrap_external>", line 995, in exec_module
  File "<frozen importlib._bootstrap_external>", line 1133, in get_code
  File "<frozen importlib._bootstrap_external>", line 1063, in source_to_code
  File "<frozen importlib._bootstrap>", line 488, in _call_with_frames_removed
  File "/opt/airflow/dags/fraud_detection_training_dag.py", line 19
    dag_id:'fraud_detection_training',
          ^
SyntaxError: invalid syntax
[2025-10-06T22:02:19.728+0000] {processor.py:927} WARNING - No viable dags retrieved from /opt/airflow/dags/fraud_detection_training_dag.py
[2025-10-06T22:02:19.747+0000] {processor.py:208} INFO - Processing /opt/airflow/dags/fraud_detection_training_dag.py took 0.037 seconds
[2025-10-06T22:02:50.289+0000] {processor.py:186} INFO - Started process (PID=1950) to work on /opt/airflow/dags/fraud_detection_training_dag.py
[2025-10-06T22:02:50.290+0000] {processor.py:914} INFO - Processing file /opt/airflow/dags/fraud_detection_training_dag.py for tasks to queue
[2025-10-06T22:02:50.294+0000] {logging_mixin.py:190} INFO - [2025-10-06T22:02:50.294+0000] {dagbag.py:588} INFO - Filling up the DagBag from /opt/airflow/dags/fraud_detection_training_dag.py
[2025-10-06T22:02:50.300+0000] {logging_mixin.py:190} INFO - [2025-10-06T22:02:50.299+0000] {dagbag.py:387} ERROR - Failed to import: /opt/airflow/dags/fraud_detection_training_dag.py
Traceback (most recent call last):
  File "/home/airflow/.local/lib/python3.12/site-packages/airflow/models/dagbag.py", line 383, in parse
    loader.exec_module(new_module)
  File "<frozen importlib._bootstrap_external>", line 995, in exec_module
  File "<frozen importlib._bootstrap_external>", line 1133, in get_code
  File "<frozen importlib._bootstrap_external>", line 1063, in source_to_code
  File "<frozen importlib._bootstrap>", line 488, in _call_with_frames_removed
  File "/opt/airflow/dags/fraud_detection_training_dag.py", line 19
    dag_id:'fraud_detection_training',
          ^
SyntaxError: invalid syntax
[2025-10-06T22:02:50.301+0000] {processor.py:927} WARNING - No viable dags retrieved from /opt/airflow/dags/fraud_detection_training_dag.py
[2025-10-06T22:02:50.322+0000] {processor.py:208} INFO - Processing /opt/airflow/dags/fraud_detection_training_dag.py took 0.042 seconds
[2025-10-06T22:03:20.782+0000] {processor.py:186} INFO - Started process (PID=1957) to work on /opt/airflow/dags/fraud_detection_training_dag.py
[2025-10-06T22:03:20.787+0000] {processor.py:914} INFO - Processing file /opt/airflow/dags/fraud_detection_training_dag.py for tasks to queue
[2025-10-06T22:03:20.793+0000] {logging_mixin.py:190} INFO - [2025-10-06T22:03:20.792+0000] {dagbag.py:588} INFO - Filling up the DagBag from /opt/airflow/dags/fraud_detection_training_dag.py
[2025-10-06T22:03:20.803+0000] {logging_mixin.py:190} INFO - [2025-10-06T22:03:20.801+0000] {dagbag.py:387} ERROR - Failed to import: /opt/airflow/dags/fraud_detection_training_dag.py
Traceback (most recent call last):
  File "/home/airflow/.local/lib/python3.12/site-packages/airflow/models/dagbag.py", line 383, in parse
    loader.exec_module(new_module)
  File "<frozen importlib._bootstrap_external>", line 995, in exec_module
  File "<frozen importlib._bootstrap_external>", line 1133, in get_code
  File "<frozen importlib._bootstrap_external>", line 1063, in source_to_code
  File "<frozen importlib._bootstrap>", line 488, in _call_with_frames_removed
  File "/opt/airflow/dags/fraud_detection_training_dag.py", line 19
    dag_id:'fraud_detection_training',
          ^
SyntaxError: invalid syntax
[2025-10-06T22:03:20.804+0000] {processor.py:927} WARNING - No viable dags retrieved from /opt/airflow/dags/fraud_detection_training_dag.py
[2025-10-06T22:03:20.834+0000] {processor.py:208} INFO - Processing /opt/airflow/dags/fraud_detection_training_dag.py took 0.064 seconds
[2025-10-06T22:03:51.230+0000] {processor.py:186} INFO - Started process (PID=1964) to work on /opt/airflow/dags/fraud_detection_training_dag.py
[2025-10-06T22:03:51.235+0000] {processor.py:914} INFO - Processing file /opt/airflow/dags/fraud_detection_training_dag.py for tasks to queue
[2025-10-06T22:03:51.245+0000] {logging_mixin.py:190} INFO - [2025-10-06T22:03:51.242+0000] {dagbag.py:588} INFO - Filling up the DagBag from /opt/airflow/dags/fraud_detection_training_dag.py
[2025-10-06T22:03:51.300+0000] {logging_mixin.py:190} INFO - [2025-10-06T22:03:51.278+0000] {dagbag.py:387} ERROR - Failed to import: /opt/airflow/dags/fraud_detection_training_dag.py
Traceback (most recent call last):
  File "/home/airflow/.local/lib/python3.12/site-packages/airflow/models/dagbag.py", line 383, in parse
    loader.exec_module(new_module)
  File "<frozen importlib._bootstrap_external>", line 995, in exec_module
  File "<frozen importlib._bootstrap_external>", line 1133, in get_code
  File "<frozen importlib._bootstrap_external>", line 1063, in source_to_code
  File "<frozen importlib._bootstrap>", line 488, in _call_with_frames_removed
  File "/opt/airflow/dags/fraud_detection_training_dag.py", line 19
    dag_id:'fraud_detection_training',
          ^
SyntaxError: invalid syntax
[2025-10-06T22:03:51.311+0000] {processor.py:927} WARNING - No viable dags retrieved from /opt/airflow/dags/fraud_detection_training_dag.py
[2025-10-06T22:03:52.288+0000] {processor.py:208} INFO - Processing /opt/airflow/dags/fraud_detection_training_dag.py took 1.094 seconds
[2025-10-06T22:04:22.997+0000] {processor.py:186} INFO - Started process (PID=1971) to work on /opt/airflow/dags/fraud_detection_training_dag.py
[2025-10-06T22:04:22.999+0000] {processor.py:914} INFO - Processing file /opt/airflow/dags/fraud_detection_training_dag.py for tasks to queue
[2025-10-06T22:04:23.004+0000] {logging_mixin.py:190} INFO - [2025-10-06T22:04:23.003+0000] {dagbag.py:588} INFO - Filling up the DagBag from /opt/airflow/dags/fraud_detection_training_dag.py
[2025-10-06T22:04:23.011+0000] {logging_mixin.py:190} INFO - [2025-10-06T22:04:23.009+0000] {dagbag.py:387} ERROR - Failed to import: /opt/airflow/dags/fraud_detection_training_dag.py
Traceback (most recent call last):
  File "/home/airflow/.local/lib/python3.12/site-packages/airflow/models/dagbag.py", line 383, in parse
    loader.exec_module(new_module)
  File "<frozen importlib._bootstrap_external>", line 995, in exec_module
  File "<frozen importlib._bootstrap_external>", line 1133, in get_code
  File "<frozen importlib._bootstrap_external>", line 1063, in source_to_code
  File "<frozen importlib._bootstrap>", line 488, in _call_with_frames_removed
  File "/opt/airflow/dags/fraud_detection_training_dag.py", line 19
    dag_id:'fraud_detection_training',
          ^
SyntaxError: invalid syntax
[2025-10-06T22:04:23.011+0000] {processor.py:927} WARNING - No viable dags retrieved from /opt/airflow/dags/fraud_detection_training_dag.py
[2025-10-06T22:04:23.038+0000] {processor.py:208} INFO - Processing /opt/airflow/dags/fraud_detection_training_dag.py took 0.055 seconds
[2025-10-06T22:04:53.792+0000] {processor.py:186} INFO - Started process (PID=1984) to work on /opt/airflow/dags/fraud_detection_training_dag.py
[2025-10-06T22:04:53.795+0000] {processor.py:914} INFO - Processing file /opt/airflow/dags/fraud_detection_training_dag.py for tasks to queue
[2025-10-06T22:04:53.799+0000] {logging_mixin.py:190} INFO - [2025-10-06T22:04:53.798+0000] {dagbag.py:588} INFO - Filling up the DagBag from /opt/airflow/dags/fraud_detection_training_dag.py
[2025-10-06T22:04:53.809+0000] {logging_mixin.py:190} INFO - [2025-10-06T22:04:53.808+0000] {dagbag.py:387} ERROR - Failed to import: /opt/airflow/dags/fraud_detection_training_dag.py
Traceback (most recent call last):
  File "/home/airflow/.local/lib/python3.12/site-packages/airflow/models/dagbag.py", line 383, in parse
    loader.exec_module(new_module)
  File "<frozen importlib._bootstrap_external>", line 995, in exec_module
  File "<frozen importlib._bootstrap_external>", line 1133, in get_code
  File "<frozen importlib._bootstrap_external>", line 1063, in source_to_code
  File "<frozen importlib._bootstrap>", line 488, in _call_with_frames_removed
  File "/opt/airflow/dags/fraud_detection_training_dag.py", line 19
    dag_id:'fraud_detection_training',
          ^
SyntaxError: invalid syntax
[2025-10-06T22:04:53.810+0000] {processor.py:927} WARNING - No viable dags retrieved from /opt/airflow/dags/fraud_detection_training_dag.py
[2025-10-06T22:04:53.840+0000] {processor.py:208} INFO - Processing /opt/airflow/dags/fraud_detection_training_dag.py took 0.060 seconds
[2025-10-06T22:05:24.443+0000] {processor.py:186} INFO - Started process (PID=1991) to work on /opt/airflow/dags/fraud_detection_training_dag.py
[2025-10-06T22:05:24.445+0000] {processor.py:914} INFO - Processing file /opt/airflow/dags/fraud_detection_training_dag.py for tasks to queue
[2025-10-06T22:05:24.448+0000] {logging_mixin.py:190} INFO - [2025-10-06T22:05:24.448+0000] {dagbag.py:588} INFO - Filling up the DagBag from /opt/airflow/dags/fraud_detection_training_dag.py
[2025-10-06T22:05:24.453+0000] {logging_mixin.py:190} INFO - [2025-10-06T22:05:24.452+0000] {dagbag.py:387} ERROR - Failed to import: /opt/airflow/dags/fraud_detection_training_dag.py
Traceback (most recent call last):
  File "/home/airflow/.local/lib/python3.12/site-packages/airflow/models/dagbag.py", line 383, in parse
    loader.exec_module(new_module)
  File "<frozen importlib._bootstrap_external>", line 995, in exec_module
  File "<frozen importlib._bootstrap_external>", line 1133, in get_code
  File "<frozen importlib._bootstrap_external>", line 1063, in source_to_code
  File "<frozen importlib._bootstrap>", line 488, in _call_with_frames_removed
  File "/opt/airflow/dags/fraud_detection_training_dag.py", line 19
    dag_id:'fraud_detection_training',
          ^
SyntaxError: invalid syntax
[2025-10-06T22:05:24.453+0000] {processor.py:927} WARNING - No viable dags retrieved from /opt/airflow/dags/fraud_detection_training_dag.py
[2025-10-06T22:05:24.471+0000] {processor.py:208} INFO - Processing /opt/airflow/dags/fraud_detection_training_dag.py took 0.035 seconds
[2025-10-06T22:05:54.741+0000] {processor.py:186} INFO - Started process (PID=1998) to work on /opt/airflow/dags/fraud_detection_training_dag.py
[2025-10-06T22:05:54.742+0000] {processor.py:914} INFO - Processing file /opt/airflow/dags/fraud_detection_training_dag.py for tasks to queue
[2025-10-06T22:05:54.746+0000] {logging_mixin.py:190} INFO - [2025-10-06T22:05:54.746+0000] {dagbag.py:588} INFO - Filling up the DagBag from /opt/airflow/dags/fraud_detection_training_dag.py
[2025-10-06T22:05:54.752+0000] {logging_mixin.py:190} INFO - [2025-10-06T22:05:54.750+0000] {dagbag.py:387} ERROR - Failed to import: /opt/airflow/dags/fraud_detection_training_dag.py
Traceback (most recent call last):
  File "/home/airflow/.local/lib/python3.12/site-packages/airflow/models/dagbag.py", line 383, in parse
    loader.exec_module(new_module)
  File "<frozen importlib._bootstrap_external>", line 995, in exec_module
  File "<frozen importlib._bootstrap_external>", line 1133, in get_code
  File "<frozen importlib._bootstrap_external>", line 1063, in source_to_code
  File "<frozen importlib._bootstrap>", line 488, in _call_with_frames_removed
  File "/opt/airflow/dags/fraud_detection_training_dag.py", line 19
    dag_id:'fraud_detection_training',
          ^
SyntaxError: invalid syntax
[2025-10-06T22:05:54.752+0000] {processor.py:927} WARNING - No viable dags retrieved from /opt/airflow/dags/fraud_detection_training_dag.py
[2025-10-06T22:05:54.770+0000] {processor.py:208} INFO - Processing /opt/airflow/dags/fraud_detection_training_dag.py took 0.038 seconds
[2025-10-06T22:06:25.125+0000] {processor.py:186} INFO - Started process (PID=2005) to work on /opt/airflow/dags/fraud_detection_training_dag.py
[2025-10-06T22:06:25.126+0000] {processor.py:914} INFO - Processing file /opt/airflow/dags/fraud_detection_training_dag.py for tasks to queue
[2025-10-06T22:06:25.129+0000] {logging_mixin.py:190} INFO - [2025-10-06T22:06:25.128+0000] {dagbag.py:588} INFO - Filling up the DagBag from /opt/airflow/dags/fraud_detection_training_dag.py
[2025-10-06T22:06:25.133+0000] {logging_mixin.py:190} INFO - [2025-10-06T22:06:25.132+0000] {dagbag.py:387} ERROR - Failed to import: /opt/airflow/dags/fraud_detection_training_dag.py
Traceback (most recent call last):
  File "/home/airflow/.local/lib/python3.12/site-packages/airflow/models/dagbag.py", line 383, in parse
    loader.exec_module(new_module)
  File "<frozen importlib._bootstrap_external>", line 995, in exec_module
  File "<frozen importlib._bootstrap_external>", line 1133, in get_code
  File "<frozen importlib._bootstrap_external>", line 1063, in source_to_code
  File "<frozen importlib._bootstrap>", line 488, in _call_with_frames_removed
  File "/opt/airflow/dags/fraud_detection_training_dag.py", line 19
    dag_id:'fraud_detection_training',
          ^
SyntaxError: invalid syntax
[2025-10-06T22:06:25.133+0000] {processor.py:927} WARNING - No viable dags retrieved from /opt/airflow/dags/fraud_detection_training_dag.py
[2025-10-06T22:06:25.153+0000] {processor.py:208} INFO - Processing /opt/airflow/dags/fraud_detection_training_dag.py took 0.032 seconds
[2025-10-06T22:06:55.635+0000] {processor.py:186} INFO - Started process (PID=2012) to work on /opt/airflow/dags/fraud_detection_training_dag.py
[2025-10-06T22:06:55.644+0000] {processor.py:914} INFO - Processing file /opt/airflow/dags/fraud_detection_training_dag.py for tasks to queue
[2025-10-06T22:06:55.661+0000] {logging_mixin.py:190} INFO - [2025-10-06T22:06:55.658+0000] {dagbag.py:588} INFO - Filling up the DagBag from /opt/airflow/dags/fraud_detection_training_dag.py
[2025-10-06T22:06:55.691+0000] {logging_mixin.py:190} INFO - [2025-10-06T22:06:55.678+0000] {dagbag.py:387} ERROR - Failed to import: /opt/airflow/dags/fraud_detection_training_dag.py
Traceback (most recent call last):
  File "/home/airflow/.local/lib/python3.12/site-packages/airflow/models/dagbag.py", line 383, in parse
    loader.exec_module(new_module)
  File "<frozen importlib._bootstrap_external>", line 995, in exec_module
  File "<frozen importlib._bootstrap_external>", line 1133, in get_code
  File "<frozen importlib._bootstrap_external>", line 1063, in source_to_code
  File "<frozen importlib._bootstrap>", line 488, in _call_with_frames_removed
  File "/opt/airflow/dags/fraud_detection_training_dag.py", line 19
    dag_id:'fraud_detection_training',
          ^
SyntaxError: invalid syntax
[2025-10-06T22:06:55.694+0000] {processor.py:927} WARNING - No viable dags retrieved from /opt/airflow/dags/fraud_detection_training_dag.py
[2025-10-06T22:06:56.287+0000] {processor.py:208} INFO - Processing /opt/airflow/dags/fraud_detection_training_dag.py took 0.672 seconds
[2025-10-06T22:07:26.873+0000] {processor.py:186} INFO - Started process (PID=2019) to work on /opt/airflow/dags/fraud_detection_training_dag.py
[2025-10-06T22:07:26.874+0000] {processor.py:914} INFO - Processing file /opt/airflow/dags/fraud_detection_training_dag.py for tasks to queue
[2025-10-06T22:07:26.877+0000] {logging_mixin.py:190} INFO - [2025-10-06T22:07:26.877+0000] {dagbag.py:588} INFO - Filling up the DagBag from /opt/airflow/dags/fraud_detection_training_dag.py
[2025-10-06T22:07:26.884+0000] {logging_mixin.py:190} INFO - [2025-10-06T22:07:26.882+0000] {dagbag.py:387} ERROR - Failed to import: /opt/airflow/dags/fraud_detection_training_dag.py
Traceback (most recent call last):
  File "/home/airflow/.local/lib/python3.12/site-packages/airflow/models/dagbag.py", line 383, in parse
    loader.exec_module(new_module)
  File "<frozen importlib._bootstrap_external>", line 995, in exec_module
  File "<frozen importlib._bootstrap_external>", line 1133, in get_code
  File "<frozen importlib._bootstrap_external>", line 1063, in source_to_code
  File "<frozen importlib._bootstrap>", line 488, in _call_with_frames_removed
  File "/opt/airflow/dags/fraud_detection_training_dag.py", line 19
    dag_id:'fraud_detection_training',
          ^
SyntaxError: invalid syntax
[2025-10-06T22:07:26.885+0000] {processor.py:927} WARNING - No viable dags retrieved from /opt/airflow/dags/fraud_detection_training_dag.py
[2025-10-06T22:07:26.905+0000] {processor.py:208} INFO - Processing /opt/airflow/dags/fraud_detection_training_dag.py took 0.039 seconds
[2025-10-06T22:07:57.488+0000] {processor.py:186} INFO - Started process (PID=2026) to work on /opt/airflow/dags/fraud_detection_training_dag.py
[2025-10-06T22:07:57.489+0000] {processor.py:914} INFO - Processing file /opt/airflow/dags/fraud_detection_training_dag.py for tasks to queue
[2025-10-06T22:07:57.494+0000] {logging_mixin.py:190} INFO - [2025-10-06T22:07:57.493+0000] {dagbag.py:588} INFO - Filling up the DagBag from /opt/airflow/dags/fraud_detection_training_dag.py
[2025-10-06T22:07:57.500+0000] {logging_mixin.py:190} INFO - [2025-10-06T22:07:57.498+0000] {dagbag.py:387} ERROR - Failed to import: /opt/airflow/dags/fraud_detection_training_dag.py
Traceback (most recent call last):
  File "/home/airflow/.local/lib/python3.12/site-packages/airflow/models/dagbag.py", line 383, in parse
    loader.exec_module(new_module)
  File "<frozen importlib._bootstrap_external>", line 995, in exec_module
  File "<frozen importlib._bootstrap_external>", line 1133, in get_code
  File "<frozen importlib._bootstrap_external>", line 1063, in source_to_code
  File "<frozen importlib._bootstrap>", line 488, in _call_with_frames_removed
  File "/opt/airflow/dags/fraud_detection_training_dag.py", line 19
    dag_id:'fraud_detection_training',
          ^
SyntaxError: invalid syntax
[2025-10-06T22:07:57.501+0000] {processor.py:927} WARNING - No viable dags retrieved from /opt/airflow/dags/fraud_detection_training_dag.py
[2025-10-06T22:07:57.519+0000] {processor.py:208} INFO - Processing /opt/airflow/dags/fraud_detection_training_dag.py took 0.040 seconds
[2025-10-06T22:08:31.335+0000] {processor.py:186} INFO - Started process (PID=2027) to work on /opt/airflow/dags/fraud_detection_training_dag.py
[2025-10-06T22:08:32.362+0000] {processor.py:914} INFO - Processing file /opt/airflow/dags/fraud_detection_training_dag.py for tasks to queue
[2025-10-06T22:08:38.825+0000] {logging_mixin.py:190} INFO - [2025-10-06T22:08:37.016+0000] {dagbag.py:588} INFO - Filling up the DagBag from /opt/airflow/dags/fraud_detection_training_dag.py
[2025-10-06T22:08:41.760+0000] {logging_mixin.py:190} INFO - [2025-10-06T22:08:41.412+0000] {dagbag.py:387} ERROR - Failed to import: /opt/airflow/dags/fraud_detection_training_dag.py
Traceback (most recent call last):
  File "/home/airflow/.local/lib/python3.12/site-packages/airflow/models/dagbag.py", line 383, in parse
    loader.exec_module(new_module)
  File "<frozen importlib._bootstrap_external>", line 995, in exec_module
  File "<frozen importlib._bootstrap_external>", line 1133, in get_code
  File "<frozen importlib._bootstrap_external>", line 1063, in source_to_code
  File "<frozen importlib._bootstrap>", line 488, in _call_with_frames_removed
  File "/opt/airflow/dags/fraud_detection_training_dag.py", line 19
    dag_id:'fraud_detection_training',
          ^
SyntaxError: invalid syntax
[2025-10-06T22:08:42.092+0000] {processor.py:927} WARNING - No viable dags retrieved from /opt/airflow/dags/fraud_detection_training_dag.py
[2025-10-06T22:08:42.901+0000] {processor.py:208} INFO - Processing /opt/airflow/dags/fraud_detection_training_dag.py took 13.281 seconds
[2025-10-06T22:09:13.355+0000] {processor.py:186} INFO - Started process (PID=2033) to work on /opt/airflow/dags/fraud_detection_training_dag.py
[2025-10-06T22:09:13.358+0000] {processor.py:914} INFO - Processing file /opt/airflow/dags/fraud_detection_training_dag.py for tasks to queue
[2025-10-06T22:09:13.364+0000] {logging_mixin.py:190} INFO - [2025-10-06T22:09:13.363+0000] {dagbag.py:588} INFO - Filling up the DagBag from /opt/airflow/dags/fraud_detection_training_dag.py
[2025-10-06T22:09:13.372+0000] {logging_mixin.py:190} INFO - [2025-10-06T22:09:13.369+0000] {dagbag.py:387} ERROR - Failed to import: /opt/airflow/dags/fraud_detection_training_dag.py
Traceback (most recent call last):
  File "/home/airflow/.local/lib/python3.12/site-packages/airflow/models/dagbag.py", line 383, in parse
    loader.exec_module(new_module)
  File "<frozen importlib._bootstrap_external>", line 995, in exec_module
  File "<frozen importlib._bootstrap_external>", line 1133, in get_code
  File "<frozen importlib._bootstrap_external>", line 1063, in source_to_code
  File "<frozen importlib._bootstrap>", line 488, in _call_with_frames_removed
  File "/opt/airflow/dags/fraud_detection_training_dag.py", line 19
    dag_id:'fraud_detection_training',
          ^
SyntaxError: invalid syntax
[2025-10-06T22:09:13.372+0000] {processor.py:927} WARNING - No viable dags retrieved from /opt/airflow/dags/fraud_detection_training_dag.py
[2025-10-06T22:09:13.422+0000] {processor.py:208} INFO - Processing /opt/airflow/dags/fraud_detection_training_dag.py took 0.084 seconds
[2025-10-06T22:09:43.889+0000] {processor.py:186} INFO - Started process (PID=2046) to work on /opt/airflow/dags/fraud_detection_training_dag.py
[2025-10-06T22:09:43.890+0000] {processor.py:914} INFO - Processing file /opt/airflow/dags/fraud_detection_training_dag.py for tasks to queue
[2025-10-06T22:09:43.896+0000] {logging_mixin.py:190} INFO - [2025-10-06T22:09:43.896+0000] {dagbag.py:588} INFO - Filling up the DagBag from /opt/airflow/dags/fraud_detection_training_dag.py
[2025-10-06T22:09:43.910+0000] {logging_mixin.py:190} INFO - [2025-10-06T22:09:43.908+0000] {dagbag.py:387} ERROR - Failed to import: /opt/airflow/dags/fraud_detection_training_dag.py
Traceback (most recent call last):
  File "/home/airflow/.local/lib/python3.12/site-packages/airflow/models/dagbag.py", line 383, in parse
    loader.exec_module(new_module)
  File "<frozen importlib._bootstrap_external>", line 995, in exec_module
  File "<frozen importlib._bootstrap_external>", line 1133, in get_code
  File "<frozen importlib._bootstrap_external>", line 1063, in source_to_code
  File "<frozen importlib._bootstrap>", line 488, in _call_with_frames_removed
  File "/opt/airflow/dags/fraud_detection_training_dag.py", line 19
    dag_id:'fraud_detection_training',
          ^
SyntaxError: invalid syntax
[2025-10-06T22:09:43.911+0000] {processor.py:927} WARNING - No viable dags retrieved from /opt/airflow/dags/fraud_detection_training_dag.py
[2025-10-06T22:09:43.949+0000] {processor.py:208} INFO - Processing /opt/airflow/dags/fraud_detection_training_dag.py took 0.070 seconds
[2025-10-06T22:10:14.475+0000] {processor.py:186} INFO - Started process (PID=2053) to work on /opt/airflow/dags/fraud_detection_training_dag.py
[2025-10-06T22:10:14.476+0000] {processor.py:914} INFO - Processing file /opt/airflow/dags/fraud_detection_training_dag.py for tasks to queue
[2025-10-06T22:10:14.480+0000] {logging_mixin.py:190} INFO - [2025-10-06T22:10:14.479+0000] {dagbag.py:588} INFO - Filling up the DagBag from /opt/airflow/dags/fraud_detection_training_dag.py
[2025-10-06T22:10:14.485+0000] {logging_mixin.py:190} INFO - [2025-10-06T22:10:14.484+0000] {dagbag.py:387} ERROR - Failed to import: /opt/airflow/dags/fraud_detection_training_dag.py
Traceback (most recent call last):
  File "/home/airflow/.local/lib/python3.12/site-packages/airflow/models/dagbag.py", line 383, in parse
    loader.exec_module(new_module)
  File "<frozen importlib._bootstrap_external>", line 995, in exec_module
  File "<frozen importlib._bootstrap_external>", line 1133, in get_code
  File "<frozen importlib._bootstrap_external>", line 1063, in source_to_code
  File "<frozen importlib._bootstrap>", line 488, in _call_with_frames_removed
  File "/opt/airflow/dags/fraud_detection_training_dag.py", line 19
    dag_id:'fraud_detection_training',
          ^
SyntaxError: invalid syntax
[2025-10-06T22:10:14.486+0000] {processor.py:927} WARNING - No viable dags retrieved from /opt/airflow/dags/fraud_detection_training_dag.py
[2025-10-06T22:10:14.509+0000] {processor.py:208} INFO - Processing /opt/airflow/dags/fraud_detection_training_dag.py took 0.044 seconds
[2025-10-06T22:10:44.572+0000] {processor.py:186} INFO - Started process (PID=2060) to work on /opt/airflow/dags/fraud_detection_training_dag.py
[2025-10-06T22:10:44.572+0000] {processor.py:914} INFO - Processing file /opt/airflow/dags/fraud_detection_training_dag.py for tasks to queue
[2025-10-06T22:10:44.579+0000] {logging_mixin.py:190} INFO - [2025-10-06T22:10:44.577+0000] {dagbag.py:588} INFO - Filling up the DagBag from /opt/airflow/dags/fraud_detection_training_dag.py
[2025-10-06T22:10:44.587+0000] {logging_mixin.py:190} INFO - [2025-10-06T22:10:44.585+0000] {dagbag.py:387} ERROR - Failed to import: /opt/airflow/dags/fraud_detection_training_dag.py
Traceback (most recent call last):
  File "/home/airflow/.local/lib/python3.12/site-packages/airflow/models/dagbag.py", line 383, in parse
    loader.exec_module(new_module)
  File "<frozen importlib._bootstrap_external>", line 995, in exec_module
  File "<frozen importlib._bootstrap_external>", line 1133, in get_code
  File "<frozen importlib._bootstrap_external>", line 1063, in source_to_code
  File "<frozen importlib._bootstrap>", line 488, in _call_with_frames_removed
  File "/opt/airflow/dags/fraud_detection_training_dag.py", line 19
    dag_id:'fraud_detection_training',
          ^
SyntaxError: invalid syntax
[2025-10-06T22:10:44.587+0000] {processor.py:927} WARNING - No viable dags retrieved from /opt/airflow/dags/fraud_detection_training_dag.py
[2025-10-06T22:10:44.606+0000] {processor.py:208} INFO - Processing /opt/airflow/dags/fraud_detection_training_dag.py took 0.042 seconds
[2025-10-06T22:11:14.947+0000] {processor.py:186} INFO - Started process (PID=2067) to work on /opt/airflow/dags/fraud_detection_training_dag.py
[2025-10-06T22:11:14.949+0000] {processor.py:914} INFO - Processing file /opt/airflow/dags/fraud_detection_training_dag.py for tasks to queue
[2025-10-06T22:11:14.953+0000] {logging_mixin.py:190} INFO - [2025-10-06T22:11:14.953+0000] {dagbag.py:588} INFO - Filling up the DagBag from /opt/airflow/dags/fraud_detection_training_dag.py
[2025-10-06T22:11:14.961+0000] {logging_mixin.py:190} INFO - [2025-10-06T22:11:14.958+0000] {dagbag.py:387} ERROR - Failed to import: /opt/airflow/dags/fraud_detection_training_dag.py
Traceback (most recent call last):
  File "/home/airflow/.local/lib/python3.12/site-packages/airflow/models/dagbag.py", line 383, in parse
    loader.exec_module(new_module)
  File "<frozen importlib._bootstrap_external>", line 995, in exec_module
  File "<frozen importlib._bootstrap_external>", line 1133, in get_code
  File "<frozen importlib._bootstrap_external>", line 1063, in source_to_code
  File "<frozen importlib._bootstrap>", line 488, in _call_with_frames_removed
  File "/opt/airflow/dags/fraud_detection_training_dag.py", line 19
    dag_id:'fraud_detection_training',
          ^
SyntaxError: invalid syntax
[2025-10-06T22:11:14.962+0000] {processor.py:927} WARNING - No viable dags retrieved from /opt/airflow/dags/fraud_detection_training_dag.py
[2025-10-06T22:11:14.980+0000] {processor.py:208} INFO - Processing /opt/airflow/dags/fraud_detection_training_dag.py took 0.049 seconds
[2025-10-06T22:11:45.453+0000] {processor.py:186} INFO - Started process (PID=2074) to work on /opt/airflow/dags/fraud_detection_training_dag.py
[2025-10-06T22:11:45.457+0000] {processor.py:914} INFO - Processing file /opt/airflow/dags/fraud_detection_training_dag.py for tasks to queue
[2025-10-06T22:11:45.473+0000] {logging_mixin.py:190} INFO - [2025-10-06T22:11:45.468+0000] {dagbag.py:588} INFO - Filling up the DagBag from /opt/airflow/dags/fraud_detection_training_dag.py
[2025-10-06T22:11:45.520+0000] {logging_mixin.py:190} INFO - [2025-10-06T22:11:45.502+0000] {dagbag.py:387} ERROR - Failed to import: /opt/airflow/dags/fraud_detection_training_dag.py
Traceback (most recent call last):
  File "/home/airflow/.local/lib/python3.12/site-packages/airflow/models/dagbag.py", line 383, in parse
    loader.exec_module(new_module)
  File "<frozen importlib._bootstrap_external>", line 995, in exec_module
  File "<frozen importlib._bootstrap_external>", line 1133, in get_code
  File "<frozen importlib._bootstrap_external>", line 1063, in source_to_code
  File "<frozen importlib._bootstrap>", line 488, in _call_with_frames_removed
  File "/opt/airflow/dags/fraud_detection_training_dag.py", line 19
    dag_id:'fraud_detection_training',
          ^
SyntaxError: invalid syntax
[2025-10-06T22:11:45.529+0000] {processor.py:927} WARNING - No viable dags retrieved from /opt/airflow/dags/fraud_detection_training_dag.py
[2025-10-06T22:11:45.933+0000] {processor.py:208} INFO - Processing /opt/airflow/dags/fraud_detection_training_dag.py took 0.504 seconds
[2025-10-06T22:12:16.471+0000] {processor.py:186} INFO - Started process (PID=2081) to work on /opt/airflow/dags/fraud_detection_training_dag.py
[2025-10-06T22:12:16.472+0000] {processor.py:914} INFO - Processing file /opt/airflow/dags/fraud_detection_training_dag.py for tasks to queue
[2025-10-06T22:12:16.475+0000] {logging_mixin.py:190} INFO - [2025-10-06T22:12:16.475+0000] {dagbag.py:588} INFO - Filling up the DagBag from /opt/airflow/dags/fraud_detection_training_dag.py
[2025-10-06T22:12:16.481+0000] {logging_mixin.py:190} INFO - [2025-10-06T22:12:16.479+0000] {dagbag.py:387} ERROR - Failed to import: /opt/airflow/dags/fraud_detection_training_dag.py
Traceback (most recent call last):
  File "/home/airflow/.local/lib/python3.12/site-packages/airflow/models/dagbag.py", line 383, in parse
    loader.exec_module(new_module)
  File "<frozen importlib._bootstrap_external>", line 995, in exec_module
  File "<frozen importlib._bootstrap_external>", line 1133, in get_code
  File "<frozen importlib._bootstrap_external>", line 1063, in source_to_code
  File "<frozen importlib._bootstrap>", line 488, in _call_with_frames_removed
  File "/opt/airflow/dags/fraud_detection_training_dag.py", line 19
    dag_id:'fraud_detection_training',
          ^
SyntaxError: invalid syntax
[2025-10-06T22:12:16.481+0000] {processor.py:927} WARNING - No viable dags retrieved from /opt/airflow/dags/fraud_detection_training_dag.py
[2025-10-06T22:12:16.499+0000] {processor.py:208} INFO - Processing /opt/airflow/dags/fraud_detection_training_dag.py took 0.036 seconds
[2025-10-06T22:12:46.935+0000] {processor.py:186} INFO - Started process (PID=2088) to work on /opt/airflow/dags/fraud_detection_training_dag.py
[2025-10-06T22:12:46.937+0000] {processor.py:914} INFO - Processing file /opt/airflow/dags/fraud_detection_training_dag.py for tasks to queue
[2025-10-06T22:12:46.943+0000] {logging_mixin.py:190} INFO - [2025-10-06T22:12:46.943+0000] {dagbag.py:588} INFO - Filling up the DagBag from /opt/airflow/dags/fraud_detection_training_dag.py
[2025-10-06T22:12:46.953+0000] {logging_mixin.py:190} INFO - [2025-10-06T22:12:46.950+0000] {dagbag.py:387} ERROR - Failed to import: /opt/airflow/dags/fraud_detection_training_dag.py
Traceback (most recent call last):
  File "/home/airflow/.local/lib/python3.12/site-packages/airflow/models/dagbag.py", line 383, in parse
    loader.exec_module(new_module)
  File "<frozen importlib._bootstrap_external>", line 995, in exec_module
  File "<frozen importlib._bootstrap_external>", line 1133, in get_code
  File "<frozen importlib._bootstrap_external>", line 1063, in source_to_code
  File "<frozen importlib._bootstrap>", line 488, in _call_with_frames_removed
  File "/opt/airflow/dags/fraud_detection_training_dag.py", line 19
    dag_id:'fraud_detection_training',
          ^
SyntaxError: invalid syntax
[2025-10-06T22:12:46.953+0000] {processor.py:927} WARNING - No viable dags retrieved from /opt/airflow/dags/fraud_detection_training_dag.py
[2025-10-06T22:12:46.999+0000] {processor.py:208} INFO - Processing /opt/airflow/dags/fraud_detection_training_dag.py took 0.080 seconds
[2025-10-06T22:13:17.536+0000] {processor.py:186} INFO - Started process (PID=2095) to work on /opt/airflow/dags/fraud_detection_training_dag.py
[2025-10-06T22:13:17.537+0000] {processor.py:914} INFO - Processing file /opt/airflow/dags/fraud_detection_training_dag.py for tasks to queue
[2025-10-06T22:13:17.541+0000] {logging_mixin.py:190} INFO - [2025-10-06T22:13:17.541+0000] {dagbag.py:588} INFO - Filling up the DagBag from /opt/airflow/dags/fraud_detection_training_dag.py
[2025-10-06T22:13:17.550+0000] {logging_mixin.py:190} INFO - [2025-10-06T22:13:17.548+0000] {dagbag.py:387} ERROR - Failed to import: /opt/airflow/dags/fraud_detection_training_dag.py
Traceback (most recent call last):
  File "/home/airflow/.local/lib/python3.12/site-packages/airflow/models/dagbag.py", line 383, in parse
    loader.exec_module(new_module)
  File "<frozen importlib._bootstrap_external>", line 995, in exec_module
  File "<frozen importlib._bootstrap_external>", line 1133, in get_code
  File "<frozen importlib._bootstrap_external>", line 1063, in source_to_code
  File "<frozen importlib._bootstrap>", line 488, in _call_with_frames_removed
  File "/opt/airflow/dags/fraud_detection_training_dag.py", line 19
    dag_id:'fraud_detection_training',
          ^
SyntaxError: invalid syntax
[2025-10-06T22:13:17.551+0000] {processor.py:927} WARNING - No viable dags retrieved from /opt/airflow/dags/fraud_detection_training_dag.py
[2025-10-06T22:13:17.579+0000] {processor.py:208} INFO - Processing /opt/airflow/dags/fraud_detection_training_dag.py took 0.053 seconds
[2025-10-06T22:13:48.292+0000] {processor.py:186} INFO - Started process (PID=2102) to work on /opt/airflow/dags/fraud_detection_training_dag.py
[2025-10-06T22:13:48.294+0000] {processor.py:914} INFO - Processing file /opt/airflow/dags/fraud_detection_training_dag.py for tasks to queue
[2025-10-06T22:13:48.297+0000] {logging_mixin.py:190} INFO - [2025-10-06T22:13:48.296+0000] {dagbag.py:588} INFO - Filling up the DagBag from /opt/airflow/dags/fraud_detection_training_dag.py
[2025-10-06T22:13:48.304+0000] {logging_mixin.py:190} INFO - [2025-10-06T22:13:48.302+0000] {dagbag.py:387} ERROR - Failed to import: /opt/airflow/dags/fraud_detection_training_dag.py
Traceback (most recent call last):
  File "/home/airflow/.local/lib/python3.12/site-packages/airflow/models/dagbag.py", line 383, in parse
    loader.exec_module(new_module)
  File "<frozen importlib._bootstrap_external>", line 995, in exec_module
  File "<frozen importlib._bootstrap_external>", line 1133, in get_code
  File "<frozen importlib._bootstrap_external>", line 1063, in source_to_code
  File "<frozen importlib._bootstrap>", line 488, in _call_with_frames_removed
  File "/opt/airflow/dags/fraud_detection_training_dag.py", line 19
    dag_id:'fraud_detection_training',
          ^
SyntaxError: invalid syntax
[2025-10-06T22:13:48.304+0000] {processor.py:927} WARNING - No viable dags retrieved from /opt/airflow/dags/fraud_detection_training_dag.py
[2025-10-06T22:13:48.326+0000] {processor.py:208} INFO - Processing /opt/airflow/dags/fraud_detection_training_dag.py took 0.045 seconds
[2025-10-06T22:14:25.874+0000] {processor.py:186} INFO - Started process (PID=2103) to work on /opt/airflow/dags/fraud_detection_training_dag.py
[2025-10-06T22:14:25.904+0000] {processor.py:914} INFO - Processing file /opt/airflow/dags/fraud_detection_training_dag.py for tasks to queue
[2025-10-06T22:14:26.609+0000] {logging_mixin.py:190} INFO - [2025-10-06T22:14:26.407+0000] {dagbag.py:588} INFO - Filling up the DagBag from /opt/airflow/dags/fraud_detection_training_dag.py
[2025-10-06T22:14:29.444+0000] {logging_mixin.py:190} INFO - [2025-10-06T22:14:28.441+0000] {dagbag.py:387} ERROR - Failed to import: /opt/airflow/dags/fraud_detection_training_dag.py
Traceback (most recent call last):
  File "/home/airflow/.local/lib/python3.12/site-packages/airflow/models/dagbag.py", line 383, in parse
    loader.exec_module(new_module)
  File "<frozen importlib._bootstrap_external>", line 995, in exec_module
  File "<frozen importlib._bootstrap_external>", line 1133, in get_code
  File "<frozen importlib._bootstrap_external>", line 1063, in source_to_code
  File "<frozen importlib._bootstrap>", line 488, in _call_with_frames_removed
  File "/opt/airflow/dags/fraud_detection_training_dag.py", line 19
    dag_id:'fraud_detection_training',
          ^
SyntaxError: invalid syntax
[2025-10-06T22:14:29.619+0000] {processor.py:927} WARNING - No viable dags retrieved from /opt/airflow/dags/fraud_detection_training_dag.py
[2025-10-06T22:14:30.261+0000] {processor.py:208} INFO - Processing /opt/airflow/dags/fraud_detection_training_dag.py took 6.136 seconds
[2025-10-06T22:15:02.351+0000] {processor.py:186} INFO - Started process (PID=2110) to work on /opt/airflow/dags/fraud_detection_training_dag.py
[2025-10-06T22:15:02.541+0000] {processor.py:914} INFO - Processing file /opt/airflow/dags/fraud_detection_training_dag.py for tasks to queue
[2025-10-06T22:15:06.716+0000] {logging_mixin.py:190} INFO - [2025-10-06T22:15:05.314+0000] {dagbag.py:588} INFO - Filling up the DagBag from /opt/airflow/dags/fraud_detection_training_dag.py
[2025-10-06T22:15:08.731+0000] {logging_mixin.py:190} INFO - [2025-10-06T22:15:08.409+0000] {dagbag.py:387} ERROR - Failed to import: /opt/airflow/dags/fraud_detection_training_dag.py
Traceback (most recent call last):
  File "/home/airflow/.local/lib/python3.12/site-packages/airflow/models/dagbag.py", line 383, in parse
    loader.exec_module(new_module)
  File "<frozen importlib._bootstrap_external>", line 995, in exec_module
  File "<frozen importlib._bootstrap_external>", line 1133, in get_code
  File "<frozen importlib._bootstrap_external>", line 1063, in source_to_code
  File "<frozen importlib._bootstrap>", line 488, in _call_with_frames_removed
  File "/opt/airflow/dags/fraud_detection_training_dag.py", line 19
    dag_id:'fraud_detection_training',
          ^
SyntaxError: invalid syntax
[2025-10-06T22:15:08.755+0000] {processor.py:927} WARNING - No viable dags retrieved from /opt/airflow/dags/fraud_detection_training_dag.py
[2025-10-06T22:15:08.899+0000] {processor.py:208} INFO - Processing /opt/airflow/dags/fraud_detection_training_dag.py took 7.200 seconds
[2025-10-06T22:15:39.137+0000] {processor.py:186} INFO - Started process (PID=2123) to work on /opt/airflow/dags/fraud_detection_training_dag.py
[2025-10-06T22:15:39.138+0000] {processor.py:914} INFO - Processing file /opt/airflow/dags/fraud_detection_training_dag.py for tasks to queue
[2025-10-06T22:15:39.143+0000] {logging_mixin.py:190} INFO - [2025-10-06T22:15:39.142+0000] {dagbag.py:588} INFO - Filling up the DagBag from /opt/airflow/dags/fraud_detection_training_dag.py
[2025-10-06T22:15:39.151+0000] {logging_mixin.py:190} INFO - [2025-10-06T22:15:39.149+0000] {dagbag.py:387} ERROR - Failed to import: /opt/airflow/dags/fraud_detection_training_dag.py
Traceback (most recent call last):
  File "/home/airflow/.local/lib/python3.12/site-packages/airflow/models/dagbag.py", line 383, in parse
    loader.exec_module(new_module)
  File "<frozen importlib._bootstrap_external>", line 995, in exec_module
  File "<frozen importlib._bootstrap_external>", line 1133, in get_code
  File "<frozen importlib._bootstrap_external>", line 1063, in source_to_code
  File "<frozen importlib._bootstrap>", line 488, in _call_with_frames_removed
  File "/opt/airflow/dags/fraud_detection_training_dag.py", line 19
    dag_id:'fraud_detection_training',
          ^
SyntaxError: invalid syntax
[2025-10-06T22:15:39.152+0000] {processor.py:927} WARNING - No viable dags retrieved from /opt/airflow/dags/fraud_detection_training_dag.py
[2025-10-06T22:15:39.181+0000] {processor.py:208} INFO - Processing /opt/airflow/dags/fraud_detection_training_dag.py took 0.054 seconds
[2025-10-06T22:16:09.653+0000] {processor.py:186} INFO - Started process (PID=2130) to work on /opt/airflow/dags/fraud_detection_training_dag.py
[2025-10-06T22:16:09.654+0000] {processor.py:914} INFO - Processing file /opt/airflow/dags/fraud_detection_training_dag.py for tasks to queue
[2025-10-06T22:16:09.657+0000] {logging_mixin.py:190} INFO - [2025-10-06T22:16:09.657+0000] {dagbag.py:588} INFO - Filling up the DagBag from /opt/airflow/dags/fraud_detection_training_dag.py
[2025-10-06T22:16:09.664+0000] {logging_mixin.py:190} INFO - [2025-10-06T22:16:09.663+0000] {dagbag.py:387} ERROR - Failed to import: /opt/airflow/dags/fraud_detection_training_dag.py
Traceback (most recent call last):
  File "/home/airflow/.local/lib/python3.12/site-packages/airflow/models/dagbag.py", line 383, in parse
    loader.exec_module(new_module)
  File "<frozen importlib._bootstrap_external>", line 995, in exec_module
  File "<frozen importlib._bootstrap_external>", line 1133, in get_code
  File "<frozen importlib._bootstrap_external>", line 1063, in source_to_code
  File "<frozen importlib._bootstrap>", line 488, in _call_with_frames_removed
  File "/opt/airflow/dags/fraud_detection_training_dag.py", line 19
    dag_id:'fraud_detection_training',
          ^
SyntaxError: invalid syntax
[2025-10-06T22:16:09.665+0000] {processor.py:927} WARNING - No viable dags retrieved from /opt/airflow/dags/fraud_detection_training_dag.py
[2025-10-06T22:16:09.683+0000] {processor.py:208} INFO - Processing /opt/airflow/dags/fraud_detection_training_dag.py took 0.037 seconds
[2025-10-06T22:16:40.088+0000] {processor.py:186} INFO - Started process (PID=2137) to work on /opt/airflow/dags/fraud_detection_training_dag.py
[2025-10-06T22:16:40.090+0000] {processor.py:914} INFO - Processing file /opt/airflow/dags/fraud_detection_training_dag.py for tasks to queue
[2025-10-06T22:16:40.093+0000] {logging_mixin.py:190} INFO - [2025-10-06T22:16:40.092+0000] {dagbag.py:588} INFO - Filling up the DagBag from /opt/airflow/dags/fraud_detection_training_dag.py
[2025-10-06T22:16:40.099+0000] {logging_mixin.py:190} INFO - [2025-10-06T22:16:40.098+0000] {dagbag.py:387} ERROR - Failed to import: /opt/airflow/dags/fraud_detection_training_dag.py
Traceback (most recent call last):
  File "/home/airflow/.local/lib/python3.12/site-packages/airflow/models/dagbag.py", line 383, in parse
    loader.exec_module(new_module)
  File "<frozen importlib._bootstrap_external>", line 995, in exec_module
  File "<frozen importlib._bootstrap_external>", line 1133, in get_code
  File "<frozen importlib._bootstrap_external>", line 1063, in source_to_code
  File "<frozen importlib._bootstrap>", line 488, in _call_with_frames_removed
  File "/opt/airflow/dags/fraud_detection_training_dag.py", line 19
    dag_id:'fraud_detection_training',
          ^
SyntaxError: invalid syntax
[2025-10-06T22:16:40.100+0000] {processor.py:927} WARNING - No viable dags retrieved from /opt/airflow/dags/fraud_detection_training_dag.py
[2025-10-06T22:16:40.121+0000] {processor.py:208} INFO - Processing /opt/airflow/dags/fraud_detection_training_dag.py took 0.047 seconds
[2025-10-06T22:17:10.706+0000] {processor.py:186} INFO - Started process (PID=2144) to work on /opt/airflow/dags/fraud_detection_training_dag.py
[2025-10-06T22:17:10.708+0000] {processor.py:914} INFO - Processing file /opt/airflow/dags/fraud_detection_training_dag.py for tasks to queue
[2025-10-06T22:17:10.711+0000] {logging_mixin.py:190} INFO - [2025-10-06T22:17:10.711+0000] {dagbag.py:588} INFO - Filling up the DagBag from /opt/airflow/dags/fraud_detection_training_dag.py
[2025-10-06T22:17:10.722+0000] {logging_mixin.py:190} INFO - [2025-10-06T22:17:10.720+0000] {dagbag.py:387} ERROR - Failed to import: /opt/airflow/dags/fraud_detection_training_dag.py
Traceback (most recent call last):
  File "/home/airflow/.local/lib/python3.12/site-packages/airflow/models/dagbag.py", line 383, in parse
    loader.exec_module(new_module)
  File "<frozen importlib._bootstrap_external>", line 995, in exec_module
  File "<frozen importlib._bootstrap_external>", line 1133, in get_code
  File "<frozen importlib._bootstrap_external>", line 1063, in source_to_code
  File "<frozen importlib._bootstrap>", line 488, in _call_with_frames_removed
  File "/opt/airflow/dags/fraud_detection_training_dag.py", line 19
    dag_id:'fraud_detection_training',
          ^
SyntaxError: invalid syntax
[2025-10-06T22:17:10.722+0000] {processor.py:927} WARNING - No viable dags retrieved from /opt/airflow/dags/fraud_detection_training_dag.py
[2025-10-06T22:17:10.742+0000] {processor.py:208} INFO - Processing /opt/airflow/dags/fraud_detection_training_dag.py took 0.045 seconds
[2025-10-06T22:17:43.352+0000] {processor.py:186} INFO - Started process (PID=2151) to work on /opt/airflow/dags/fraud_detection_training_dag.py
[2025-10-06T22:17:43.360+0000] {processor.py:914} INFO - Processing file /opt/airflow/dags/fraud_detection_training_dag.py for tasks to queue
[2025-10-06T22:17:43.652+0000] {logging_mixin.py:190} INFO - [2025-10-06T22:17:43.605+0000] {dagbag.py:588} INFO - Filling up the DagBag from /opt/airflow/dags/fraud_detection_training_dag.py
[2025-10-06T22:17:44.057+0000] {logging_mixin.py:190} INFO - [2025-10-06T22:17:44.013+0000] {dagbag.py:387} ERROR - Failed to import: /opt/airflow/dags/fraud_detection_training_dag.py
Traceback (most recent call last):
  File "/home/airflow/.local/lib/python3.12/site-packages/airflow/models/dagbag.py", line 383, in parse
    loader.exec_module(new_module)
  File "<frozen importlib._bootstrap_external>", line 995, in exec_module
  File "<frozen importlib._bootstrap_external>", line 1133, in get_code
  File "<frozen importlib._bootstrap_external>", line 1063, in source_to_code
  File "<frozen importlib._bootstrap>", line 488, in _call_with_frames_removed
  File "/opt/airflow/dags/fraud_detection_training_dag.py", line 19
    dag_id:'fraud_detection_training',
          ^
SyntaxError: invalid syntax
[2025-10-06T22:17:44.069+0000] {processor.py:927} WARNING - No viable dags retrieved from /opt/airflow/dags/fraud_detection_training_dag.py
[2025-10-06T22:17:44.584+0000] {processor.py:208} INFO - Processing /opt/airflow/dags/fraud_detection_training_dag.py took 1.284 seconds
[2025-10-06T22:23:56.985+0000] {processor.py:186} INFO - Started process (PID=2152) to work on /opt/airflow/dags/fraud_detection_training_dag.py
[2025-10-06T22:23:56.987+0000] {processor.py:914} INFO - Processing file /opt/airflow/dags/fraud_detection_training_dag.py for tasks to queue
[2025-10-06T22:23:56.993+0000] {logging_mixin.py:190} INFO - [2025-10-06T22:23:56.992+0000] {dagbag.py:588} INFO - Filling up the DagBag from /opt/airflow/dags/fraud_detection_training_dag.py
[2025-10-06T22:23:57.000+0000] {logging_mixin.py:190} INFO - [2025-10-06T22:23:56.997+0000] {dagbag.py:387} ERROR - Failed to import: /opt/airflow/dags/fraud_detection_training_dag.py
Traceback (most recent call last):
  File "/home/airflow/.local/lib/python3.12/site-packages/airflow/models/dagbag.py", line 383, in parse
    loader.exec_module(new_module)
  File "<frozen importlib._bootstrap_external>", line 995, in exec_module
  File "<frozen importlib._bootstrap_external>", line 1133, in get_code
  File "<frozen importlib._bootstrap_external>", line 1063, in source_to_code
  File "<frozen importlib._bootstrap>", line 488, in _call_with_frames_removed
  File "/opt/airflow/dags/fraud_detection_training_dag.py", line 19
    dag_id:'fraud_detection_training',
          ^
SyntaxError: invalid syntax
[2025-10-06T22:23:57.000+0000] {processor.py:927} WARNING - No viable dags retrieved from /opt/airflow/dags/fraud_detection_training_dag.py
[2025-10-06T22:23:57.024+0000] {processor.py:208} INFO - Processing /opt/airflow/dags/fraud_detection_training_dag.py took 0.050 seconds
[2025-10-06T22:24:27.404+0000] {processor.py:186} INFO - Started process (PID=2159) to work on /opt/airflow/dags/fraud_detection_training_dag.py
[2025-10-06T22:24:27.405+0000] {processor.py:914} INFO - Processing file /opt/airflow/dags/fraud_detection_training_dag.py for tasks to queue
[2025-10-06T22:24:27.408+0000] {logging_mixin.py:190} INFO - [2025-10-06T22:24:27.407+0000] {dagbag.py:588} INFO - Filling up the DagBag from /opt/airflow/dags/fraud_detection_training_dag.py
[2025-10-06T22:24:27.412+0000] {logging_mixin.py:190} INFO - [2025-10-06T22:24:27.411+0000] {dagbag.py:387} ERROR - Failed to import: /opt/airflow/dags/fraud_detection_training_dag.py
Traceback (most recent call last):
  File "/home/airflow/.local/lib/python3.12/site-packages/airflow/models/dagbag.py", line 383, in parse
    loader.exec_module(new_module)
  File "<frozen importlib._bootstrap_external>", line 995, in exec_module
  File "<frozen importlib._bootstrap_external>", line 1133, in get_code
  File "<frozen importlib._bootstrap_external>", line 1063, in source_to_code
  File "<frozen importlib._bootstrap>", line 488, in _call_with_frames_removed
  File "/opt/airflow/dags/fraud_detection_training_dag.py", line 19
    dag_id:'fraud_detection_training',
          ^
SyntaxError: invalid syntax
[2025-10-06T22:24:27.412+0000] {processor.py:927} WARNING - No viable dags retrieved from /opt/airflow/dags/fraud_detection_training_dag.py
[2025-10-06T22:24:27.433+0000] {processor.py:208} INFO - Processing /opt/airflow/dags/fraud_detection_training_dag.py took 0.038 seconds
[2025-10-06T22:33:25.669+0000] {processor.py:186} INFO - Started process (PID=2166) to work on /opt/airflow/dags/fraud_detection_training_dag.py
[2025-10-06T22:33:25.670+0000] {processor.py:914} INFO - Processing file /opt/airflow/dags/fraud_detection_training_dag.py for tasks to queue
[2025-10-06T22:33:25.674+0000] {logging_mixin.py:190} INFO - [2025-10-06T22:33:25.674+0000] {dagbag.py:588} INFO - Filling up the DagBag from /opt/airflow/dags/fraud_detection_training_dag.py
[2025-10-06T22:33:25.680+0000] {logging_mixin.py:190} INFO - [2025-10-06T22:33:25.679+0000] {dagbag.py:387} ERROR - Failed to import: /opt/airflow/dags/fraud_detection_training_dag.py
Traceback (most recent call last):
  File "/home/airflow/.local/lib/python3.12/site-packages/airflow/models/dagbag.py", line 383, in parse
    loader.exec_module(new_module)
  File "<frozen importlib._bootstrap_external>", line 995, in exec_module
  File "<frozen importlib._bootstrap_external>", line 1133, in get_code
  File "<frozen importlib._bootstrap_external>", line 1063, in source_to_code
  File "<frozen importlib._bootstrap>", line 488, in _call_with_frames_removed
  File "/opt/airflow/dags/fraud_detection_training_dag.py", line 19
    dag_id:'fraud_detection_training',
          ^
SyntaxError: invalid syntax
[2025-10-06T22:33:25.680+0000] {processor.py:927} WARNING - No viable dags retrieved from /opt/airflow/dags/fraud_detection_training_dag.py
[2025-10-06T22:33:25.707+0000] {processor.py:208} INFO - Processing /opt/airflow/dags/fraud_detection_training_dag.py took 0.048 seconds
[2025-10-06T22:33:56.460+0000] {processor.py:186} INFO - Started process (PID=2173) to work on /opt/airflow/dags/fraud_detection_training_dag.py
[2025-10-06T22:33:56.463+0000] {processor.py:914} INFO - Processing file /opt/airflow/dags/fraud_detection_training_dag.py for tasks to queue
[2025-10-06T22:33:56.471+0000] {logging_mixin.py:190} INFO - [2025-10-06T22:33:56.470+0000] {dagbag.py:588} INFO - Filling up the DagBag from /opt/airflow/dags/fraud_detection_training_dag.py
[2025-10-06T22:33:56.486+0000] {logging_mixin.py:190} INFO - [2025-10-06T22:33:56.483+0000] {dagbag.py:387} ERROR - Failed to import: /opt/airflow/dags/fraud_detection_training_dag.py
Traceback (most recent call last):
  File "/home/airflow/.local/lib/python3.12/site-packages/airflow/models/dagbag.py", line 383, in parse
    loader.exec_module(new_module)
  File "<frozen importlib._bootstrap_external>", line 995, in exec_module
  File "<frozen importlib._bootstrap_external>", line 1133, in get_code
  File "<frozen importlib._bootstrap_external>", line 1063, in source_to_code
  File "<frozen importlib._bootstrap>", line 488, in _call_with_frames_removed
  File "/opt/airflow/dags/fraud_detection_training_dag.py", line 19
    dag_id:'fraud_detection_training',
          ^
SyntaxError: invalid syntax
[2025-10-06T22:33:56.487+0000] {processor.py:927} WARNING - No viable dags retrieved from /opt/airflow/dags/fraud_detection_training_dag.py
[2025-10-06T22:33:56.529+0000] {processor.py:208} INFO - Processing /opt/airflow/dags/fraud_detection_training_dag.py took 0.088 seconds
[2025-10-06T22:34:26.954+0000] {processor.py:186} INFO - Started process (PID=2180) to work on /opt/airflow/dags/fraud_detection_training_dag.py
[2025-10-06T22:34:26.960+0000] {processor.py:914} INFO - Processing file /opt/airflow/dags/fraud_detection_training_dag.py for tasks to queue
[2025-10-06T22:34:26.968+0000] {logging_mixin.py:190} INFO - [2025-10-06T22:34:26.968+0000] {dagbag.py:588} INFO - Filling up the DagBag from /opt/airflow/dags/fraud_detection_training_dag.py
[2025-10-06T22:34:26.986+0000] {logging_mixin.py:190} INFO - [2025-10-06T22:34:26.977+0000] {dagbag.py:387} ERROR - Failed to import: /opt/airflow/dags/fraud_detection_training_dag.py
Traceback (most recent call last):
  File "/home/airflow/.local/lib/python3.12/site-packages/airflow/models/dagbag.py", line 383, in parse
    loader.exec_module(new_module)
  File "<frozen importlib._bootstrap_external>", line 995, in exec_module
  File "<frozen importlib._bootstrap_external>", line 1133, in get_code
  File "<frozen importlib._bootstrap_external>", line 1063, in source_to_code
  File "<frozen importlib._bootstrap>", line 488, in _call_with_frames_removed
  File "/opt/airflow/dags/fraud_detection_training_dag.py", line 19
    dag_id:'fraud_detection_training',
          ^
SyntaxError: invalid syntax
[2025-10-06T22:34:26.986+0000] {processor.py:927} WARNING - No viable dags retrieved from /opt/airflow/dags/fraud_detection_training_dag.py
[2025-10-06T22:34:27.045+0000] {processor.py:208} INFO - Processing /opt/airflow/dags/fraud_detection_training_dag.py took 0.110 seconds
[2025-10-06T22:34:57.537+0000] {processor.py:186} INFO - Started process (PID=2186) to work on /opt/airflow/dags/fraud_detection_training_dag.py
[2025-10-06T22:34:57.539+0000] {processor.py:914} INFO - Processing file /opt/airflow/dags/fraud_detection_training_dag.py for tasks to queue
[2025-10-06T22:34:57.547+0000] {logging_mixin.py:190} INFO - [2025-10-06T22:34:57.545+0000] {dagbag.py:588} INFO - Filling up the DagBag from /opt/airflow/dags/fraud_detection_training_dag.py
[2025-10-06T22:34:57.565+0000] {logging_mixin.py:190} INFO - [2025-10-06T22:34:57.558+0000] {dagbag.py:387} ERROR - Failed to import: /opt/airflow/dags/fraud_detection_training_dag.py
Traceback (most recent call last):
  File "/home/airflow/.local/lib/python3.12/site-packages/airflow/models/dagbag.py", line 383, in parse
    loader.exec_module(new_module)
  File "<frozen importlib._bootstrap_external>", line 995, in exec_module
  File "<frozen importlib._bootstrap_external>", line 1133, in get_code
  File "<frozen importlib._bootstrap_external>", line 1063, in source_to_code
  File "<frozen importlib._bootstrap>", line 488, in _call_with_frames_removed
  File "/opt/airflow/dags/fraud_detection_training_dag.py", line 19
    dag_id:'fraud_detection_training',
          ^
SyntaxError: invalid syntax
[2025-10-06T22:34:57.566+0000] {processor.py:927} WARNING - No viable dags retrieved from /opt/airflow/dags/fraud_detection_training_dag.py
[2025-10-06T22:34:57.628+0000] {processor.py:208} INFO - Processing /opt/airflow/dags/fraud_detection_training_dag.py took 0.104 seconds
[2025-10-06T22:35:27.878+0000] {processor.py:186} INFO - Started process (PID=2193) to work on /opt/airflow/dags/fraud_detection_training_dag.py
[2025-10-06T22:35:27.884+0000] {processor.py:914} INFO - Processing file /opt/airflow/dags/fraud_detection_training_dag.py for tasks to queue
[2025-10-06T22:35:27.891+0000] {logging_mixin.py:190} INFO - [2025-10-06T22:35:27.890+0000] {dagbag.py:588} INFO - Filling up the DagBag from /opt/airflow/dags/fraud_detection_training_dag.py
[2025-10-06T22:35:27.901+0000] {logging_mixin.py:190} INFO - [2025-10-06T22:35:27.900+0000] {dagbag.py:387} ERROR - Failed to import: /opt/airflow/dags/fraud_detection_training_dag.py
Traceback (most recent call last):
  File "/home/airflow/.local/lib/python3.12/site-packages/airflow/models/dagbag.py", line 383, in parse
    loader.exec_module(new_module)
  File "<frozen importlib._bootstrap_external>", line 995, in exec_module
  File "<frozen importlib._bootstrap_external>", line 1133, in get_code
  File "<frozen importlib._bootstrap_external>", line 1063, in source_to_code
  File "<frozen importlib._bootstrap>", line 488, in _call_with_frames_removed
  File "/opt/airflow/dags/fraud_detection_training_dag.py", line 19
    dag_id:'fraud_detection_training',
          ^
SyntaxError: invalid syntax
[2025-10-06T22:35:27.901+0000] {processor.py:927} WARNING - No viable dags retrieved from /opt/airflow/dags/fraud_detection_training_dag.py
[2025-10-06T22:35:27.927+0000] {processor.py:208} INFO - Processing /opt/airflow/dags/fraud_detection_training_dag.py took 0.070 seconds
[2025-10-06T22:35:58.028+0000] {processor.py:186} INFO - Started process (PID=2200) to work on /opt/airflow/dags/fraud_detection_training_dag.py
[2025-10-06T22:35:58.031+0000] {processor.py:914} INFO - Processing file /opt/airflow/dags/fraud_detection_training_dag.py for tasks to queue
[2025-10-06T22:35:58.036+0000] {logging_mixin.py:190} INFO - [2025-10-06T22:35:58.035+0000] {dagbag.py:588} INFO - Filling up the DagBag from /opt/airflow/dags/fraud_detection_training_dag.py
[2025-10-06T22:35:58.047+0000] {logging_mixin.py:190} INFO - [2025-10-06T22:35:58.044+0000] {dagbag.py:387} ERROR - Failed to import: /opt/airflow/dags/fraud_detection_training_dag.py
Traceback (most recent call last):
  File "/home/airflow/.local/lib/python3.12/site-packages/airflow/models/dagbag.py", line 383, in parse
    loader.exec_module(new_module)
  File "<frozen importlib._bootstrap_external>", line 995, in exec_module
  File "<frozen importlib._bootstrap_external>", line 1133, in get_code
  File "<frozen importlib._bootstrap_external>", line 1063, in source_to_code
  File "<frozen importlib._bootstrap>", line 488, in _call_with_frames_removed
  File "/opt/airflow/dags/fraud_detection_training_dag.py", line 19
    dag_id:'fraud_detection_training',
          ^
SyntaxError: invalid syntax
[2025-10-06T22:35:58.047+0000] {processor.py:927} WARNING - No viable dags retrieved from /opt/airflow/dags/fraud_detection_training_dag.py
[2025-10-06T22:35:58.079+0000] {processor.py:208} INFO - Processing /opt/airflow/dags/fraud_detection_training_dag.py took 0.067 seconds
[2025-10-06T22:36:28.803+0000] {processor.py:186} INFO - Started process (PID=2207) to work on /opt/airflow/dags/fraud_detection_training_dag.py
[2025-10-06T22:36:28.805+0000] {processor.py:914} INFO - Processing file /opt/airflow/dags/fraud_detection_training_dag.py for tasks to queue
[2025-10-06T22:36:28.818+0000] {logging_mixin.py:190} INFO - [2025-10-06T22:36:28.817+0000] {dagbag.py:588} INFO - Filling up the DagBag from /opt/airflow/dags/fraud_detection_training_dag.py
[2025-10-06T22:36:28.829+0000] {logging_mixin.py:190} INFO - [2025-10-06T22:36:28.827+0000] {dagbag.py:387} ERROR - Failed to import: /opt/airflow/dags/fraud_detection_training_dag.py
Traceback (most recent call last):
  File "/home/airflow/.local/lib/python3.12/site-packages/airflow/models/dagbag.py", line 383, in parse
    loader.exec_module(new_module)
  File "<frozen importlib._bootstrap_external>", line 995, in exec_module
  File "<frozen importlib._bootstrap_external>", line 1133, in get_code
  File "<frozen importlib._bootstrap_external>", line 1063, in source_to_code
  File "<frozen importlib._bootstrap>", line 488, in _call_with_frames_removed
  File "/opt/airflow/dags/fraud_detection_training_dag.py", line 19
    dag_id:'fraud_detection_training',
          ^
SyntaxError: invalid syntax
[2025-10-06T22:36:28.830+0000] {processor.py:927} WARNING - No viable dags retrieved from /opt/airflow/dags/fraud_detection_training_dag.py
[2025-10-06T22:36:28.865+0000] {processor.py:208} INFO - Processing /opt/airflow/dags/fraud_detection_training_dag.py took 0.078 seconds
[2025-10-06T22:36:59.075+0000] {processor.py:186} INFO - Started process (PID=2214) to work on /opt/airflow/dags/fraud_detection_training_dag.py
[2025-10-06T22:36:59.090+0000] {processor.py:914} INFO - Processing file /opt/airflow/dags/fraud_detection_training_dag.py for tasks to queue
[2025-10-06T22:36:59.127+0000] {logging_mixin.py:190} INFO - [2025-10-06T22:36:59.121+0000] {dagbag.py:588} INFO - Filling up the DagBag from /opt/airflow/dags/fraud_detection_training_dag.py
[2025-10-06T22:36:59.161+0000] {logging_mixin.py:190} INFO - [2025-10-06T22:36:59.152+0000] {dagbag.py:387} ERROR - Failed to import: /opt/airflow/dags/fraud_detection_training_dag.py
Traceback (most recent call last):
  File "/home/airflow/.local/lib/python3.12/site-packages/airflow/models/dagbag.py", line 383, in parse
    loader.exec_module(new_module)
  File "<frozen importlib._bootstrap_external>", line 995, in exec_module
  File "<frozen importlib._bootstrap_external>", line 1133, in get_code
  File "<frozen importlib._bootstrap_external>", line 1063, in source_to_code
  File "<frozen importlib._bootstrap>", line 488, in _call_with_frames_removed
  File "/opt/airflow/dags/fraud_detection_training_dag.py", line 19
    dag_id:'fraud_detection_training',
          ^
SyntaxError: invalid syntax
[2025-10-06T22:36:59.162+0000] {processor.py:927} WARNING - No viable dags retrieved from /opt/airflow/dags/fraud_detection_training_dag.py
[2025-10-06T22:36:59.310+0000] {processor.py:208} INFO - Processing /opt/airflow/dags/fraud_detection_training_dag.py took 0.308 seconds
[2025-10-06T22:37:29.646+0000] {processor.py:186} INFO - Started process (PID=2221) to work on /opt/airflow/dags/fraud_detection_training_dag.py
[2025-10-06T22:37:29.648+0000] {processor.py:914} INFO - Processing file /opt/airflow/dags/fraud_detection_training_dag.py for tasks to queue
[2025-10-06T22:37:29.650+0000] {logging_mixin.py:190} INFO - [2025-10-06T22:37:29.650+0000] {dagbag.py:588} INFO - Filling up the DagBag from /opt/airflow/dags/fraud_detection_training_dag.py
[2025-10-06T22:37:29.658+0000] {logging_mixin.py:190} INFO - [2025-10-06T22:37:29.656+0000] {dagbag.py:387} ERROR - Failed to import: /opt/airflow/dags/fraud_detection_training_dag.py
Traceback (most recent call last):
  File "/home/airflow/.local/lib/python3.12/site-packages/airflow/models/dagbag.py", line 383, in parse
    loader.exec_module(new_module)
  File "<frozen importlib._bootstrap_external>", line 995, in exec_module
  File "<frozen importlib._bootstrap_external>", line 1133, in get_code
  File "<frozen importlib._bootstrap_external>", line 1063, in source_to_code
  File "<frozen importlib._bootstrap>", line 488, in _call_with_frames_removed
  File "/opt/airflow/dags/fraud_detection_training_dag.py", line 19
    dag_id:'fraud_detection_training',
          ^
SyntaxError: invalid syntax
[2025-10-06T22:37:29.658+0000] {processor.py:927} WARNING - No viable dags retrieved from /opt/airflow/dags/fraud_detection_training_dag.py
[2025-10-06T22:37:29.673+0000] {processor.py:208} INFO - Processing /opt/airflow/dags/fraud_detection_training_dag.py took 0.034 seconds
[2025-10-06T22:38:00.291+0000] {processor.py:186} INFO - Started process (PID=2228) to work on /opt/airflow/dags/fraud_detection_training_dag.py
[2025-10-06T22:38:00.296+0000] {processor.py:914} INFO - Processing file /opt/airflow/dags/fraud_detection_training_dag.py for tasks to queue
[2025-10-06T22:38:00.306+0000] {logging_mixin.py:190} INFO - [2025-10-06T22:38:00.304+0000] {dagbag.py:588} INFO - Filling up the DagBag from /opt/airflow/dags/fraud_detection_training_dag.py
[2025-10-06T22:38:00.320+0000] {logging_mixin.py:190} INFO - [2025-10-06T22:38:00.317+0000] {dagbag.py:387} ERROR - Failed to import: /opt/airflow/dags/fraud_detection_training_dag.py
Traceback (most recent call last):
  File "/home/airflow/.local/lib/python3.12/site-packages/airflow/models/dagbag.py", line 383, in parse
    loader.exec_module(new_module)
  File "<frozen importlib._bootstrap_external>", line 995, in exec_module
  File "<frozen importlib._bootstrap_external>", line 1133, in get_code
  File "<frozen importlib._bootstrap_external>", line 1063, in source_to_code
  File "<frozen importlib._bootstrap>", line 488, in _call_with_frames_removed
  File "/opt/airflow/dags/fraud_detection_training_dag.py", line 19
    dag_id:'fraud_detection_training',
          ^
SyntaxError: invalid syntax
[2025-10-06T22:38:00.321+0000] {processor.py:927} WARNING - No viable dags retrieved from /opt/airflow/dags/fraud_detection_training_dag.py
[2025-10-06T22:38:00.394+0000] {processor.py:208} INFO - Processing /opt/airflow/dags/fraud_detection_training_dag.py took 0.119 seconds
[2025-10-06T22:38:30.825+0000] {processor.py:186} INFO - Started process (PID=2235) to work on /opt/airflow/dags/fraud_detection_training_dag.py
[2025-10-06T22:38:30.826+0000] {processor.py:914} INFO - Processing file /opt/airflow/dags/fraud_detection_training_dag.py for tasks to queue
[2025-10-06T22:38:30.834+0000] {logging_mixin.py:190} INFO - [2025-10-06T22:38:30.833+0000] {dagbag.py:588} INFO - Filling up the DagBag from /opt/airflow/dags/fraud_detection_training_dag.py
[2025-10-06T22:38:30.843+0000] {logging_mixin.py:190} INFO - [2025-10-06T22:38:30.839+0000] {dagbag.py:387} ERROR - Failed to import: /opt/airflow/dags/fraud_detection_training_dag.py
Traceback (most recent call last):
  File "/home/airflow/.local/lib/python3.12/site-packages/airflow/models/dagbag.py", line 383, in parse
    loader.exec_module(new_module)
  File "<frozen importlib._bootstrap_external>", line 995, in exec_module
  File "<frozen importlib._bootstrap_external>", line 1133, in get_code
  File "<frozen importlib._bootstrap_external>", line 1063, in source_to_code
  File "<frozen importlib._bootstrap>", line 488, in _call_with_frames_removed
  File "/opt/airflow/dags/fraud_detection_training_dag.py", line 19
    dag_id:'fraud_detection_training',
          ^
SyntaxError: invalid syntax
[2025-10-06T22:38:30.843+0000] {processor.py:927} WARNING - No viable dags retrieved from /opt/airflow/dags/fraud_detection_training_dag.py
[2025-10-06T22:38:30.906+0000] {processor.py:208} INFO - Processing /opt/airflow/dags/fraud_detection_training_dag.py took 0.090 seconds
[2025-10-06T22:39:14.090+0000] {processor.py:186} INFO - Started process (PID=2236) to work on /opt/airflow/dags/fraud_detection_training_dag.py
[2025-10-06T22:39:14.102+0000] {processor.py:914} INFO - Processing file /opt/airflow/dags/fraud_detection_training_dag.py for tasks to queue
[2025-10-06T22:39:23.301+0000] {logging_mixin.py:190} INFO - [2025-10-06T22:39:19.263+0000] {dagbag.py:588} INFO - Filling up the DagBag from /opt/airflow/dags/fraud_detection_training_dag.py
[2025-10-06T22:39:39.769+0000] {logging_mixin.py:190} INFO - [2025-10-06T22:39:35.352+0000] {dagbag.py:387} ERROR - Failed to import: /opt/airflow/dags/fraud_detection_training_dag.py
Traceback (most recent call last):
  File "/home/airflow/.local/lib/python3.12/site-packages/airflow/models/dagbag.py", line 383, in parse
    loader.exec_module(new_module)
  File "<frozen importlib._bootstrap_external>", line 995, in exec_module
  File "<frozen importlib._bootstrap_external>", line 1133, in get_code
  File "<frozen importlib._bootstrap_external>", line 1063, in source_to_code
  File "<frozen importlib._bootstrap>", line 488, in _call_with_frames_removed
  File "/opt/airflow/dags/fraud_detection_training_dag.py", line 19
    dag_id:'fraud_detection_training',
          ^
SyntaxError: invalid syntax
[2025-10-06T22:39:40.350+0000] {processor.py:927} WARNING - No viable dags retrieved from /opt/airflow/dags/fraud_detection_training_dag.py
[2025-10-06T22:40:38.037+0000] {processor.py:186} INFO - Started process (PID=2243) to work on /opt/airflow/dags/fraud_detection_training_dag.py
[2025-10-06T22:40:38.054+0000] {processor.py:914} INFO - Processing file /opt/airflow/dags/fraud_detection_training_dag.py for tasks to queue
[2025-10-06T22:40:38.127+0000] {logging_mixin.py:190} INFO - [2025-10-06T22:40:38.108+0000] {dagbag.py:588} INFO - Filling up the DagBag from /opt/airflow/dags/fraud_detection_training_dag.py
[2025-10-06T22:40:38.461+0000] {logging_mixin.py:190} INFO - [2025-10-06T22:40:38.358+0000] {dagbag.py:387} ERROR - Failed to import: /opt/airflow/dags/fraud_detection_training_dag.py
Traceback (most recent call last):
  File "/home/airflow/.local/lib/python3.12/site-packages/airflow/models/dagbag.py", line 383, in parse
    loader.exec_module(new_module)
  File "<frozen importlib._bootstrap_external>", line 995, in exec_module
  File "<frozen importlib._bootstrap_external>", line 1133, in get_code
  File "<frozen importlib._bootstrap_external>", line 1063, in source_to_code
  File "<frozen importlib._bootstrap>", line 488, in _call_with_frames_removed
  File "/opt/airflow/dags/fraud_detection_training_dag.py", line 19
    dag_id:'fraud_detection_training',
          ^
SyntaxError: invalid syntax
[2025-10-06T22:40:38.496+0000] {processor.py:927} WARNING - No viable dags retrieved from /opt/airflow/dags/fraud_detection_training_dag.py
[2025-10-06T22:40:41.403+0000] {processor.py:208} INFO - Processing /opt/airflow/dags/fraud_detection_training_dag.py took 3.448 seconds
[2025-10-06T22:41:11.753+0000] {processor.py:186} INFO - Started process (PID=2250) to work on /opt/airflow/dags/fraud_detection_training_dag.py
[2025-10-06T22:41:11.760+0000] {processor.py:914} INFO - Processing file /opt/airflow/dags/fraud_detection_training_dag.py for tasks to queue
[2025-10-06T22:41:11.786+0000] {logging_mixin.py:190} INFO - [2025-10-06T22:41:11.781+0000] {dagbag.py:588} INFO - Filling up the DagBag from /opt/airflow/dags/fraud_detection_training_dag.py
[2025-10-06T22:41:11.838+0000] {logging_mixin.py:190} INFO - [2025-10-06T22:41:11.827+0000] {dagbag.py:387} ERROR - Failed to import: /opt/airflow/dags/fraud_detection_training_dag.py
Traceback (most recent call last):
  File "/home/airflow/.local/lib/python3.12/site-packages/airflow/models/dagbag.py", line 383, in parse
    loader.exec_module(new_module)
  File "<frozen importlib._bootstrap_external>", line 995, in exec_module
  File "<frozen importlib._bootstrap_external>", line 1133, in get_code
  File "<frozen importlib._bootstrap_external>", line 1063, in source_to_code
  File "<frozen importlib._bootstrap>", line 488, in _call_with_frames_removed
  File "/opt/airflow/dags/fraud_detection_training_dag.py", line 19
    dag_id:'fraud_detection_training',
          ^
SyntaxError: invalid syntax
[2025-10-06T22:41:11.840+0000] {processor.py:927} WARNING - No viable dags retrieved from /opt/airflow/dags/fraud_detection_training_dag.py
[2025-10-06T22:41:11.964+0000] {processor.py:208} INFO - Processing /opt/airflow/dags/fraud_detection_training_dag.py took 0.233 seconds
[2025-10-06T22:41:42.681+0000] {processor.py:186} INFO - Started process (PID=2257) to work on /opt/airflow/dags/fraud_detection_training_dag.py
[2025-10-06T22:41:42.685+0000] {processor.py:914} INFO - Processing file /opt/airflow/dags/fraud_detection_training_dag.py for tasks to queue
[2025-10-06T22:41:42.709+0000] {logging_mixin.py:190} INFO - [2025-10-06T22:41:42.706+0000] {dagbag.py:588} INFO - Filling up the DagBag from /opt/airflow/dags/fraud_detection_training_dag.py
[2025-10-06T22:41:42.749+0000] {logging_mixin.py:190} INFO - [2025-10-06T22:41:42.738+0000] {dagbag.py:387} ERROR - Failed to import: /opt/airflow/dags/fraud_detection_training_dag.py
Traceback (most recent call last):
  File "/home/airflow/.local/lib/python3.12/site-packages/airflow/models/dagbag.py", line 383, in parse
    loader.exec_module(new_module)
  File "<frozen importlib._bootstrap_external>", line 995, in exec_module
  File "<frozen importlib._bootstrap_external>", line 1133, in get_code
  File "<frozen importlib._bootstrap_external>", line 1063, in source_to_code
  File "<frozen importlib._bootstrap>", line 488, in _call_with_frames_removed
  File "/opt/airflow/dags/fraud_detection_training_dag.py", line 19
    dag_id:'fraud_detection_training',
          ^
SyntaxError: invalid syntax
[2025-10-06T22:41:42.753+0000] {processor.py:927} WARNING - No viable dags retrieved from /opt/airflow/dags/fraud_detection_training_dag.py
[2025-10-06T22:41:42.859+0000] {processor.py:208} INFO - Processing /opt/airflow/dags/fraud_detection_training_dag.py took 0.190 seconds
[2025-10-06T22:42:13.729+0000] {processor.py:186} INFO - Started process (PID=2264) to work on /opt/airflow/dags/fraud_detection_training_dag.py
[2025-10-06T22:42:13.744+0000] {processor.py:914} INFO - Processing file /opt/airflow/dags/fraud_detection_training_dag.py for tasks to queue
[2025-10-06T22:42:13.854+0000] {logging_mixin.py:190} INFO - [2025-10-06T22:42:13.847+0000] {dagbag.py:588} INFO - Filling up the DagBag from /opt/airflow/dags/fraud_detection_training_dag.py
[2025-10-06T22:42:13.913+0000] {logging_mixin.py:190} INFO - [2025-10-06T22:42:13.905+0000] {dagbag.py:387} ERROR - Failed to import: /opt/airflow/dags/fraud_detection_training_dag.py
Traceback (most recent call last):
  File "/home/airflow/.local/lib/python3.12/site-packages/airflow/models/dagbag.py", line 383, in parse
    loader.exec_module(new_module)
  File "<frozen importlib._bootstrap_external>", line 995, in exec_module
  File "<frozen importlib._bootstrap_external>", line 1133, in get_code
  File "<frozen importlib._bootstrap_external>", line 1063, in source_to_code
  File "<frozen importlib._bootstrap>", line 488, in _call_with_frames_removed
  File "/opt/airflow/dags/fraud_detection_training_dag.py", line 19
    dag_id:'fraud_detection_training',
          ^
SyntaxError: invalid syntax
[2025-10-06T22:42:13.914+0000] {processor.py:927} WARNING - No viable dags retrieved from /opt/airflow/dags/fraud_detection_training_dag.py
[2025-10-06T22:42:14.115+0000] {processor.py:208} INFO - Processing /opt/airflow/dags/fraud_detection_training_dag.py took 0.430 seconds
[2025-10-06T22:42:44.814+0000] {processor.py:186} INFO - Started process (PID=2271) to work on /opt/airflow/dags/fraud_detection_training_dag.py
[2025-10-06T22:42:44.824+0000] {processor.py:914} INFO - Processing file /opt/airflow/dags/fraud_detection_training_dag.py for tasks to queue
[2025-10-06T22:42:44.899+0000] {logging_mixin.py:190} INFO - [2025-10-06T22:42:44.879+0000] {dagbag.py:588} INFO - Filling up the DagBag from /opt/airflow/dags/fraud_detection_training_dag.py
[2025-10-06T22:42:44.977+0000] {logging_mixin.py:190} INFO - [2025-10-06T22:42:44.947+0000] {dagbag.py:387} ERROR - Failed to import: /opt/airflow/dags/fraud_detection_training_dag.py
Traceback (most recent call last):
  File "/home/airflow/.local/lib/python3.12/site-packages/airflow/models/dagbag.py", line 383, in parse
    loader.exec_module(new_module)
  File "<frozen importlib._bootstrap_external>", line 995, in exec_module
  File "<frozen importlib._bootstrap_external>", line 1133, in get_code
  File "<frozen importlib._bootstrap_external>", line 1063, in source_to_code
  File "<frozen importlib._bootstrap>", line 488, in _call_with_frames_removed
  File "/opt/airflow/dags/fraud_detection_training_dag.py", line 19
    dag_id:'fraud_detection_training',
          ^
SyntaxError: invalid syntax
[2025-10-06T22:42:44.980+0000] {processor.py:927} WARNING - No viable dags retrieved from /opt/airflow/dags/fraud_detection_training_dag.py
[2025-10-06T22:42:45.246+0000] {processor.py:208} INFO - Processing /opt/airflow/dags/fraud_detection_training_dag.py took 0.523 seconds
[2025-10-06T22:43:14.600+0000] {processor.py:186} INFO - Started process (PID=2278) to work on /opt/airflow/dags/fraud_detection_training_dag.py
[2025-10-06T22:43:14.609+0000] {processor.py:914} INFO - Processing file /opt/airflow/dags/fraud_detection_training_dag.py for tasks to queue
[2025-10-06T22:43:14.668+0000] {logging_mixin.py:190} INFO - [2025-10-06T22:43:14.648+0000] {dagbag.py:588} INFO - Filling up the DagBag from /opt/airflow/dags/fraud_detection_training_dag.py
[2025-10-06T22:43:14.966+0000] {logging_mixin.py:190} INFO - [2025-10-06T22:43:14.834+0000] {dagbag.py:387} ERROR - Failed to import: /opt/airflow/dags/fraud_detection_training_dag.py
Traceback (most recent call last):
  File "/home/airflow/.local/lib/python3.12/site-packages/airflow/models/dagbag.py", line 383, in parse
    loader.exec_module(new_module)
  File "<frozen importlib._bootstrap_external>", line 995, in exec_module
  File "<frozen importlib._bootstrap_external>", line 1133, in get_code
  File "<frozen importlib._bootstrap_external>", line 1063, in source_to_code
  File "<frozen importlib._bootstrap>", line 488, in _call_with_frames_removed
  File "/opt/airflow/dags/fraud_detection_training_dag.py", line 20
    dag_id:'fraud_detection_training',
          ^
SyntaxError: invalid syntax
[2025-10-06T22:43:14.973+0000] {processor.py:927} WARNING - No viable dags retrieved from /opt/airflow/dags/fraud_detection_training_dag.py
[2025-10-06T22:43:16.299+0000] {processor.py:208} INFO - Processing /opt/airflow/dags/fraud_detection_training_dag.py took 1.823 seconds
[2025-10-06T22:43:44.407+0000] {processor.py:186} INFO - Started process (PID=2285) to work on /opt/airflow/dags/fraud_detection_training_dag.py
[2025-10-06T22:43:44.416+0000] {processor.py:914} INFO - Processing file /opt/airflow/dags/fraud_detection_training_dag.py for tasks to queue
[2025-10-06T22:43:44.447+0000] {logging_mixin.py:190} INFO - [2025-10-06T22:43:44.442+0000] {dagbag.py:588} INFO - Filling up the DagBag from /opt/airflow/dags/fraud_detection_training_dag.py
[2025-10-06T22:43:44.565+0000] {logging_mixin.py:190} INFO - [2025-10-06T22:43:44.532+0000] {dagbag.py:387} ERROR - Failed to import: /opt/airflow/dags/fraud_detection_training_dag.py
Traceback (most recent call last):
  File "/home/airflow/.local/lib/python3.12/site-packages/airflow/models/dagbag.py", line 383, in parse
    loader.exec_module(new_module)
  File "<frozen importlib._bootstrap_external>", line 995, in exec_module
  File "<frozen importlib._bootstrap_external>", line 1133, in get_code
  File "<frozen importlib._bootstrap_external>", line 1063, in source_to_code
  File "<frozen importlib._bootstrap>", line 488, in _call_with_frames_removed
  File "/opt/airflow/dags/fraud_detection_training_dag.py", line 20
    dag_id:'fraud_detection_training',
          ^
SyntaxError: invalid syntax
[2025-10-06T22:43:44.567+0000] {processor.py:927} WARNING - No viable dags retrieved from /opt/airflow/dags/fraud_detection_training_dag.py
[2025-10-06T22:43:45.143+0000] {processor.py:208} INFO - Processing /opt/airflow/dags/fraud_detection_training_dag.py took 0.773 seconds
[2025-10-06T22:43:48.728+0000] {processor.py:186} INFO - Started process (PID=2286) to work on /opt/airflow/dags/fraud_detection_training_dag.py
[2025-10-06T22:43:48.732+0000] {processor.py:914} INFO - Processing file /opt/airflow/dags/fraud_detection_training_dag.py for tasks to queue
[2025-10-06T22:43:48.773+0000] {logging_mixin.py:190} INFO - [2025-10-06T22:43:48.771+0000] {dagbag.py:588} INFO - Filling up the DagBag from /opt/airflow/dags/fraud_detection_training_dag.py
[2025-10-06T22:43:48.830+0000] {logging_mixin.py:190} INFO - [2025-10-06T22:43:48.809+0000] {dagbag.py:387} ERROR - Failed to import: /opt/airflow/dags/fraud_detection_training_dag.py
Traceback (most recent call last):
  File "/home/airflow/.local/lib/python3.12/site-packages/airflow/models/dagbag.py", line 383, in parse
    loader.exec_module(new_module)
  File "<frozen importlib._bootstrap_external>", line 995, in exec_module
  File "<frozen importlib._bootstrap_external>", line 1133, in get_code
  File "<frozen importlib._bootstrap_external>", line 1063, in source_to_code
  File "<frozen importlib._bootstrap>", line 488, in _call_with_frames_removed
  File "/opt/airflow/dags/fraud_detection_training_dag.py", line 20
    dag_id:'fraud_detection_training',
          ^
SyntaxError: invalid syntax
[2025-10-06T22:43:48.833+0000] {processor.py:927} WARNING - No viable dags retrieved from /opt/airflow/dags/fraud_detection_training_dag.py
[2025-10-06T22:43:48.983+0000] {processor.py:208} INFO - Processing /opt/airflow/dags/fraud_detection_training_dag.py took 0.292 seconds
[2025-10-06T22:43:53.477+0000] {processor.py:186} INFO - Started process (PID=2287) to work on /opt/airflow/dags/fraud_detection_training_dag.py
[2025-10-06T22:43:53.495+0000] {processor.py:914} INFO - Processing file /opt/airflow/dags/fraud_detection_training_dag.py for tasks to queue
[2025-10-06T22:43:53.581+0000] {logging_mixin.py:190} INFO - [2025-10-06T22:43:53.564+0000] {dagbag.py:588} INFO - Filling up the DagBag from /opt/airflow/dags/fraud_detection_training_dag.py
[2025-10-06T22:43:53.697+0000] {logging_mixin.py:190} INFO - [2025-10-06T22:43:53.658+0000] {dagbag.py:387} ERROR - Failed to import: /opt/airflow/dags/fraud_detection_training_dag.py
Traceback (most recent call last):
  File "/home/airflow/.local/lib/python3.12/site-packages/airflow/models/dagbag.py", line 383, in parse
    loader.exec_module(new_module)
  File "<frozen importlib._bootstrap_external>", line 995, in exec_module
  File "<frozen importlib._bootstrap_external>", line 1133, in get_code
  File "<frozen importlib._bootstrap_external>", line 1063, in source_to_code
  File "<frozen importlib._bootstrap>", line 488, in _call_with_frames_removed
  File "/opt/airflow/dags/fraud_detection_training_dag.py", line 20
    dag_id:'fraud_detection_training',
          ^
SyntaxError: invalid syntax
[2025-10-06T22:43:53.702+0000] {processor.py:927} WARNING - No viable dags retrieved from /opt/airflow/dags/fraud_detection_training_dag.py
[2025-10-06T22:43:54.822+0000] {processor.py:208} INFO - Processing /opt/airflow/dags/fraud_detection_training_dag.py took 1.435 seconds
[2025-10-06T22:44:32.785+0000] {processor.py:186} INFO - Started process (PID=2294) to work on /opt/airflow/dags/fraud_detection_training_dag.py
[2025-10-06T22:44:33.501+0000] {processor.py:914} INFO - Processing file /opt/airflow/dags/fraud_detection_training_dag.py for tasks to queue
[2025-10-06T22:44:34.017+0000] {logging_mixin.py:190} INFO - [2025-10-06T22:44:33.725+0000] {dagbag.py:588} INFO - Filling up the DagBag from /opt/airflow/dags/fraud_detection_training_dag.py
[2025-10-06T22:44:36.309+0000] {logging_mixin.py:190} INFO - [2025-10-06T22:44:35.666+0000] {dagbag.py:387} ERROR - Failed to import: /opt/airflow/dags/fraud_detection_training_dag.py
Traceback (most recent call last):
  File "/home/airflow/.local/lib/python3.12/site-packages/airflow/models/dagbag.py", line 383, in parse
    loader.exec_module(new_module)
  File "<frozen importlib._bootstrap_external>", line 995, in exec_module
  File "<frozen importlib._bootstrap_external>", line 1133, in get_code
  File "<frozen importlib._bootstrap_external>", line 1063, in source_to_code
  File "<frozen importlib._bootstrap>", line 488, in _call_with_frames_removed
  File "/opt/airflow/dags/fraud_detection_training_dag.py", line 20
    dag_id:'fraud_detection_training',
          ^
SyntaxError: invalid syntax
[2025-10-06T22:44:37.359+0000] {processor.py:927} WARNING - No viable dags retrieved from /opt/airflow/dags/fraud_detection_training_dag.py
[2025-10-06T22:45:04.145+0000] {processor.py:208} INFO - Processing /opt/airflow/dags/fraud_detection_training_dag.py took 34.541 seconds
[2025-10-06T22:45:32.271+0000] {processor.py:186} INFO - Started process (PID=2301) to work on /opt/airflow/dags/fraud_detection_training_dag.py
[2025-10-06T22:45:32.275+0000] {processor.py:914} INFO - Processing file /opt/airflow/dags/fraud_detection_training_dag.py for tasks to queue
[2025-10-06T22:45:32.296+0000] {logging_mixin.py:190} INFO - [2025-10-06T22:45:32.290+0000] {dagbag.py:588} INFO - Filling up the DagBag from /opt/airflow/dags/fraud_detection_training_dag.py
[2025-10-06T22:45:32.329+0000] {logging_mixin.py:190} INFO - [2025-10-06T22:45:32.319+0000] {dagbag.py:387} ERROR - Failed to import: /opt/airflow/dags/fraud_detection_training_dag.py
Traceback (most recent call last):
  File "/home/airflow/.local/lib/python3.12/site-packages/airflow/models/dagbag.py", line 383, in parse
    loader.exec_module(new_module)
  File "<frozen importlib._bootstrap_external>", line 995, in exec_module
  File "<frozen importlib._bootstrap_external>", line 1133, in get_code
  File "<frozen importlib._bootstrap_external>", line 1063, in source_to_code
  File "<frozen importlib._bootstrap>", line 488, in _call_with_frames_removed
  File "/opt/airflow/dags/fraud_detection_training_dag.py", line 20
    dag_id:'fraud_detection_training',
          ^
SyntaxError: invalid syntax
[2025-10-06T22:45:32.331+0000] {processor.py:927} WARNING - No viable dags retrieved from /opt/airflow/dags/fraud_detection_training_dag.py
[2025-10-06T22:45:32.415+0000] {processor.py:208} INFO - Processing /opt/airflow/dags/fraud_detection_training_dag.py took 0.170 seconds
[2025-10-06T22:46:28.305+0000] {processor.py:186} INFO - Started process (PID=2308) to work on /opt/airflow/dags/fraud_detection_training_dag.py
[2025-10-06T22:46:27.727+0000] {processor.py:914} INFO - Processing file /opt/airflow/dags/fraud_detection_training_dag.py for tasks to queue
[2025-10-06T22:46:38.155+0000] {logging_mixin.py:190} INFO - [2025-10-06T22:46:33.103+0000] {dagbag.py:588} INFO - Filling up the DagBag from /opt/airflow/dags/fraud_detection_training_dag.py
[2025-10-06T22:46:52.940+0000] {logging_mixin.py:190} INFO - [2025-10-06T22:46:50.460+0000] {dagbag.py:387} ERROR - Failed to import: /opt/airflow/dags/fraud_detection_training_dag.py
Traceback (most recent call last):
  File "/home/airflow/.local/lib/python3.12/site-packages/airflow/models/dagbag.py", line 383, in parse
    loader.exec_module(new_module)
  File "<frozen importlib._bootstrap_external>", line 995, in exec_module
  File "<frozen importlib._bootstrap_external>", line 1133, in get_code
  File "<frozen importlib._bootstrap_external>", line 1063, in source_to_code
  File "<frozen importlib._bootstrap>", line 488, in _call_with_frames_removed
  File "/opt/airflow/dags/fraud_detection_training_dag.py", line 20
    dag_id:'fraud_detection_training',
          ^
SyntaxError: invalid syntax
[2025-10-06T22:46:54.357+0000] {processor.py:927} WARNING - No viable dags retrieved from /opt/airflow/dags/fraud_detection_training_dag.py
[2025-10-06T22:47:11.001+0000] {processor.py:208} INFO - Processing /opt/airflow/dags/fraud_detection_training_dag.py took 46.314 seconds
[2025-10-06T22:47:40.583+0000] {processor.py:186} INFO - Started process (PID=2315) to work on /opt/airflow/dags/fraud_detection_training_dag.py
[2025-10-06T22:47:40.606+0000] {processor.py:914} INFO - Processing file /opt/airflow/dags/fraud_detection_training_dag.py for tasks to queue
[2025-10-06T22:47:40.703+0000] {logging_mixin.py:190} INFO - [2025-10-06T22:47:40.700+0000] {dagbag.py:588} INFO - Filling up the DagBag from /opt/airflow/dags/fraud_detection_training_dag.py
[2025-10-06T22:47:40.853+0000] {logging_mixin.py:190} INFO - [2025-10-06T22:47:40.829+0000] {dagbag.py:387} ERROR - Failed to import: /opt/airflow/dags/fraud_detection_training_dag.py
Traceback (most recent call last):
  File "/home/airflow/.local/lib/python3.12/site-packages/airflow/models/dagbag.py", line 383, in parse
    loader.exec_module(new_module)
  File "<frozen importlib._bootstrap_external>", line 995, in exec_module
  File "<frozen importlib._bootstrap_external>", line 1133, in get_code
  File "<frozen importlib._bootstrap_external>", line 1063, in source_to_code
  File "<frozen importlib._bootstrap>", line 488, in _call_with_frames_removed
  File "/opt/airflow/dags/fraud_detection_training_dag.py", line 20
    dag_id:'fraud_detection_training',
          ^
SyntaxError: invalid syntax
[2025-10-06T22:47:40.862+0000] {processor.py:927} WARNING - No viable dags retrieved from /opt/airflow/dags/fraud_detection_training_dag.py
[2025-10-06T22:47:41.165+0000] {processor.py:208} INFO - Processing /opt/airflow/dags/fraud_detection_training_dag.py took 0.640 seconds
[2025-10-06T22:48:06.554+0000] {processor.py:186} INFO - Started process (PID=2321) to work on /opt/airflow/dags/fraud_detection_training_dag.py
[2025-10-06T22:48:06.563+0000] {processor.py:914} INFO - Processing file /opt/airflow/dags/fraud_detection_training_dag.py for tasks to queue
[2025-10-06T22:48:06.596+0000] {logging_mixin.py:190} INFO - [2025-10-06T22:48:06.591+0000] {dagbag.py:588} INFO - Filling up the DagBag from /opt/airflow/dags/fraud_detection_training_dag.py
[2025-10-06T22:48:06.664+0000] {logging_mixin.py:190} INFO - [2025-10-06T22:48:06.641+0000] {dagbag.py:387} ERROR - Failed to import: /opt/airflow/dags/fraud_detection_training_dag.py
Traceback (most recent call last):
  File "/home/airflow/.local/lib/python3.12/site-packages/airflow/models/dagbag.py", line 383, in parse
    loader.exec_module(new_module)
  File "<frozen importlib._bootstrap_external>", line 995, in exec_module
  File "<frozen importlib._bootstrap_external>", line 1133, in get_code
  File "<frozen importlib._bootstrap_external>", line 1063, in source_to_code
  File "<frozen importlib._bootstrap>", line 488, in _call_with_frames_removed
  File "/opt/airflow/dags/fraud_detection_training_dag.py", line 20
    dag_id:'fraud_detection_training',
          ^
SyntaxError: invalid syntax
[2025-10-06T22:48:06.666+0000] {processor.py:927} WARNING - No viable dags retrieved from /opt/airflow/dags/fraud_detection_training_dag.py
[2025-10-06T22:48:06.809+0000] {processor.py:208} INFO - Processing /opt/airflow/dags/fraud_detection_training_dag.py took 0.326 seconds
[2025-10-06T22:48:37.628+0000] {processor.py:186} INFO - Started process (PID=2328) to work on /opt/airflow/dags/fraud_detection_training_dag.py
[2025-10-06T22:48:37.638+0000] {processor.py:914} INFO - Processing file /opt/airflow/dags/fraud_detection_training_dag.py for tasks to queue
[2025-10-06T22:48:37.651+0000] {logging_mixin.py:190} INFO - [2025-10-06T22:48:37.647+0000] {dagbag.py:588} INFO - Filling up the DagBag from /opt/airflow/dags/fraud_detection_training_dag.py
[2025-10-06T22:48:37.715+0000] {logging_mixin.py:190} INFO - [2025-10-06T22:48:37.706+0000] {dagbag.py:387} ERROR - Failed to import: /opt/airflow/dags/fraud_detection_training_dag.py
Traceback (most recent call last):
  File "/home/airflow/.local/lib/python3.12/site-packages/airflow/models/dagbag.py", line 383, in parse
    loader.exec_module(new_module)
  File "<frozen importlib._bootstrap_external>", line 995, in exec_module
  File "<frozen importlib._bootstrap_external>", line 1133, in get_code
  File "<frozen importlib._bootstrap_external>", line 1063, in source_to_code
  File "<frozen importlib._bootstrap>", line 488, in _call_with_frames_removed
  File "/opt/airflow/dags/fraud_detection_training_dag.py", line 20
    dag_id:'fraud_detection_training',
          ^
SyntaxError: invalid syntax
[2025-10-06T22:48:37.719+0000] {processor.py:927} WARNING - No viable dags retrieved from /opt/airflow/dags/fraud_detection_training_dag.py
[2025-10-06T22:48:37.862+0000] {processor.py:208} INFO - Processing /opt/airflow/dags/fraud_detection_training_dag.py took 0.258 seconds
[2025-10-06T22:49:08.936+0000] {processor.py:186} INFO - Started process (PID=2335) to work on /opt/airflow/dags/fraud_detection_training_dag.py
[2025-10-06T22:49:08.939+0000] {processor.py:914} INFO - Processing file /opt/airflow/dags/fraud_detection_training_dag.py for tasks to queue
[2025-10-06T22:49:08.961+0000] {logging_mixin.py:190} INFO - [2025-10-06T22:49:08.951+0000] {dagbag.py:588} INFO - Filling up the DagBag from /opt/airflow/dags/fraud_detection_training_dag.py
[2025-10-06T22:49:08.998+0000] {logging_mixin.py:190} INFO - [2025-10-06T22:49:08.984+0000] {dagbag.py:387} ERROR - Failed to import: /opt/airflow/dags/fraud_detection_training_dag.py
Traceback (most recent call last):
  File "/home/airflow/.local/lib/python3.12/site-packages/airflow/models/dagbag.py", line 383, in parse
    loader.exec_module(new_module)
  File "<frozen importlib._bootstrap_external>", line 995, in exec_module
  File "<frozen importlib._bootstrap_external>", line 1133, in get_code
  File "<frozen importlib._bootstrap_external>", line 1063, in source_to_code
  File "<frozen importlib._bootstrap>", line 488, in _call_with_frames_removed
  File "/opt/airflow/dags/fraud_detection_training_dag.py", line 20
    dag_id:'fraud_detection_training',
          ^
SyntaxError: invalid syntax
[2025-10-06T22:49:09.003+0000] {processor.py:927} WARNING - No viable dags retrieved from /opt/airflow/dags/fraud_detection_training_dag.py
[2025-10-06T22:49:09.427+0000] {processor.py:208} INFO - Processing /opt/airflow/dags/fraud_detection_training_dag.py took 0.530 seconds
[2025-10-06T22:50:04.192+0000] {processor.py:186} INFO - Started process (PID=2336) to work on /opt/airflow/dags/fraud_detection_training_dag.py
[2025-10-06T22:50:04.377+0000] {processor.py:914} INFO - Processing file /opt/airflow/dags/fraud_detection_training_dag.py for tasks to queue
[2025-10-06T22:50:09.860+0000] {logging_mixin.py:190} INFO - [2025-10-06T22:50:05.204+0000] {dagbag.py:588} INFO - Filling up the DagBag from /opt/airflow/dags/fraud_detection_training_dag.py
[2025-10-06T22:50:20.289+0000] {logging_mixin.py:190} INFO - [2025-10-06T22:50:12.951+0000] {dagbag.py:387} ERROR - Failed to import: /opt/airflow/dags/fraud_detection_training_dag.py
Traceback (most recent call last):
  File "/home/airflow/.local/lib/python3.12/site-packages/airflow/models/dagbag.py", line 383, in parse
    loader.exec_module(new_module)
  File "<frozen importlib._bootstrap_external>", line 995, in exec_module
  File "<frozen importlib._bootstrap_external>", line 1133, in get_code
  File "<frozen importlib._bootstrap_external>", line 1063, in source_to_code
  File "<frozen importlib._bootstrap>", line 488, in _call_with_frames_removed
  File "/opt/airflow/dags/fraud_detection_training_dag.py", line 20
    dag_id:'fraud_detection_training',
          ^
SyntaxError: invalid syntax
[2025-10-06T22:50:22.113+0000] {processor.py:927} WARNING - No viable dags retrieved from /opt/airflow/dags/fraud_detection_training_dag.py
[2025-10-06T22:50:38.246+0000] {processor.py:211} ERROR - Got an exception! Propagating...
Traceback (most recent call last):
  File "/home/airflow/.local/lib/python3.12/site-packages/sqlalchemy/engine/base.py", line 3371, in _wrap_pool_connect
    return fn()
           ^^^^
  File "/home/airflow/.local/lib/python3.12/site-packages/sqlalchemy/pool/base.py", line 327, in connect
    return _ConnectionFairy._checkout(self)
           ^^^^^^^^^^^^^^^^^^^^^^^^^^^^^^^^
  File "/home/airflow/.local/lib/python3.12/site-packages/sqlalchemy/pool/base.py", line 894, in _checkout
    fairy = _ConnectionRecord.checkout(pool)
            ^^^^^^^^^^^^^^^^^^^^^^^^^^^^^^^^
  File "/home/airflow/.local/lib/python3.12/site-packages/sqlalchemy/pool/base.py", line 493, in checkout
    rec = pool._do_get()
          ^^^^^^^^^^^^^^
  File "/home/airflow/.local/lib/python3.12/site-packages/sqlalchemy/pool/impl.py", line 145, in _do_get
    with util.safe_reraise():
         ^^^^^^^^^^^^^^^^^^^
  File "/home/airflow/.local/lib/python3.12/site-packages/sqlalchemy/util/langhelpers.py", line 70, in __exit__
    compat.raise_(
  File "/home/airflow/.local/lib/python3.12/site-packages/sqlalchemy/util/compat.py", line 211, in raise_
    raise exception
  File "/home/airflow/.local/lib/python3.12/site-packages/sqlalchemy/pool/impl.py", line 143, in _do_get
    return self._create_connection()
           ^^^^^^^^^^^^^^^^^^^^^^^^^
  File "/home/airflow/.local/lib/python3.12/site-packages/sqlalchemy/pool/base.py", line 273, in _create_connection
    return _ConnectionRecord(self)
           ^^^^^^^^^^^^^^^^^^^^^^^
  File "/home/airflow/.local/lib/python3.12/site-packages/sqlalchemy/pool/base.py", line 388, in __init__
    self.__connect()
  File "/home/airflow/.local/lib/python3.12/site-packages/sqlalchemy/pool/base.py", line 690, in __connect
    with util.safe_reraise():
         ^^^^^^^^^^^^^^^^^^^
  File "/home/airflow/.local/lib/python3.12/site-packages/sqlalchemy/util/langhelpers.py", line 70, in __exit__
    compat.raise_(
  File "/home/airflow/.local/lib/python3.12/site-packages/sqlalchemy/util/compat.py", line 211, in raise_
    raise exception
  File "/home/airflow/.local/lib/python3.12/site-packages/sqlalchemy/pool/base.py", line 686, in __connect
    self.dbapi_connection = connection = pool._invoke_creator(self)
                                         ^^^^^^^^^^^^^^^^^^^^^^^^^^
  File "/home/airflow/.local/lib/python3.12/site-packages/sqlalchemy/engine/create.py", line 574, in connect
    return dialect.connect(*cargs, **cparams)
           ^^^^^^^^^^^^^^^^^^^^^^^^^^^^^^^^^^
  File "/home/airflow/.local/lib/python3.12/site-packages/sqlalchemy/engine/default.py", line 598, in connect
    return self.dbapi.connect(*cargs, **cparams)
           ^^^^^^^^^^^^^^^^^^^^^^^^^^^^^^^^^^^^^
  File "/home/airflow/.local/lib/python3.12/site-packages/psycopg2/__init__.py", line 122, in connect
    conn = _connect(dsn, connection_factory=connection_factory, **kwasync)
           ^^^^^^^^^^^^^^^^^^^^^^^^^^^^^^^^^^^^^^^^^^^^^^^^^^^^^^^^^^^^^^^
psycopg2.OperationalError: could not translate host name "postgres" to address: Temporary failure in name resolution


The above exception was the direct cause of the following exception:

Traceback (most recent call last):
  File "/home/airflow/.local/lib/python3.12/site-packages/airflow/dag_processing/processor.py", line 207, in _run_file_processor
    _handle_dag_file_processing()
  File "/home/airflow/.local/lib/python3.12/site-packages/airflow/dag_processing/processor.py", line 188, in _handle_dag_file_processing
    result: tuple[int, int, int] = dag_file_processor.process_file(
                                   ^^^^^^^^^^^^^^^^^^^^^^^^^^^^^^^^
  File "/home/airflow/.local/lib/python3.12/site-packages/airflow/utils/session.py", line 97, in wrapper
    return func(*args, session=session, **kwargs)
           ^^^^^^^^^^^^^^^^^^^^^^^^^^^^^^^^^^^^^^
  File "/home/airflow/.local/lib/python3.12/site-packages/airflow/dag_processing/processor.py", line 928, in process_file
    DagFileProcessor.update_import_errors(
  File "/home/airflow/.local/lib/python3.12/site-packages/airflow/api_internal/internal_api_call.py", line 166, in wrapper
    return func(*args, **kwargs)
           ^^^^^^^^^^^^^^^^^^^^^
  File "/home/airflow/.local/lib/python3.12/site-packages/airflow/utils/session.py", line 97, in wrapper
    return func(*args, session=session, **kwargs)
           ^^^^^^^^^^^^^^^^^^^^^^^^^^^^^^^^^^^^^^
  File "/home/airflow/.local/lib/python3.12/site-packages/airflow/dag_processing/processor.py", line 648, in update_import_errors
    existing_import_error_files = [x.filename for x in session.query(ParseImportError.filename).all()]
                                                       ^^^^^^^^^^^^^^^^^^^^^^^^^^^^^^^^^^^^^^^^^^^^^^
  File "/home/airflow/.local/lib/python3.12/site-packages/sqlalchemy/orm/query.py", line 2773, in all
    return self._iter().all()
           ^^^^^^^^^^^^
  File "/home/airflow/.local/lib/python3.12/site-packages/sqlalchemy/orm/query.py", line 2916, in _iter
    result = self.session.execute(
             ^^^^^^^^^^^^^^^^^^^^^
  File "/home/airflow/.local/lib/python3.12/site-packages/sqlalchemy/orm/session.py", line 1716, in execute
    conn = self._connection_for_bind(bind)
           ^^^^^^^^^^^^^^^^^^^^^^^^^^^^^^^
  File "/home/airflow/.local/lib/python3.12/site-packages/sqlalchemy/orm/session.py", line 1555, in _connection_for_bind
    return self._transaction._connection_for_bind(
           ^^^^^^^^^^^^^^^^^^^^^^^^^^^^^^^^^^^^^^^
  File "/home/airflow/.local/lib/python3.12/site-packages/sqlalchemy/orm/session.py", line 750, in _connection_for_bind
    conn = bind.connect()
           ^^^^^^^^^^^^^^
  File "/home/airflow/.local/lib/python3.12/site-packages/sqlalchemy/future/engine.py", line 412, in connect
    return super(Engine, self).connect()
           ^^^^^^^^^^^^^^^^^^^^^^^^^^^^^
  File "/home/airflow/.local/lib/python3.12/site-packages/sqlalchemy/engine/base.py", line 3325, in connect
    return self._connection_cls(self, close_with_result=close_with_result)
           ^^^^^^^^^^^^^^^^^^^^^^^^^^^^^^^^^^^^^^^^^^^^^^^^^^^^^^^^^^^^^^^
  File "/home/airflow/.local/lib/python3.12/site-packages/sqlalchemy/engine/base.py", line 96, in __init__
    else engine.raw_connection()
         ^^^^^^^^^^^^^^^^^^^^^^^
  File "/home/airflow/.local/lib/python3.12/site-packages/sqlalchemy/engine/base.py", line 3404, in raw_connection
    return self._wrap_pool_connect(self.pool.connect, _connection)
           ^^^^^^^^^^^^^^^^^^^^^^^^^^^^^^^^^^^^^^^^^^^^^^^^^^^^^^^
  File "/home/airflow/.local/lib/python3.12/site-packages/sqlalchemy/engine/base.py", line 3374, in _wrap_pool_connect
    Connection._handle_dbapi_exception_noconnection(
  File "/home/airflow/.local/lib/python3.12/site-packages/sqlalchemy/engine/base.py", line 2208, in _handle_dbapi_exception_noconnection
    util.raise_(
  File "/home/airflow/.local/lib/python3.12/site-packages/sqlalchemy/util/compat.py", line 211, in raise_
    raise exception
  File "/home/airflow/.local/lib/python3.12/site-packages/sqlalchemy/engine/base.py", line 3371, in _wrap_pool_connect
    return fn()
           ^^^^
  File "/home/airflow/.local/lib/python3.12/site-packages/sqlalchemy/pool/base.py", line 327, in connect
    return _ConnectionFairy._checkout(self)
           ^^^^^^^^^^^^^^^^^^^^^^^^^^^^^^^^
  File "/home/airflow/.local/lib/python3.12/site-packages/sqlalchemy/pool/base.py", line 894, in _checkout
    fairy = _ConnectionRecord.checkout(pool)
            ^^^^^^^^^^^^^^^^^^^^^^^^^^^^^^^^
  File "/home/airflow/.local/lib/python3.12/site-packages/sqlalchemy/pool/base.py", line 493, in checkout
    rec = pool._do_get()
          ^^^^^^^^^^^^^^
  File "/home/airflow/.local/lib/python3.12/site-packages/sqlalchemy/pool/impl.py", line 145, in _do_get
    with util.safe_reraise():
         ^^^^^^^^^^^^^^^^^^^
  File "/home/airflow/.local/lib/python3.12/site-packages/sqlalchemy/util/langhelpers.py", line 70, in __exit__
    compat.raise_(
  File "/home/airflow/.local/lib/python3.12/site-packages/sqlalchemy/util/compat.py", line 211, in raise_
    raise exception
  File "/home/airflow/.local/lib/python3.12/site-packages/sqlalchemy/pool/impl.py", line 143, in _do_get
    return self._create_connection()
           ^^^^^^^^^^^^^^^^^^^^^^^^^
  File "/home/airflow/.local/lib/python3.12/site-packages/sqlalchemy/pool/base.py", line 273, in _create_connection
    return _ConnectionRecord(self)
           ^^^^^^^^^^^^^^^^^^^^^^^
  File "/home/airflow/.local/lib/python3.12/site-packages/sqlalchemy/pool/base.py", line 388, in __init__
    self.__connect()
  File "/home/airflow/.local/lib/python3.12/site-packages/sqlalchemy/pool/base.py", line 690, in __connect
    with util.safe_reraise():
         ^^^^^^^^^^^^^^^^^^^
  File "/home/airflow/.local/lib/python3.12/site-packages/sqlalchemy/util/langhelpers.py", line 70, in __exit__
    compat.raise_(
  File "/home/airflow/.local/lib/python3.12/site-packages/sqlalchemy/util/compat.py", line 211, in raise_
    raise exception
  File "/home/airflow/.local/lib/python3.12/site-packages/sqlalchemy/pool/base.py", line 686, in __connect
    self.dbapi_connection = connection = pool._invoke_creator(self)
                                         ^^^^^^^^^^^^^^^^^^^^^^^^^^
  File "/home/airflow/.local/lib/python3.12/site-packages/sqlalchemy/engine/create.py", line 574, in connect
    return dialect.connect(*cargs, **cparams)
           ^^^^^^^^^^^^^^^^^^^^^^^^^^^^^^^^^^
  File "/home/airflow/.local/lib/python3.12/site-packages/sqlalchemy/engine/default.py", line 598, in connect
    return self.dbapi.connect(*cargs, **cparams)
           ^^^^^^^^^^^^^^^^^^^^^^^^^^^^^^^^^^^^^
  File "/home/airflow/.local/lib/python3.12/site-packages/psycopg2/__init__.py", line 122, in connect
    conn = _connect(dsn, connection_factory=connection_factory, **kwasync)
           ^^^^^^^^^^^^^^^^^^^^^^^^^^^^^^^^^^^^^^^^^^^^^^^^^^^^^^^^^^^^^^^
sqlalchemy.exc.OperationalError: (psycopg2.OperationalError) could not translate host name "postgres" to address: Temporary failure in name resolution

(Background on this error at: https://sqlalche.me/e/14/e3q8)
[2025-10-06T22:51:15.979+0000] {processor.py:186} INFO - Started process (PID=2337) to work on /opt/airflow/dags/fraud_detection_training_dag.py
[2025-10-06T22:51:15.983+0000] {processor.py:914} INFO - Processing file /opt/airflow/dags/fraud_detection_training_dag.py for tasks to queue
[2025-10-06T22:51:16.019+0000] {logging_mixin.py:190} INFO - [2025-10-06T22:51:16.012+0000] {dagbag.py:588} INFO - Filling up the DagBag from /opt/airflow/dags/fraud_detection_training_dag.py
[2025-10-06T22:51:16.086+0000] {logging_mixin.py:190} INFO - [2025-10-06T22:51:16.073+0000] {dagbag.py:387} ERROR - Failed to import: /opt/airflow/dags/fraud_detection_training_dag.py
Traceback (most recent call last):
  File "/home/airflow/.local/lib/python3.12/site-packages/airflow/models/dagbag.py", line 383, in parse
    loader.exec_module(new_module)
  File "<frozen importlib._bootstrap_external>", line 995, in exec_module
  File "<frozen importlib._bootstrap_external>", line 1133, in get_code
  File "<frozen importlib._bootstrap_external>", line 1063, in source_to_code
  File "<frozen importlib._bootstrap>", line 488, in _call_with_frames_removed
  File "/opt/airflow/dags/fraud_detection_training_dag.py", line 20
    dag_id:'fraud_detection_training',
          ^
SyntaxError: invalid syntax
[2025-10-06T22:51:16.090+0000] {processor.py:927} WARNING - No viable dags retrieved from /opt/airflow/dags/fraud_detection_training_dag.py
[2025-10-06T22:51:16.197+0000] {processor.py:208} INFO - Processing /opt/airflow/dags/fraud_detection_training_dag.py took 0.247 seconds
[2025-10-06T22:52:04.010+0000] {processor.py:186} INFO - Started process (PID=2343) to work on /opt/airflow/dags/fraud_detection_training_dag.py
[2025-10-06T22:52:04.017+0000] {processor.py:914} INFO - Processing file /opt/airflow/dags/fraud_detection_training_dag.py for tasks to queue
[2025-10-06T22:52:04.212+0000] {logging_mixin.py:190} INFO - [2025-10-06T22:52:04.074+0000] {dagbag.py:588} INFO - Filling up the DagBag from /opt/airflow/dags/fraud_detection_training_dag.py
[2025-10-06T22:52:09.289+0000] {logging_mixin.py:190} INFO - [2025-10-06T22:52:09.110+0000] {dagbag.py:387} ERROR - Failed to import: /opt/airflow/dags/fraud_detection_training_dag.py
Traceback (most recent call last):
  File "/home/airflow/.local/lib/python3.12/site-packages/airflow/models/dagbag.py", line 383, in parse
    loader.exec_module(new_module)
  File "<frozen importlib._bootstrap_external>", line 995, in exec_module
  File "<frozen importlib._bootstrap_external>", line 1133, in get_code
  File "<frozen importlib._bootstrap_external>", line 1063, in source_to_code
  File "<frozen importlib._bootstrap>", line 488, in _call_with_frames_removed
  File "/opt/airflow/dags/fraud_detection_training_dag.py", line 20
    dag_id:'fraud_detection_training',
          ^
SyntaxError: invalid syntax
[2025-10-06T22:52:09.308+0000] {processor.py:927} WARNING - No viable dags retrieved from /opt/airflow/dags/fraud_detection_training_dag.py
[2025-10-06T22:52:09.671+0000] {processor.py:208} INFO - Processing /opt/airflow/dags/fraud_detection_training_dag.py took 5.692 seconds
[2025-10-06T22:52:40.322+0000] {processor.py:186} INFO - Started process (PID=2355) to work on /opt/airflow/dags/fraud_detection_training_dag.py
[2025-10-06T22:52:40.329+0000] {processor.py:914} INFO - Processing file /opt/airflow/dags/fraud_detection_training_dag.py for tasks to queue
[2025-10-06T22:52:40.343+0000] {logging_mixin.py:190} INFO - [2025-10-06T22:52:40.342+0000] {dagbag.py:588} INFO - Filling up the DagBag from /opt/airflow/dags/fraud_detection_training_dag.py
[2025-10-06T22:52:40.370+0000] {logging_mixin.py:190} INFO - [2025-10-06T22:52:40.363+0000] {dagbag.py:387} ERROR - Failed to import: /opt/airflow/dags/fraud_detection_training_dag.py
Traceback (most recent call last):
  File "/home/airflow/.local/lib/python3.12/site-packages/airflow/models/dagbag.py", line 383, in parse
    loader.exec_module(new_module)
  File "<frozen importlib._bootstrap_external>", line 995, in exec_module
  File "<frozen importlib._bootstrap_external>", line 1133, in get_code
  File "<frozen importlib._bootstrap_external>", line 1063, in source_to_code
  File "<frozen importlib._bootstrap>", line 488, in _call_with_frames_removed
  File "/opt/airflow/dags/fraud_detection_training_dag.py", line 20
    dag_id:'fraud_detection_training',
          ^
SyntaxError: invalid syntax
[2025-10-06T22:52:40.373+0000] {processor.py:927} WARNING - No viable dags retrieved from /opt/airflow/dags/fraud_detection_training_dag.py
[2025-10-06T22:52:40.458+0000] {processor.py:208} INFO - Processing /opt/airflow/dags/fraud_detection_training_dag.py took 0.147 seconds
[2025-10-06T22:53:14.333+0000] {processor.py:186} INFO - Started process (PID=2356) to work on /opt/airflow/dags/fraud_detection_training_dag.py
[2025-10-06T22:53:14.393+0000] {processor.py:914} INFO - Processing file /opt/airflow/dags/fraud_detection_training_dag.py for tasks to queue
[2025-10-06T22:53:14.840+0000] {logging_mixin.py:190} INFO - [2025-10-06T22:53:14.592+0000] {dagbag.py:588} INFO - Filling up the DagBag from /opt/airflow/dags/fraud_detection_training_dag.py
[2025-10-06T22:53:15.976+0000] {logging_mixin.py:190} INFO - [2025-10-06T22:53:15.844+0000] {dagbag.py:387} ERROR - Failed to import: /opt/airflow/dags/fraud_detection_training_dag.py
Traceback (most recent call last):
  File "/home/airflow/.local/lib/python3.12/site-packages/airflow/models/dagbag.py", line 383, in parse
    loader.exec_module(new_module)
  File "<frozen importlib._bootstrap_external>", line 995, in exec_module
  File "<frozen importlib._bootstrap_external>", line 1133, in get_code
  File "<frozen importlib._bootstrap_external>", line 1063, in source_to_code
  File "<frozen importlib._bootstrap>", line 488, in _call_with_frames_removed
  File "/opt/airflow/dags/fraud_detection_training_dag.py", line 20
    dag_id:'fraud_detection_training',
          ^
SyntaxError: invalid syntax
[2025-10-06T22:53:16.365+0000] {processor.py:927} WARNING - No viable dags retrieved from /opt/airflow/dags/fraud_detection_training_dag.py
[2025-10-06T22:53:40.710+0000] {processor.py:208} INFO - Processing /opt/airflow/dags/fraud_detection_training_dag.py took 26.373 seconds
[2025-10-06T22:54:01.414+0000] {processor.py:186} INFO - Started process (PID=2363) to work on /opt/airflow/dags/fraud_detection_training_dag.py
[2025-10-06T22:54:01.460+0000] {processor.py:914} INFO - Processing file /opt/airflow/dags/fraud_detection_training_dag.py for tasks to queue
[2025-10-06T22:54:01.580+0000] {logging_mixin.py:190} INFO - [2025-10-06T22:54:01.572+0000] {dagbag.py:588} INFO - Filling up the DagBag from /opt/airflow/dags/fraud_detection_training_dag.py
[2025-10-06T22:54:01.728+0000] {logging_mixin.py:190} INFO - [2025-10-06T22:54:01.693+0000] {dagbag.py:387} ERROR - Failed to import: /opt/airflow/dags/fraud_detection_training_dag.py
Traceback (most recent call last):
  File "/home/airflow/.local/lib/python3.12/site-packages/airflow/models/dagbag.py", line 383, in parse
    loader.exec_module(new_module)
  File "<frozen importlib._bootstrap_external>", line 995, in exec_module
  File "<frozen importlib._bootstrap_external>", line 1133, in get_code
  File "<frozen importlib._bootstrap_external>", line 1063, in source_to_code
  File "<frozen importlib._bootstrap>", line 488, in _call_with_frames_removed
  File "/opt/airflow/dags/fraud_detection_training_dag.py", line 20
    dag_id:'fraud_detection_training',
          ^
SyntaxError: invalid syntax
[2025-10-06T22:54:01.737+0000] {processor.py:927} WARNING - No viable dags retrieved from /opt/airflow/dags/fraud_detection_training_dag.py
[2025-10-06T22:54:02.332+0000] {processor.py:208} INFO - Processing /opt/airflow/dags/fraud_detection_training_dag.py took 6.889 seconds
[2025-10-06T22:54:32.758+0000] {processor.py:186} INFO - Started process (PID=2370) to work on /opt/airflow/dags/fraud_detection_training_dag.py
[2025-10-06T22:54:32.761+0000] {processor.py:914} INFO - Processing file /opt/airflow/dags/fraud_detection_training_dag.py for tasks to queue
[2025-10-06T22:54:32.792+0000] {logging_mixin.py:190} INFO - [2025-10-06T22:54:32.790+0000] {dagbag.py:588} INFO - Filling up the DagBag from /opt/airflow/dags/fraud_detection_training_dag.py
[2025-10-06T22:54:32.834+0000] {logging_mixin.py:190} INFO - [2025-10-06T22:54:32.821+0000] {dagbag.py:387} ERROR - Failed to import: /opt/airflow/dags/fraud_detection_training_dag.py
Traceback (most recent call last):
  File "/home/airflow/.local/lib/python3.12/site-packages/airflow/models/dagbag.py", line 383, in parse
    loader.exec_module(new_module)
  File "<frozen importlib._bootstrap_external>", line 995, in exec_module
  File "<frozen importlib._bootstrap_external>", line 1133, in get_code
  File "<frozen importlib._bootstrap_external>", line 1063, in source_to_code
  File "<frozen importlib._bootstrap>", line 488, in _call_with_frames_removed
  File "/opt/airflow/dags/fraud_detection_training_dag.py", line 20
    dag_id:'fraud_detection_training',
          ^
SyntaxError: invalid syntax
[2025-10-06T22:54:32.838+0000] {processor.py:927} WARNING - No viable dags retrieved from /opt/airflow/dags/fraud_detection_training_dag.py
[2025-10-06T22:54:33.060+0000] {processor.py:208} INFO - Processing /opt/airflow/dags/fraud_detection_training_dag.py took 0.360 seconds
[2025-10-06T22:54:59.925+0000] {processor.py:186} INFO - Started process (PID=2377) to work on /opt/airflow/dags/fraud_detection_training_dag.py
[2025-10-06T22:54:59.932+0000] {processor.py:914} INFO - Processing file /opt/airflow/dags/fraud_detection_training_dag.py for tasks to queue
[2025-10-06T22:54:59.964+0000] {logging_mixin.py:190} INFO - [2025-10-06T22:54:59.961+0000] {dagbag.py:588} INFO - Filling up the DagBag from /opt/airflow/dags/fraud_detection_training_dag.py
[2025-10-06T22:55:00.007+0000] {logging_mixin.py:190} INFO - [2025-10-06T22:54:59.999+0000] {dagbag.py:387} ERROR - Failed to import: /opt/airflow/dags/fraud_detection_training_dag.py
Traceback (most recent call last):
  File "/home/airflow/.local/lib/python3.12/site-packages/airflow/models/dagbag.py", line 383, in parse
    loader.exec_module(new_module)
  File "<frozen importlib._bootstrap_external>", line 995, in exec_module
  File "<frozen importlib._bootstrap_external>", line 1133, in get_code
  File "<frozen importlib._bootstrap_external>", line 1063, in source_to_code
  File "<frozen importlib._bootstrap>", line 488, in _call_with_frames_removed
  File "/opt/airflow/dags/fraud_detection_training_dag.py", line 20
    dag_id:'fraud_detection_training',
          ^
SyntaxError: invalid syntax
[2025-10-06T22:55:00.008+0000] {processor.py:927} WARNING - No viable dags retrieved from /opt/airflow/dags/fraud_detection_training_dag.py
[2025-10-06T22:55:00.212+0000] {processor.py:208} INFO - Processing /opt/airflow/dags/fraud_detection_training_dag.py took 0.338 seconds
[2025-10-06T22:55:31.034+0000] {processor.py:186} INFO - Started process (PID=2384) to work on /opt/airflow/dags/fraud_detection_training_dag.py
[2025-10-06T22:55:31.065+0000] {processor.py:914} INFO - Processing file /opt/airflow/dags/fraud_detection_training_dag.py for tasks to queue
[2025-10-06T22:55:31.149+0000] {logging_mixin.py:190} INFO - [2025-10-06T22:55:31.144+0000] {dagbag.py:588} INFO - Filling up the DagBag from /opt/airflow/dags/fraud_detection_training_dag.py
[2025-10-06T22:55:31.226+0000] {logging_mixin.py:190} INFO - [2025-10-06T22:55:31.195+0000] {dagbag.py:387} ERROR - Failed to import: /opt/airflow/dags/fraud_detection_training_dag.py
Traceback (most recent call last):
  File "/home/airflow/.local/lib/python3.12/site-packages/airflow/models/dagbag.py", line 383, in parse
    loader.exec_module(new_module)
  File "<frozen importlib._bootstrap_external>", line 995, in exec_module
  File "<frozen importlib._bootstrap_external>", line 1133, in get_code
  File "<frozen importlib._bootstrap_external>", line 1063, in source_to_code
  File "<frozen importlib._bootstrap>", line 488, in _call_with_frames_removed
  File "/opt/airflow/dags/fraud_detection_training_dag.py", line 20
    dag_id:'fraud_detection_training',
          ^
SyntaxError: invalid syntax
[2025-10-06T22:55:31.229+0000] {processor.py:927} WARNING - No viable dags retrieved from /opt/airflow/dags/fraud_detection_training_dag.py
[2025-10-06T22:55:31.533+0000] {processor.py:208} INFO - Processing /opt/airflow/dags/fraud_detection_training_dag.py took 0.600 seconds
[2025-10-06T22:55:41.420+0000] {processor.py:186} INFO - Started process (PID=2385) to work on /opt/airflow/dags/fraud_detection_training_dag.py
[2025-10-06T22:55:41.453+0000] {processor.py:914} INFO - Processing file /opt/airflow/dags/fraud_detection_training_dag.py for tasks to queue
[2025-10-06T22:55:41.524+0000] {logging_mixin.py:190} INFO - [2025-10-06T22:55:41.521+0000] {dagbag.py:588} INFO - Filling up the DagBag from /opt/airflow/dags/fraud_detection_training_dag.py
[2025-10-06T22:55:41.606+0000] {logging_mixin.py:190} INFO - [2025-10-06T22:55:41.588+0000] {dagbag.py:387} ERROR - Failed to import: /opt/airflow/dags/fraud_detection_training_dag.py
Traceback (most recent call last):
  File "/home/airflow/.local/lib/python3.12/site-packages/airflow/models/dagbag.py", line 383, in parse
    loader.exec_module(new_module)
  File "<frozen importlib._bootstrap_external>", line 995, in exec_module
  File "<frozen importlib._bootstrap_external>", line 1133, in get_code
  File "<frozen importlib._bootstrap_external>", line 1063, in source_to_code
  File "<frozen importlib._bootstrap>", line 488, in _call_with_frames_removed
  File "/opt/airflow/dags/fraud_detection_training_dag.py", line 20
    dag_id:'fraud_detection_training',
          ^
SyntaxError: invalid syntax
[2025-10-06T22:55:41.610+0000] {processor.py:927} WARNING - No viable dags retrieved from /opt/airflow/dags/fraud_detection_training_dag.py
[2025-10-06T22:55:41.978+0000] {processor.py:208} INFO - Processing /opt/airflow/dags/fraud_detection_training_dag.py took 0.741 seconds
[2025-10-06T22:56:08.812+0000] {processor.py:186} INFO - Started process (PID=2392) to work on /opt/airflow/dags/fraud_detection_training_dag.py
[2025-10-06T22:56:08.854+0000] {processor.py:914} INFO - Processing file /opt/airflow/dags/fraud_detection_training_dag.py for tasks to queue
[2025-10-06T22:56:09.155+0000] {logging_mixin.py:190} INFO - [2025-10-06T22:56:09.135+0000] {dagbag.py:588} INFO - Filling up the DagBag from /opt/airflow/dags/fraud_detection_training_dag.py
[2025-10-06T22:56:09.347+0000] {logging_mixin.py:190} INFO - [2025-10-06T22:56:09.313+0000] {dagbag.py:387} ERROR - Failed to import: /opt/airflow/dags/fraud_detection_training_dag.py
Traceback (most recent call last):
  File "/home/airflow/.local/lib/python3.12/site-packages/airflow/models/dagbag.py", line 383, in parse
    loader.exec_module(new_module)
  File "<frozen importlib._bootstrap_external>", line 995, in exec_module
  File "<frozen importlib._bootstrap_external>", line 1133, in get_code
  File "<frozen importlib._bootstrap_external>", line 1063, in source_to_code
  File "<frozen importlib._bootstrap>", line 488, in _call_with_frames_removed
  File "/opt/airflow/dags/fraud_detection_training_dag.py", line 20
    dag_id:'fraud_detection_training',
          ^
SyntaxError: invalid syntax
[2025-10-06T22:56:09.364+0000] {processor.py:927} WARNING - No viable dags retrieved from /opt/airflow/dags/fraud_detection_training_dag.py
[2025-10-06T22:56:10.291+0000] {processor.py:208} INFO - Processing /opt/airflow/dags/fraud_detection_training_dag.py took 1.682 seconds
[2025-10-06T22:56:41.844+0000] {processor.py:186} INFO - Started process (PID=2398) to work on /opt/airflow/dags/fraud_detection_training_dag.py
[2025-10-06T22:56:41.857+0000] {processor.py:914} INFO - Processing file /opt/airflow/dags/fraud_detection_training_dag.py for tasks to queue
[2025-10-06T22:56:41.954+0000] {logging_mixin.py:190} INFO - [2025-10-06T22:56:41.952+0000] {dagbag.py:588} INFO - Filling up the DagBag from /opt/airflow/dags/fraud_detection_training_dag.py
[2025-10-06T22:56:42.440+0000] {logging_mixin.py:190} INFO - [2025-10-06T22:56:42.100+0000] {dagbag.py:387} ERROR - Failed to import: /opt/airflow/dags/fraud_detection_training_dag.py
Traceback (most recent call last):
  File "/home/airflow/.local/lib/python3.12/site-packages/airflow/models/dagbag.py", line 383, in parse
    loader.exec_module(new_module)
  File "<frozen importlib._bootstrap_external>", line 995, in exec_module
  File "<frozen importlib._bootstrap_external>", line 1133, in get_code
  File "<frozen importlib._bootstrap_external>", line 1063, in source_to_code
  File "<frozen importlib._bootstrap>", line 488, in _call_with_frames_removed
  File "/opt/airflow/dags/fraud_detection_training_dag.py", line 20
    dag_id:'fraud_detection_training',
          ^
SyntaxError: invalid syntax
[2025-10-06T22:56:42.495+0000] {processor.py:927} WARNING - No viable dags retrieved from /opt/airflow/dags/fraud_detection_training_dag.py
[2025-10-06T22:56:42.795+0000] {processor.py:208} INFO - Processing /opt/airflow/dags/fraud_detection_training_dag.py took 1.076 seconds
[2025-10-06T22:56:48.690+0000] {processor.py:186} INFO - Started process (PID=2399) to work on /opt/airflow/dags/fraud_detection_training_dag.py
[2025-10-06T22:56:48.706+0000] {processor.py:914} INFO - Processing file /opt/airflow/dags/fraud_detection_training_dag.py for tasks to queue
[2025-10-06T22:56:48.768+0000] {logging_mixin.py:190} INFO - [2025-10-06T22:56:48.757+0000] {dagbag.py:588} INFO - Filling up the DagBag from /opt/airflow/dags/fraud_detection_training_dag.py
[2025-10-06T22:56:48.878+0000] {logging_mixin.py:190} INFO - [2025-10-06T22:56:48.864+0000] {dagbag.py:387} ERROR - Failed to import: /opt/airflow/dags/fraud_detection_training_dag.py
Traceback (most recent call last):
  File "/home/airflow/.local/lib/python3.12/site-packages/airflow/models/dagbag.py", line 383, in parse
    loader.exec_module(new_module)
  File "<frozen importlib._bootstrap_external>", line 995, in exec_module
  File "<frozen importlib._bootstrap_external>", line 1133, in get_code
  File "<frozen importlib._bootstrap_external>", line 1063, in source_to_code
  File "<frozen importlib._bootstrap>", line 488, in _call_with_frames_removed
  File "/opt/airflow/dags/fraud_detection_training_dag.py", line 20
    dag_id:'fraud_detection_training',
          ^
SyntaxError: invalid syntax
[2025-10-06T22:56:48.896+0000] {processor.py:927} WARNING - No viable dags retrieved from /opt/airflow/dags/fraud_detection_training_dag.py
[2025-10-06T22:56:49.404+0000] {processor.py:208} INFO - Processing /opt/airflow/dags/fraud_detection_training_dag.py took 0.826 seconds
[2025-10-06T22:57:16.310+0000] {processor.py:186} INFO - Started process (PID=2406) to work on /opt/airflow/dags/fraud_detection_training_dag.py
[2025-10-06T22:57:16.332+0000] {processor.py:914} INFO - Processing file /opt/airflow/dags/fraud_detection_training_dag.py for tasks to queue
[2025-10-06T22:57:16.370+0000] {logging_mixin.py:190} INFO - [2025-10-06T22:57:16.360+0000] {dagbag.py:588} INFO - Filling up the DagBag from /opt/airflow/dags/fraud_detection_training_dag.py
[2025-10-06T22:57:16.481+0000] {logging_mixin.py:190} INFO - [2025-10-06T22:57:16.466+0000] {dagbag.py:387} ERROR - Failed to import: /opt/airflow/dags/fraud_detection_training_dag.py
Traceback (most recent call last):
  File "/home/airflow/.local/lib/python3.12/site-packages/airflow/models/dagbag.py", line 383, in parse
    loader.exec_module(new_module)
  File "<frozen importlib._bootstrap_external>", line 995, in exec_module
  File "<frozen importlib._bootstrap_external>", line 1133, in get_code
  File "<frozen importlib._bootstrap_external>", line 1063, in source_to_code
  File "<frozen importlib._bootstrap>", line 488, in _call_with_frames_removed
  File "/opt/airflow/dags/fraud_detection_training_dag.py", line 20
    dag_id:'fraud_detection_training',
          ^
SyntaxError: invalid syntax
[2025-10-06T22:57:16.483+0000] {processor.py:927} WARNING - No viable dags retrieved from /opt/airflow/dags/fraud_detection_training_dag.py
[2025-10-06T22:57:17.312+0000] {processor.py:208} INFO - Processing /opt/airflow/dags/fraud_detection_training_dag.py took 1.068 seconds
[2025-10-06T22:57:35.761+0000] {processor.py:186} INFO - Started process (PID=2414) to work on /opt/airflow/dags/fraud_detection_training_dag.py
[2025-10-06T22:57:36.219+0000] {processor.py:914} INFO - Processing file /opt/airflow/dags/fraud_detection_training_dag.py for tasks to queue
[2025-10-06T22:57:36.669+0000] {logging_mixin.py:190} INFO - [2025-10-06T22:57:36.606+0000] {dagbag.py:588} INFO - Filling up the DagBag from /opt/airflow/dags/fraud_detection_training_dag.py
[2025-10-06T22:57:37.440+0000] {logging_mixin.py:190} INFO - [2025-10-06T22:57:37.165+0000] {dagbag.py:387} ERROR - Failed to import: /opt/airflow/dags/fraud_detection_training_dag.py
Traceback (most recent call last):
  File "/home/airflow/.local/lib/python3.12/site-packages/airflow/models/dagbag.py", line 383, in parse
    loader.exec_module(new_module)
  File "<frozen importlib._bootstrap_external>", line 995, in exec_module
  File "<frozen importlib._bootstrap_external>", line 1133, in get_code
  File "<frozen importlib._bootstrap_external>", line 1063, in source_to_code
  File "<frozen importlib._bootstrap>", line 488, in _call_with_frames_removed
  File "/opt/airflow/dags/fraud_detection_training_dag.py", line 20
    dag_id:'fraud_detection_training',
          ^
SyntaxError: invalid syntax
[2025-10-06T22:57:37.479+0000] {processor.py:927} WARNING - No viable dags retrieved from /opt/airflow/dags/fraud_detection_training_dag.py
[2025-10-06T22:57:39.427+0000] {processor.py:208} INFO - Processing /opt/airflow/dags/fraud_detection_training_dag.py took 4.668 seconds
[2025-10-06T22:57:42.757+0000] {processor.py:186} INFO - Started process (PID=2415) to work on /opt/airflow/dags/fraud_detection_training_dag.py
[2025-10-06T22:57:42.805+0000] {processor.py:914} INFO - Processing file /opt/airflow/dags/fraud_detection_training_dag.py for tasks to queue
[2025-10-06T22:57:42.952+0000] {logging_mixin.py:190} INFO - [2025-10-06T22:57:42.933+0000] {dagbag.py:588} INFO - Filling up the DagBag from /opt/airflow/dags/fraud_detection_training_dag.py
[2025-10-06T22:57:43.064+0000] {logging_mixin.py:190} INFO - [2025-10-06T22:57:43.032+0000] {dagbag.py:387} ERROR - Failed to import: /opt/airflow/dags/fraud_detection_training_dag.py
Traceback (most recent call last):
  File "/home/airflow/.local/lib/python3.12/site-packages/airflow/models/dagbag.py", line 383, in parse
    loader.exec_module(new_module)
  File "<frozen importlib._bootstrap_external>", line 995, in exec_module
  File "<frozen importlib._bootstrap_external>", line 1133, in get_code
  File "<frozen importlib._bootstrap_external>", line 1063, in source_to_code
  File "<frozen importlib._bootstrap>", line 488, in _call_with_frames_removed
  File "/opt/airflow/dags/fraud_detection_training_dag.py", line 20
    dag_id:'fraud_detection_training',
          ^
SyntaxError: invalid syntax
[2025-10-06T22:57:43.078+0000] {processor.py:927} WARNING - No viable dags retrieved from /opt/airflow/dags/fraud_detection_training_dag.py
[2025-10-06T22:57:43.656+0000] {processor.py:208} INFO - Processing /opt/airflow/dags/fraud_detection_training_dag.py took 1.212 seconds
[2025-10-06T22:57:47.882+0000] {processor.py:186} INFO - Started process (PID=2416) to work on /opt/airflow/dags/fraud_detection_training_dag.py
[2025-10-06T22:57:47.908+0000] {processor.py:914} INFO - Processing file /opt/airflow/dags/fraud_detection_training_dag.py for tasks to queue
[2025-10-06T22:57:47.969+0000] {logging_mixin.py:190} INFO - [2025-10-06T22:57:47.962+0000] {dagbag.py:588} INFO - Filling up the DagBag from /opt/airflow/dags/fraud_detection_training_dag.py
[2025-10-06T22:57:48.087+0000] {logging_mixin.py:190} INFO - [2025-10-06T22:57:48.065+0000] {dagbag.py:387} ERROR - Failed to import: /opt/airflow/dags/fraud_detection_training_dag.py
Traceback (most recent call last):
  File "/home/airflow/.local/lib/python3.12/site-packages/airflow/models/dagbag.py", line 383, in parse
    loader.exec_module(new_module)
  File "<frozen importlib._bootstrap_external>", line 995, in exec_module
  File "<frozen importlib._bootstrap_external>", line 1133, in get_code
  File "<frozen importlib._bootstrap_external>", line 1063, in source_to_code
  File "<frozen importlib._bootstrap>", line 488, in _call_with_frames_removed
  File "/opt/airflow/dags/fraud_detection_training_dag.py", line 20
    dag_id:'fraud_detection_training',
          ^
SyntaxError: invalid syntax
[2025-10-06T22:57:48.097+0000] {processor.py:927} WARNING - No viable dags retrieved from /opt/airflow/dags/fraud_detection_training_dag.py
[2025-10-06T22:57:49.608+0000] {processor.py:208} INFO - Processing /opt/airflow/dags/fraud_detection_training_dag.py took 1.926 seconds
[2025-10-06T22:57:51.249+0000] {processor.py:186} INFO - Started process (PID=2417) to work on /opt/airflow/dags/fraud_detection_training_dag.py
[2025-10-06T22:57:51.259+0000] {processor.py:914} INFO - Processing file /opt/airflow/dags/fraud_detection_training_dag.py for tasks to queue
[2025-10-06T22:57:51.290+0000] {logging_mixin.py:190} INFO - [2025-10-06T22:57:51.287+0000] {dagbag.py:588} INFO - Filling up the DagBag from /opt/airflow/dags/fraud_detection_training_dag.py
[2025-10-06T22:57:51.337+0000] {logging_mixin.py:190} INFO - [2025-10-06T22:57:51.322+0000] {dagbag.py:387} ERROR - Failed to import: /opt/airflow/dags/fraud_detection_training_dag.py
Traceback (most recent call last):
  File "/home/airflow/.local/lib/python3.12/site-packages/airflow/models/dagbag.py", line 383, in parse
    loader.exec_module(new_module)
  File "<frozen importlib._bootstrap_external>", line 995, in exec_module
  File "<frozen importlib._bootstrap_external>", line 1133, in get_code
  File "<frozen importlib._bootstrap_external>", line 1063, in source_to_code
  File "<frozen importlib._bootstrap>", line 488, in _call_with_frames_removed
  File "/opt/airflow/dags/fraud_detection_training_dag.py", line 20
    dag_id:'fraud_detection_training',
          ^
SyntaxError: invalid syntax
[2025-10-06T22:57:51.339+0000] {processor.py:927} WARNING - No viable dags retrieved from /opt/airflow/dags/fraud_detection_training_dag.py
[2025-10-06T22:57:51.700+0000] {processor.py:208} INFO - Processing /opt/airflow/dags/fraud_detection_training_dag.py took 0.531 seconds
[2025-10-06T22:58:23.926+0000] {processor.py:186} INFO - Started process (PID=2424) to work on /opt/airflow/dags/fraud_detection_training_dag.py
[2025-10-06T22:58:23.960+0000] {processor.py:914} INFO - Processing file /opt/airflow/dags/fraud_detection_training_dag.py for tasks to queue
[2025-10-06T22:58:25.003+0000] {logging_mixin.py:190} INFO - [2025-10-06T22:58:24.150+0000] {dagbag.py:588} INFO - Filling up the DagBag from /opt/airflow/dags/fraud_detection_training_dag.py
[2025-10-06T22:58:28.098+0000] {logging_mixin.py:190} INFO - [2025-10-06T22:58:27.662+0000] {dagbag.py:387} ERROR - Failed to import: /opt/airflow/dags/fraud_detection_training_dag.py
Traceback (most recent call last):
  File "/home/airflow/.local/lib/python3.12/site-packages/airflow/models/dagbag.py", line 383, in parse
    loader.exec_module(new_module)
  File "<frozen importlib._bootstrap_external>", line 995, in exec_module
  File "<frozen importlib._bootstrap_external>", line 1133, in get_code
  File "<frozen importlib._bootstrap_external>", line 1063, in source_to_code
  File "<frozen importlib._bootstrap>", line 488, in _call_with_frames_removed
  File "/opt/airflow/dags/fraud_detection_training_dag.py", line 20
    dag_id:'fraud_detection_training',
          ^
SyntaxError: invalid syntax
[2025-10-06T22:58:28.486+0000] {processor.py:927} WARNING - No viable dags retrieved from /opt/airflow/dags/fraud_detection_training_dag.py
[2025-10-06T22:59:12.395+0000] {processor.py:208} INFO - Processing /opt/airflow/dags/fraud_detection_training_dag.py took 51.784 seconds
[2025-10-06T22:59:58.462+0000] {processor.py:186} INFO - Started process (PID=2431) to work on /opt/airflow/dags/fraud_detection_training_dag.py
[2025-10-06T22:59:58.476+0000] {processor.py:914} INFO - Processing file /opt/airflow/dags/fraud_detection_training_dag.py for tasks to queue
[2025-10-06T22:59:58.627+0000] {logging_mixin.py:190} INFO - [2025-10-06T22:59:58.605+0000] {dagbag.py:588} INFO - Filling up the DagBag from /opt/airflow/dags/fraud_detection_training_dag.py
[2025-10-06T22:59:58.989+0000] {logging_mixin.py:190} INFO - [2025-10-06T22:59:58.931+0000] {dagbag.py:387} ERROR - Failed to import: /opt/airflow/dags/fraud_detection_training_dag.py
Traceback (most recent call last):
  File "/home/airflow/.local/lib/python3.12/site-packages/airflow/models/dagbag.py", line 383, in parse
    loader.exec_module(new_module)
  File "<frozen importlib._bootstrap_external>", line 995, in exec_module
  File "<frozen importlib._bootstrap_external>", line 1133, in get_code
  File "<frozen importlib._bootstrap_external>", line 1063, in source_to_code
  File "<frozen importlib._bootstrap>", line 488, in _call_with_frames_removed
  File "/opt/airflow/dags/fraud_detection_training_dag.py", line 20
    dag_id:'fraud_detection_training',
          ^
SyntaxError: invalid syntax
[2025-10-06T22:59:59.000+0000] {processor.py:927} WARNING - No viable dags retrieved from /opt/airflow/dags/fraud_detection_training_dag.py
[2025-10-06T22:59:59.870+0000] {processor.py:208} INFO - Processing /opt/airflow/dags/fraud_detection_training_dag.py took 1.906 seconds
[2025-10-06T23:00:13.554+0000] {processor.py:186} INFO - Started process (PID=2438) to work on /opt/airflow/dags/fraud_detection_training_dag.py
[2025-10-06T23:00:13.579+0000] {processor.py:914} INFO - Processing file /opt/airflow/dags/fraud_detection_training_dag.py for tasks to queue
[2025-10-06T23:00:13.615+0000] {logging_mixin.py:190} INFO - [2025-10-06T23:00:13.614+0000] {dagbag.py:588} INFO - Filling up the DagBag from /opt/airflow/dags/fraud_detection_training_dag.py
[2025-10-06T23:00:13.692+0000] {logging_mixin.py:190} INFO - [2025-10-06T23:00:13.669+0000] {dagbag.py:387} ERROR - Failed to import: /opt/airflow/dags/fraud_detection_training_dag.py
Traceback (most recent call last):
  File "/home/airflow/.local/lib/python3.12/site-packages/airflow/models/dagbag.py", line 383, in parse
    loader.exec_module(new_module)
  File "<frozen importlib._bootstrap_external>", line 995, in exec_module
  File "<frozen importlib._bootstrap_external>", line 1133, in get_code
  File "<frozen importlib._bootstrap_external>", line 1063, in source_to_code
  File "<frozen importlib._bootstrap>", line 488, in _call_with_frames_removed
  File "/opt/airflow/dags/fraud_detection_training_dag.py", line 20
    dag_id:'fraud_detection_training',
          ^
SyntaxError: invalid syntax
[2025-10-06T23:00:13.695+0000] {processor.py:927} WARNING - No viable dags retrieved from /opt/airflow/dags/fraud_detection_training_dag.py
[2025-10-06T23:00:13.903+0000] {processor.py:208} INFO - Processing /opt/airflow/dags/fraud_detection_training_dag.py took 0.444 seconds
[2025-10-06T23:00:35.512+0000] {processor.py:186} INFO - Started process (PID=2439) to work on /opt/airflow/dags/fraud_detection_training_dag.py
[2025-10-06T23:00:35.577+0000] {processor.py:914} INFO - Processing file /opt/airflow/dags/fraud_detection_training_dag.py for tasks to queue
[2025-10-06T23:00:35.651+0000] {logging_mixin.py:190} INFO - [2025-10-06T23:00:35.639+0000] {dagbag.py:588} INFO - Filling up the DagBag from /opt/airflow/dags/fraud_detection_training_dag.py
[2025-10-06T23:00:35.778+0000] {logging_mixin.py:190} INFO - [2025-10-06T23:00:35.746+0000] {dagbag.py:387} ERROR - Failed to import: /opt/airflow/dags/fraud_detection_training_dag.py
Traceback (most recent call last):
  File "/home/airflow/.local/lib/python3.12/site-packages/airflow/models/dagbag.py", line 383, in parse
    loader.exec_module(new_module)
  File "<frozen importlib._bootstrap_external>", line 995, in exec_module
  File "<frozen importlib._bootstrap_external>", line 1133, in get_code
  File "<frozen importlib._bootstrap_external>", line 1063, in source_to_code
  File "<frozen importlib._bootstrap>", line 488, in _call_with_frames_removed
  File "/opt/airflow/dags/fraud_detection_training_dag.py", line 19
    with DAG(
    ^^^^
IndentationError: expected an indented block after function definition on line 17
[2025-10-06T23:00:35.786+0000] {processor.py:927} WARNING - No viable dags retrieved from /opt/airflow/dags/fraud_detection_training_dag.py
[2025-10-06T23:00:36.095+0000] {processor.py:208} INFO - Processing /opt/airflow/dags/fraud_detection_training_dag.py took 0.752 seconds
[2025-10-06T23:01:07.385+0000] {processor.py:186} INFO - Started process (PID=2445) to work on /opt/airflow/dags/fraud_detection_training_dag.py
[2025-10-06T23:01:07.391+0000] {processor.py:914} INFO - Processing file /opt/airflow/dags/fraud_detection_training_dag.py for tasks to queue
[2025-10-06T23:01:07.404+0000] {logging_mixin.py:190} INFO - [2025-10-06T23:01:07.402+0000] {dagbag.py:588} INFO - Filling up the DagBag from /opt/airflow/dags/fraud_detection_training_dag.py
[2025-10-06T23:01:07.425+0000] {logging_mixin.py:190} INFO - [2025-10-06T23:01:07.420+0000] {dagbag.py:387} ERROR - Failed to import: /opt/airflow/dags/fraud_detection_training_dag.py
Traceback (most recent call last):
  File "/home/airflow/.local/lib/python3.12/site-packages/airflow/models/dagbag.py", line 383, in parse
    loader.exec_module(new_module)
  File "<frozen importlib._bootstrap_external>", line 995, in exec_module
  File "<frozen importlib._bootstrap_external>", line 1133, in get_code
  File "<frozen importlib._bootstrap_external>", line 1063, in source_to_code
  File "<frozen importlib._bootstrap>", line 488, in _call_with_frames_removed
  File "/opt/airflow/dags/fraud_detection_training_dag.py", line 19
    with DAG(
    ^^^^
IndentationError: expected an indented block after function definition on line 17
[2025-10-06T23:01:07.426+0000] {processor.py:927} WARNING - No viable dags retrieved from /opt/airflow/dags/fraud_detection_training_dag.py
[2025-10-06T23:01:07.540+0000] {processor.py:208} INFO - Processing /opt/airflow/dags/fraud_detection_training_dag.py took 0.175 seconds
[2025-10-06T23:01:11.503+0000] {processor.py:186} INFO - Started process (PID=2452) to work on /opt/airflow/dags/fraud_detection_training_dag.py
[2025-10-06T23:01:11.512+0000] {processor.py:914} INFO - Processing file /opt/airflow/dags/fraud_detection_training_dag.py for tasks to queue
[2025-10-06T23:01:11.561+0000] {logging_mixin.py:190} INFO - [2025-10-06T23:01:11.557+0000] {dagbag.py:588} INFO - Filling up the DagBag from /opt/airflow/dags/fraud_detection_training_dag.py
[2025-10-06T23:01:11.630+0000] {logging_mixin.py:190} INFO - [2025-10-06T23:01:11.611+0000] {dagbag.py:387} ERROR - Failed to import: /opt/airflow/dags/fraud_detection_training_dag.py
Traceback (most recent call last):
  File "/home/airflow/.local/lib/python3.12/site-packages/airflow/models/dagbag.py", line 383, in parse
    loader.exec_module(new_module)
  File "<frozen importlib._bootstrap_external>", line 995, in exec_module
  File "<frozen importlib._bootstrap_external>", line 1133, in get_code
  File "<frozen importlib._bootstrap_external>", line 1063, in source_to_code
  File "<frozen importlib._bootstrap>", line 488, in _call_with_frames_removed
  File "/opt/airflow/dags/fraud_detection_training_dag.py", line 20
    with DAG(
    ^^^^
IndentationError: expected an indented block after function definition on line 17
[2025-10-06T23:01:11.644+0000] {processor.py:927} WARNING - No viable dags retrieved from /opt/airflow/dags/fraud_detection_training_dag.py
[2025-10-06T23:01:11.980+0000] {processor.py:208} INFO - Processing /opt/airflow/dags/fraud_detection_training_dag.py took 0.538 seconds
[2025-10-06T23:01:17.595+0000] {processor.py:186} INFO - Started process (PID=2453) to work on /opt/airflow/dags/fraud_detection_training_dag.py
[2025-10-06T23:01:17.605+0000] {processor.py:914} INFO - Processing file /opt/airflow/dags/fraud_detection_training_dag.py for tasks to queue
[2025-10-06T23:01:17.636+0000] {logging_mixin.py:190} INFO - [2025-10-06T23:01:17.633+0000] {dagbag.py:588} INFO - Filling up the DagBag from /opt/airflow/dags/fraud_detection_training_dag.py
[2025-10-06T23:01:17.754+0000] {logging_mixin.py:190} INFO - [2025-10-06T23:01:17.746+0000] {dagbag.py:387} ERROR - Failed to import: /opt/airflow/dags/fraud_detection_training_dag.py
Traceback (most recent call last):
  File "/home/airflow/.local/lib/python3.12/site-packages/airflow/models/dagbag.py", line 383, in parse
    loader.exec_module(new_module)
  File "<frozen importlib._bootstrap_external>", line 995, in exec_module
  File "<frozen importlib._bootstrap_external>", line 1133, in get_code
  File "<frozen importlib._bootstrap_external>", line 1063, in source_to_code
  File "<frozen importlib._bootstrap>", line 488, in _call_with_frames_removed
  File "/opt/airflow/dags/fraud_detection_training_dag.py", line 21
    dag_id:'fraud_detection_training',
          ^
SyntaxError: invalid syntax
[2025-10-06T23:01:17.762+0000] {processor.py:927} WARNING - No viable dags retrieved from /opt/airflow/dags/fraud_detection_training_dag.py
[2025-10-06T23:01:17.998+0000] {processor.py:208} INFO - Processing /opt/airflow/dags/fraud_detection_training_dag.py took 0.450 seconds
[2025-10-06T23:01:28.379+0000] {processor.py:186} INFO - Started process (PID=2454) to work on /opt/airflow/dags/fraud_detection_training_dag.py
[2025-10-06T23:01:28.384+0000] {processor.py:914} INFO - Processing file /opt/airflow/dags/fraud_detection_training_dag.py for tasks to queue
[2025-10-06T23:01:28.418+0000] {logging_mixin.py:190} INFO - [2025-10-06T23:01:28.415+0000] {dagbag.py:588} INFO - Filling up the DagBag from /opt/airflow/dags/fraud_detection_training_dag.py
[2025-10-06T23:01:28.491+0000] {logging_mixin.py:190} INFO - [2025-10-06T23:01:28.477+0000] {dagbag.py:387} ERROR - Failed to import: /opt/airflow/dags/fraud_detection_training_dag.py
Traceback (most recent call last):
  File "/home/airflow/.local/lib/python3.12/site-packages/airflow/models/dagbag.py", line 383, in parse
    loader.exec_module(new_module)
  File "<frozen importlib._bootstrap_external>", line 995, in exec_module
  File "<frozen importlib._bootstrap_external>", line 1133, in get_code
  File "<frozen importlib._bootstrap_external>", line 1063, in source_to_code
  File "<frozen importlib._bootstrap>", line 488, in _call_with_frames_removed
  File "/opt/airflow/dags/fraud_detection_training_dag.py", line 22
    dag_id:'fraud_detection_training',
          ^
SyntaxError: invalid syntax
[2025-10-06T23:01:28.493+0000] {processor.py:927} WARNING - No viable dags retrieved from /opt/airflow/dags/fraud_detection_training_dag.py
[2025-10-06T23:01:28.985+0000] {processor.py:208} INFO - Processing /opt/airflow/dags/fraud_detection_training_dag.py took 0.672 seconds
[2025-10-06T23:01:32.871+0000] {processor.py:186} INFO - Started process (PID=2455) to work on /opt/airflow/dags/fraud_detection_training_dag.py
[2025-10-06T23:01:32.878+0000] {processor.py:914} INFO - Processing file /opt/airflow/dags/fraud_detection_training_dag.py for tasks to queue
[2025-10-06T23:01:32.920+0000] {logging_mixin.py:190} INFO - [2025-10-06T23:01:32.917+0000] {dagbag.py:588} INFO - Filling up the DagBag from /opt/airflow/dags/fraud_detection_training_dag.py
[2025-10-06T23:01:33.090+0000] {logging_mixin.py:190} INFO - [2025-10-06T23:01:33.047+0000] {dagbag.py:387} ERROR - Failed to import: /opt/airflow/dags/fraud_detection_training_dag.py
Traceback (most recent call last):
  File "/home/airflow/.local/lib/python3.12/site-packages/airflow/models/dagbag.py", line 383, in parse
    loader.exec_module(new_module)
  File "<frozen importlib._bootstrap_external>", line 995, in exec_module
  File "<frozen importlib._bootstrap_external>", line 1133, in get_code
  File "<frozen importlib._bootstrap_external>", line 1063, in source_to_code
  File "<frozen importlib._bootstrap>", line 488, in _call_with_frames_removed
  File "/opt/airflow/dags/fraud_detection_training_dag.py", line 22
    dag_id:'fraud_detection_training',
          ^
SyntaxError: invalid syntax
[2025-10-06T23:01:33.094+0000] {processor.py:927} WARNING - No viable dags retrieved from /opt/airflow/dags/fraud_detection_training_dag.py
[2025-10-06T23:01:33.356+0000] {processor.py:208} INFO - Processing /opt/airflow/dags/fraud_detection_training_dag.py took 0.506 seconds
[2025-10-06T23:01:41.086+0000] {processor.py:186} INFO - Started process (PID=2462) to work on /opt/airflow/dags/fraud_detection_training_dag.py
[2025-10-06T23:01:41.092+0000] {processor.py:914} INFO - Processing file /opt/airflow/dags/fraud_detection_training_dag.py for tasks to queue
[2025-10-06T23:01:41.135+0000] {logging_mixin.py:190} INFO - [2025-10-06T23:01:41.124+0000] {dagbag.py:588} INFO - Filling up the DagBag from /opt/airflow/dags/fraud_detection_training_dag.py
[2025-10-06T23:01:41.206+0000] {logging_mixin.py:190} INFO - [2025-10-06T23:01:41.192+0000] {dagbag.py:387} ERROR - Failed to import: /opt/airflow/dags/fraud_detection_training_dag.py
Traceback (most recent call last):
  File "/home/airflow/.local/lib/python3.12/site-packages/airflow/models/dagbag.py", line 383, in parse
    loader.exec_module(new_module)
  File "<frozen importlib._bootstrap_external>", line 995, in exec_module
  File "<frozen importlib._bootstrap_external>", line 1133, in get_code
  File "<frozen importlib._bootstrap_external>", line 1063, in source_to_code
  File "<frozen importlib._bootstrap>", line 488, in _call_with_frames_removed
  File "/opt/airflow/dags/fraud_detection_training_dag.py", line 22
    dag_id:'fraud_detection_training',
          ^
SyntaxError: invalid syntax
[2025-10-06T23:01:41.208+0000] {processor.py:927} WARNING - No viable dags retrieved from /opt/airflow/dags/fraud_detection_training_dag.py
[2025-10-06T23:01:41.348+0000] {processor.py:208} INFO - Processing /opt/airflow/dags/fraud_detection_training_dag.py took 0.302 seconds
[2025-10-06T23:01:48.769+0000] {processor.py:186} INFO - Started process (PID=2463) to work on /opt/airflow/dags/fraud_detection_training_dag.py
[2025-10-06T23:01:48.773+0000] {processor.py:914} INFO - Processing file /opt/airflow/dags/fraud_detection_training_dag.py for tasks to queue
[2025-10-06T23:01:48.787+0000] {logging_mixin.py:190} INFO - [2025-10-06T23:01:48.786+0000] {dagbag.py:588} INFO - Filling up the DagBag from /opt/airflow/dags/fraud_detection_training_dag.py
[2025-10-06T23:01:48.841+0000] {logging_mixin.py:190} INFO - [2025-10-06T23:01:48.830+0000] {dagbag.py:387} ERROR - Failed to import: /opt/airflow/dags/fraud_detection_training_dag.py
Traceback (most recent call last):
  File "/home/airflow/.local/lib/python3.12/site-packages/airflow/models/dagbag.py", line 383, in parse
    loader.exec_module(new_module)
  File "<frozen importlib._bootstrap_external>", line 995, in exec_module
  File "<frozen importlib._bootstrap_external>", line 1133, in get_code
  File "<frozen importlib._bootstrap_external>", line 1063, in source_to_code
  File "<frozen importlib._bootstrap>", line 488, in _call_with_frames_removed
  File "/opt/airflow/dags/fraud_detection_training_dag.py", line 22
    dag_id:'fraud_detection_training',
          ^
SyntaxError: invalid syntax
[2025-10-06T23:01:48.846+0000] {processor.py:927} WARNING - No viable dags retrieved from /opt/airflow/dags/fraud_detection_training_dag.py
[2025-10-06T23:01:48.947+0000] {processor.py:208} INFO - Processing /opt/airflow/dags/fraud_detection_training_dag.py took 0.207 seconds
[2025-10-06T23:01:53.893+0000] {processor.py:186} INFO - Started process (PID=2464) to work on /opt/airflow/dags/fraud_detection_training_dag.py
[2025-10-06T23:01:53.898+0000] {processor.py:914} INFO - Processing file /opt/airflow/dags/fraud_detection_training_dag.py for tasks to queue
[2025-10-06T23:01:53.915+0000] {logging_mixin.py:190} INFO - [2025-10-06T23:01:53.911+0000] {dagbag.py:588} INFO - Filling up the DagBag from /opt/airflow/dags/fraud_detection_training_dag.py
[2025-10-06T23:01:53.938+0000] {logging_mixin.py:190} INFO - [2025-10-06T23:01:53.933+0000] {dagbag.py:387} ERROR - Failed to import: /opt/airflow/dags/fraud_detection_training_dag.py
Traceback (most recent call last):
  File "/home/airflow/.local/lib/python3.12/site-packages/airflow/models/dagbag.py", line 383, in parse
    loader.exec_module(new_module)
  File "<frozen importlib._bootstrap_external>", line 995, in exec_module
  File "<frozen importlib._bootstrap_external>", line 1133, in get_code
  File "<frozen importlib._bootstrap_external>", line 1063, in source_to_code
  File "<frozen importlib._bootstrap>", line 488, in _call_with_frames_removed
  File "/opt/airflow/dags/fraud_detection_training_dag.py", line 23
    dag_id:'fraud_detection_training',
          ^
SyntaxError: invalid syntax
[2025-10-06T23:01:53.942+0000] {processor.py:927} WARNING - No viable dags retrieved from /opt/airflow/dags/fraud_detection_training_dag.py
[2025-10-06T23:01:54.165+0000] {processor.py:208} INFO - Processing /opt/airflow/dags/fraud_detection_training_dag.py took 0.359 seconds
[2025-10-06T23:02:24.637+0000] {processor.py:186} INFO - Started process (PID=2471) to work on /opt/airflow/dags/fraud_detection_training_dag.py
[2025-10-06T23:02:24.646+0000] {processor.py:914} INFO - Processing file /opt/airflow/dags/fraud_detection_training_dag.py for tasks to queue
[2025-10-06T23:02:24.683+0000] {logging_mixin.py:190} INFO - [2025-10-06T23:02:24.676+0000] {dagbag.py:588} INFO - Filling up the DagBag from /opt/airflow/dags/fraud_detection_training_dag.py
[2025-10-06T23:02:24.768+0000] {logging_mixin.py:190} INFO - [2025-10-06T23:02:24.751+0000] {dagbag.py:387} ERROR - Failed to import: /opt/airflow/dags/fraud_detection_training_dag.py
Traceback (most recent call last):
  File "/home/airflow/.local/lib/python3.12/site-packages/airflow/models/dagbag.py", line 383, in parse
    loader.exec_module(new_module)
  File "<frozen importlib._bootstrap_external>", line 995, in exec_module
  File "<frozen importlib._bootstrap_external>", line 1133, in get_code
  File "<frozen importlib._bootstrap_external>", line 1063, in source_to_code
  File "<frozen importlib._bootstrap>", line 488, in _call_with_frames_removed
  File "/opt/airflow/dags/fraud_detection_training_dag.py", line 23
    dag_id:'fraud_detection_training',
          ^
SyntaxError: invalid syntax
[2025-10-06T23:02:24.769+0000] {processor.py:927} WARNING - No viable dags retrieved from /opt/airflow/dags/fraud_detection_training_dag.py
[2025-10-06T23:02:25.012+0000] {processor.py:208} INFO - Processing /opt/airflow/dags/fraud_detection_training_dag.py took 0.411 seconds
[2025-10-06T23:02:55.621+0000] {processor.py:186} INFO - Started process (PID=2478) to work on /opt/airflow/dags/fraud_detection_training_dag.py
[2025-10-06T23:02:55.629+0000] {processor.py:914} INFO - Processing file /opt/airflow/dags/fraud_detection_training_dag.py for tasks to queue
[2025-10-06T23:02:55.650+0000] {logging_mixin.py:190} INFO - [2025-10-06T23:02:55.647+0000] {dagbag.py:588} INFO - Filling up the DagBag from /opt/airflow/dags/fraud_detection_training_dag.py
[2025-10-06T23:02:55.689+0000] {logging_mixin.py:190} INFO - [2025-10-06T23:02:55.685+0000] {dagbag.py:387} ERROR - Failed to import: /opt/airflow/dags/fraud_detection_training_dag.py
Traceback (most recent call last):
  File "/home/airflow/.local/lib/python3.12/site-packages/airflow/models/dagbag.py", line 383, in parse
    loader.exec_module(new_module)
  File "<frozen importlib._bootstrap_external>", line 995, in exec_module
  File "<frozen importlib._bootstrap_external>", line 1133, in get_code
  File "<frozen importlib._bootstrap_external>", line 1063, in source_to_code
  File "<frozen importlib._bootstrap>", line 488, in _call_with_frames_removed
  File "/opt/airflow/dags/fraud_detection_training_dag.py", line 23
    dag_id:'fraud_detection_training',
          ^
SyntaxError: invalid syntax
[2025-10-06T23:02:55.691+0000] {processor.py:927} WARNING - No viable dags retrieved from /opt/airflow/dags/fraud_detection_training_dag.py
[2025-10-06T23:02:55.900+0000] {processor.py:208} INFO - Processing /opt/airflow/dags/fraud_detection_training_dag.py took 0.311 seconds
[2025-10-06T23:03:26.451+0000] {processor.py:186} INFO - Started process (PID=2485) to work on /opt/airflow/dags/fraud_detection_training_dag.py
[2025-10-06T23:03:26.453+0000] {processor.py:914} INFO - Processing file /opt/airflow/dags/fraud_detection_training_dag.py for tasks to queue
[2025-10-06T23:03:26.467+0000] {logging_mixin.py:190} INFO - [2025-10-06T23:03:26.466+0000] {dagbag.py:588} INFO - Filling up the DagBag from /opt/airflow/dags/fraud_detection_training_dag.py
[2025-10-06T23:03:26.487+0000] {logging_mixin.py:190} INFO - [2025-10-06T23:03:26.482+0000] {dagbag.py:387} ERROR - Failed to import: /opt/airflow/dags/fraud_detection_training_dag.py
Traceback (most recent call last):
  File "/home/airflow/.local/lib/python3.12/site-packages/airflow/models/dagbag.py", line 383, in parse
    loader.exec_module(new_module)
  File "<frozen importlib._bootstrap_external>", line 995, in exec_module
  File "<frozen importlib._bootstrap_external>", line 1133, in get_code
  File "<frozen importlib._bootstrap_external>", line 1063, in source_to_code
  File "<frozen importlib._bootstrap>", line 488, in _call_with_frames_removed
  File "/opt/airflow/dags/fraud_detection_training_dag.py", line 23
    dag_id:'fraud_detection_training',
          ^
SyntaxError: invalid syntax
[2025-10-06T23:03:26.489+0000] {processor.py:927} WARNING - No viable dags retrieved from /opt/airflow/dags/fraud_detection_training_dag.py
[2025-10-06T23:03:26.708+0000] {processor.py:208} INFO - Processing /opt/airflow/dags/fraud_detection_training_dag.py took 0.273 seconds
[2025-10-06T23:04:01.188+0000] {processor.py:186} INFO - Started process (PID=2492) to work on /opt/airflow/dags/fraud_detection_training_dag.py
[2025-10-06T23:04:01.584+0000] {processor.py:914} INFO - Processing file /opt/airflow/dags/fraud_detection_training_dag.py for tasks to queue
[2025-10-06T23:04:02.611+0000] {logging_mixin.py:190} INFO - [2025-10-06T23:04:02.602+0000] {dagbag.py:588} INFO - Filling up the DagBag from /opt/airflow/dags/fraud_detection_training_dag.py
[2025-10-06T23:04:03.267+0000] {logging_mixin.py:190} INFO - [2025-10-06T23:04:03.160+0000] {dagbag.py:387} ERROR - Failed to import: /opt/airflow/dags/fraud_detection_training_dag.py
Traceback (most recent call last):
  File "/home/airflow/.local/lib/python3.12/site-packages/airflow/models/dagbag.py", line 383, in parse
    loader.exec_module(new_module)
  File "<frozen importlib._bootstrap_external>", line 995, in exec_module
  File "<frozen importlib._bootstrap_external>", line 1133, in get_code
  File "<frozen importlib._bootstrap_external>", line 1063, in source_to_code
  File "<frozen importlib._bootstrap>", line 488, in _call_with_frames_removed
  File "/opt/airflow/dags/fraud_detection_training_dag.py", line 23
    dag_id:'fraud_detection_training',
          ^
SyntaxError: invalid syntax
[2025-10-06T23:04:03.291+0000] {processor.py:927} WARNING - No viable dags retrieved from /opt/airflow/dags/fraud_detection_training_dag.py
[2025-10-06T23:04:07.670+0000] {processor.py:208} INFO - Processing /opt/airflow/dags/fraud_detection_training_dag.py took 7.187 seconds
[2025-10-06T23:04:44.743+0000] {processor.py:186} INFO - Started process (PID=2499) to work on /opt/airflow/dags/fraud_detection_training_dag.py
[2025-10-06T23:04:44.959+0000] {processor.py:914} INFO - Processing file /opt/airflow/dags/fraud_detection_training_dag.py for tasks to queue
[2025-10-06T23:04:45.463+0000] {logging_mixin.py:190} INFO - [2025-10-06T23:04:45.374+0000] {dagbag.py:588} INFO - Filling up the DagBag from /opt/airflow/dags/fraud_detection_training_dag.py
[2025-10-06T23:04:45.982+0000] {logging_mixin.py:190} INFO - [2025-10-06T23:04:45.895+0000] {dagbag.py:387} ERROR - Failed to import: /opt/airflow/dags/fraud_detection_training_dag.py
Traceback (most recent call last):
  File "/home/airflow/.local/lib/python3.12/site-packages/airflow/models/dagbag.py", line 383, in parse
    loader.exec_module(new_module)
  File "<frozen importlib._bootstrap_external>", line 995, in exec_module
  File "<frozen importlib._bootstrap_external>", line 1133, in get_code
  File "<frozen importlib._bootstrap_external>", line 1063, in source_to_code
  File "<frozen importlib._bootstrap>", line 488, in _call_with_frames_removed
  File "/opt/airflow/dags/fraud_detection_training_dag.py", line 23
    dag_id:'fraud_detection_training',
          ^
SyntaxError: invalid syntax
[2025-10-06T23:04:46.023+0000] {processor.py:927} WARNING - No viable dags retrieved from /opt/airflow/dags/fraud_detection_training_dag.py
[2025-10-06T23:04:47.927+0000] {processor.py:208} INFO - Processing /opt/airflow/dags/fraud_detection_training_dag.py took 4.013 seconds
[2025-10-06T23:05:18.769+0000] {processor.py:186} INFO - Started process (PID=2512) to work on /opt/airflow/dags/fraud_detection_training_dag.py
[2025-10-06T23:05:18.788+0000] {processor.py:914} INFO - Processing file /opt/airflow/dags/fraud_detection_training_dag.py for tasks to queue
[2025-10-06T23:05:18.886+0000] {logging_mixin.py:190} INFO - [2025-10-06T23:05:18.872+0000] {dagbag.py:588} INFO - Filling up the DagBag from /opt/airflow/dags/fraud_detection_training_dag.py
[2025-10-06T23:05:19.123+0000] {logging_mixin.py:190} INFO - [2025-10-06T23:05:19.031+0000] {dagbag.py:387} ERROR - Failed to import: /opt/airflow/dags/fraud_detection_training_dag.py
Traceback (most recent call last):
  File "/home/airflow/.local/lib/python3.12/site-packages/airflow/models/dagbag.py", line 383, in parse
    loader.exec_module(new_module)
  File "<frozen importlib._bootstrap_external>", line 995, in exec_module
  File "<frozen importlib._bootstrap_external>", line 1133, in get_code
  File "<frozen importlib._bootstrap_external>", line 1063, in source_to_code
  File "<frozen importlib._bootstrap>", line 488, in _call_with_frames_removed
  File "/opt/airflow/dags/fraud_detection_training_dag.py", line 23
    dag_id:'fraud_detection_training',
          ^
SyntaxError: invalid syntax
[2025-10-06T23:05:19.143+0000] {processor.py:927} WARNING - No viable dags retrieved from /opt/airflow/dags/fraud_detection_training_dag.py
[2025-10-06T23:05:19.681+0000] {processor.py:208} INFO - Processing /opt/airflow/dags/fraud_detection_training_dag.py took 1.098 seconds
[2025-10-06T23:05:56.409+0000] {processor.py:186} INFO - Started process (PID=2519) to work on /opt/airflow/dags/fraud_detection_training_dag.py
[2025-10-06T23:05:56.946+0000] {processor.py:914} INFO - Processing file /opt/airflow/dags/fraud_detection_training_dag.py for tasks to queue
[2025-10-06T23:05:58.226+0000] {logging_mixin.py:190} INFO - [2025-10-06T23:05:58.156+0000] {dagbag.py:588} INFO - Filling up the DagBag from /opt/airflow/dags/fraud_detection_training_dag.py
[2025-10-06T23:05:59.755+0000] {logging_mixin.py:190} INFO - [2025-10-06T23:05:59.555+0000] {dagbag.py:387} ERROR - Failed to import: /opt/airflow/dags/fraud_detection_training_dag.py
Traceback (most recent call last):
  File "/home/airflow/.local/lib/python3.12/site-packages/airflow/models/dagbag.py", line 383, in parse
    loader.exec_module(new_module)
  File "<frozen importlib._bootstrap_external>", line 995, in exec_module
  File "<frozen importlib._bootstrap_external>", line 1133, in get_code
  File "<frozen importlib._bootstrap_external>", line 1063, in source_to_code
  File "<frozen importlib._bootstrap>", line 488, in _call_with_frames_removed
  File "/opt/airflow/dags/fraud_detection_training_dag.py", line 23
    dag_id:'fraud_detection_training',
          ^
SyntaxError: invalid syntax
[2025-10-06T23:06:00.319+0000] {processor.py:927} WARNING - No viable dags retrieved from /opt/airflow/dags/fraud_detection_training_dag.py
[2025-10-06T23:06:06.880+0000] {processor.py:208} INFO - Processing /opt/airflow/dags/fraud_detection_training_dag.py took 10.925 seconds
[2025-10-06T23:46:18.140+0000] {processor.py:186} INFO - Started process (PID=63) to work on /opt/airflow/dags/fraud_detection_training_dag.py
[2025-10-06T23:46:18.141+0000] {processor.py:914} INFO - Processing file /opt/airflow/dags/fraud_detection_training_dag.py for tasks to queue
[2025-10-06T23:46:18.145+0000] {logging_mixin.py:190} INFO - [2025-10-06T23:46:18.144+0000] {dagbag.py:588} INFO - Filling up the DagBag from /opt/airflow/dags/fraud_detection_training_dag.py
[2025-10-06T23:46:18.165+0000] {logging_mixin.py:190} INFO - [2025-10-06T23:46:18.161+0000] {dagbag.py:387} ERROR - Failed to import: /opt/airflow/dags/fraud_detection_training_dag.py
Traceback (most recent call last):
  File "/home/airflow/.local/lib/python3.12/site-packages/airflow/models/dagbag.py", line 383, in parse
    loader.exec_module(new_module)
  File "<frozen importlib._bootstrap_external>", line 995, in exec_module
  File "<frozen importlib._bootstrap_external>", line 1133, in get_code
  File "<frozen importlib._bootstrap_external>", line 1063, in source_to_code
  File "<frozen importlib._bootstrap>", line 488, in _call_with_frames_removed
  File "/opt/airflow/dags/fraud_detection_training_dag.py", line 23
    dag_id:'fraud_detection_training',
          ^
SyntaxError: invalid syntax
[2025-10-06T23:46:18.169+0000] {processor.py:927} WARNING - No viable dags retrieved from /opt/airflow/dags/fraud_detection_training_dag.py
[2025-10-06T23:46:18.210+0000] {processor.py:208} INFO - Processing /opt/airflow/dags/fraud_detection_training_dag.py took 0.088 seconds
[2025-10-06T23:46:48.701+0000] {processor.py:186} INFO - Started process (PID=70) to work on /opt/airflow/dags/fraud_detection_training_dag.py
[2025-10-06T23:46:48.715+0000] {processor.py:914} INFO - Processing file /opt/airflow/dags/fraud_detection_training_dag.py for tasks to queue
[2025-10-06T23:46:48.758+0000] {logging_mixin.py:190} INFO - [2025-10-06T23:46:48.754+0000] {dagbag.py:588} INFO - Filling up the DagBag from /opt/airflow/dags/fraud_detection_training_dag.py
[2025-10-06T23:46:48.812+0000] {logging_mixin.py:190} INFO - [2025-10-06T23:46:48.804+0000] {dagbag.py:387} ERROR - Failed to import: /opt/airflow/dags/fraud_detection_training_dag.py
Traceback (most recent call last):
  File "/home/airflow/.local/lib/python3.12/site-packages/airflow/models/dagbag.py", line 383, in parse
    loader.exec_module(new_module)
  File "<frozen importlib._bootstrap_external>", line 995, in exec_module
  File "<frozen importlib._bootstrap_external>", line 1133, in get_code
  File "<frozen importlib._bootstrap_external>", line 1063, in source_to_code
  File "<frozen importlib._bootstrap>", line 488, in _call_with_frames_removed
  File "/opt/airflow/dags/fraud_detection_training_dag.py", line 23
    dag_id:'fraud_detection_training',
          ^
SyntaxError: invalid syntax
[2025-10-06T23:46:48.815+0000] {processor.py:927} WARNING - No viable dags retrieved from /opt/airflow/dags/fraud_detection_training_dag.py
[2025-10-06T23:46:48.973+0000] {processor.py:208} INFO - Processing /opt/airflow/dags/fraud_detection_training_dag.py took 0.348 seconds
[2025-10-06T23:47:19.485+0000] {processor.py:186} INFO - Started process (PID=77) to work on /opt/airflow/dags/fraud_detection_training_dag.py
[2025-10-06T23:47:19.491+0000] {processor.py:914} INFO - Processing file /opt/airflow/dags/fraud_detection_training_dag.py for tasks to queue
[2025-10-06T23:47:19.523+0000] {logging_mixin.py:190} INFO - [2025-10-06T23:47:19.521+0000] {dagbag.py:588} INFO - Filling up the DagBag from /opt/airflow/dags/fraud_detection_training_dag.py
[2025-10-06T23:47:19.570+0000] {logging_mixin.py:190} INFO - [2025-10-06T23:47:19.559+0000] {dagbag.py:387} ERROR - Failed to import: /opt/airflow/dags/fraud_detection_training_dag.py
Traceback (most recent call last):
  File "/home/airflow/.local/lib/python3.12/site-packages/airflow/models/dagbag.py", line 383, in parse
    loader.exec_module(new_module)
  File "<frozen importlib._bootstrap_external>", line 995, in exec_module
  File "<frozen importlib._bootstrap_external>", line 1133, in get_code
  File "<frozen importlib._bootstrap_external>", line 1063, in source_to_code
  File "<frozen importlib._bootstrap>", line 488, in _call_with_frames_removed
  File "/opt/airflow/dags/fraud_detection_training_dag.py", line 23
    dag_id:'fraud_detection_training',
          ^
SyntaxError: invalid syntax
[2025-10-06T23:47:19.571+0000] {processor.py:927} WARNING - No viable dags retrieved from /opt/airflow/dags/fraud_detection_training_dag.py
[2025-10-06T23:47:19.648+0000] {processor.py:208} INFO - Processing /opt/airflow/dags/fraud_detection_training_dag.py took 0.251 seconds
[2025-10-06T23:47:49.818+0000] {processor.py:186} INFO - Started process (PID=84) to work on /opt/airflow/dags/fraud_detection_training_dag.py
[2025-10-06T23:47:49.820+0000] {processor.py:914} INFO - Processing file /opt/airflow/dags/fraud_detection_training_dag.py for tasks to queue
[2025-10-06T23:47:49.826+0000] {logging_mixin.py:190} INFO - [2025-10-06T23:47:49.826+0000] {dagbag.py:588} INFO - Filling up the DagBag from /opt/airflow/dags/fraud_detection_training_dag.py
[2025-10-06T23:47:49.832+0000] {logging_mixin.py:190} INFO - [2025-10-06T23:47:49.831+0000] {dagbag.py:387} ERROR - Failed to import: /opt/airflow/dags/fraud_detection_training_dag.py
Traceback (most recent call last):
  File "/home/airflow/.local/lib/python3.12/site-packages/airflow/models/dagbag.py", line 383, in parse
    loader.exec_module(new_module)
  File "<frozen importlib._bootstrap_external>", line 995, in exec_module
  File "<frozen importlib._bootstrap_external>", line 1133, in get_code
  File "<frozen importlib._bootstrap_external>", line 1063, in source_to_code
  File "<frozen importlib._bootstrap>", line 488, in _call_with_frames_removed
  File "/opt/airflow/dags/fraud_detection_training_dag.py", line 23
    dag_id:'fraud_detection_training',
          ^
SyntaxError: invalid syntax
[2025-10-06T23:47:49.832+0000] {processor.py:927} WARNING - No viable dags retrieved from /opt/airflow/dags/fraud_detection_training_dag.py
[2025-10-06T23:47:49.868+0000] {processor.py:208} INFO - Processing /opt/airflow/dags/fraud_detection_training_dag.py took 0.064 seconds
[2025-10-06T23:48:20.251+0000] {processor.py:186} INFO - Started process (PID=91) to work on /opt/airflow/dags/fraud_detection_training_dag.py
[2025-10-06T23:48:20.252+0000] {processor.py:914} INFO - Processing file /opt/airflow/dags/fraud_detection_training_dag.py for tasks to queue
[2025-10-06T23:48:20.257+0000] {logging_mixin.py:190} INFO - [2025-10-06T23:48:20.257+0000] {dagbag.py:588} INFO - Filling up the DagBag from /opt/airflow/dags/fraud_detection_training_dag.py
[2025-10-06T23:48:20.262+0000] {logging_mixin.py:190} INFO - [2025-10-06T23:48:20.261+0000] {dagbag.py:387} ERROR - Failed to import: /opt/airflow/dags/fraud_detection_training_dag.py
Traceback (most recent call last):
  File "/home/airflow/.local/lib/python3.12/site-packages/airflow/models/dagbag.py", line 383, in parse
    loader.exec_module(new_module)
  File "<frozen importlib._bootstrap_external>", line 995, in exec_module
  File "<frozen importlib._bootstrap_external>", line 1133, in get_code
  File "<frozen importlib._bootstrap_external>", line 1063, in source_to_code
  File "<frozen importlib._bootstrap>", line 488, in _call_with_frames_removed
  File "/opt/airflow/dags/fraud_detection_training_dag.py", line 23
    dag_id:'fraud_detection_training',
          ^
SyntaxError: invalid syntax
[2025-10-06T23:48:20.263+0000] {processor.py:927} WARNING - No viable dags retrieved from /opt/airflow/dags/fraud_detection_training_dag.py
[2025-10-06T23:48:20.282+0000] {processor.py:208} INFO - Processing /opt/airflow/dags/fraud_detection_training_dag.py took 0.039 seconds
[2025-10-06T23:48:50.709+0000] {processor.py:186} INFO - Started process (PID=98) to work on /opt/airflow/dags/fraud_detection_training_dag.py
[2025-10-06T23:48:50.711+0000] {processor.py:914} INFO - Processing file /opt/airflow/dags/fraud_detection_training_dag.py for tasks to queue
[2025-10-06T23:48:50.714+0000] {logging_mixin.py:190} INFO - [2025-10-06T23:48:50.713+0000] {dagbag.py:588} INFO - Filling up the DagBag from /opt/airflow/dags/fraud_detection_training_dag.py
[2025-10-06T23:48:50.722+0000] {logging_mixin.py:190} INFO - [2025-10-06T23:48:50.720+0000] {dagbag.py:387} ERROR - Failed to import: /opt/airflow/dags/fraud_detection_training_dag.py
Traceback (most recent call last):
  File "/home/airflow/.local/lib/python3.12/site-packages/airflow/models/dagbag.py", line 383, in parse
    loader.exec_module(new_module)
  File "<frozen importlib._bootstrap_external>", line 995, in exec_module
  File "<frozen importlib._bootstrap_external>", line 1133, in get_code
  File "<frozen importlib._bootstrap_external>", line 1063, in source_to_code
  File "<frozen importlib._bootstrap>", line 488, in _call_with_frames_removed
  File "/opt/airflow/dags/fraud_detection_training_dag.py", line 23
    dag_id:'fraud_detection_training',
          ^
SyntaxError: invalid syntax
[2025-10-06T23:48:50.722+0000] {processor.py:927} WARNING - No viable dags retrieved from /opt/airflow/dags/fraud_detection_training_dag.py
[2025-10-06T23:48:50.739+0000] {processor.py:208} INFO - Processing /opt/airflow/dags/fraud_detection_training_dag.py took 0.039 seconds
[2025-10-06T23:49:21.123+0000] {processor.py:186} INFO - Started process (PID=105) to work on /opt/airflow/dags/fraud_detection_training_dag.py
[2025-10-06T23:49:21.125+0000] {processor.py:914} INFO - Processing file /opt/airflow/dags/fraud_detection_training_dag.py for tasks to queue
[2025-10-06T23:49:21.130+0000] {logging_mixin.py:190} INFO - [2025-10-06T23:49:21.130+0000] {dagbag.py:588} INFO - Filling up the DagBag from /opt/airflow/dags/fraud_detection_training_dag.py
[2025-10-06T23:49:21.136+0000] {logging_mixin.py:190} INFO - [2025-10-06T23:49:21.135+0000] {dagbag.py:387} ERROR - Failed to import: /opt/airflow/dags/fraud_detection_training_dag.py
Traceback (most recent call last):
  File "/home/airflow/.local/lib/python3.12/site-packages/airflow/models/dagbag.py", line 383, in parse
    loader.exec_module(new_module)
  File "<frozen importlib._bootstrap_external>", line 995, in exec_module
  File "<frozen importlib._bootstrap_external>", line 1133, in get_code
  File "<frozen importlib._bootstrap_external>", line 1063, in source_to_code
  File "<frozen importlib._bootstrap>", line 488, in _call_with_frames_removed
  File "/opt/airflow/dags/fraud_detection_training_dag.py", line 23
    dag_id:'fraud_detection_training',
          ^
SyntaxError: invalid syntax
[2025-10-06T23:49:21.136+0000] {processor.py:927} WARNING - No viable dags retrieved from /opt/airflow/dags/fraud_detection_training_dag.py
[2025-10-06T23:49:21.154+0000] {processor.py:208} INFO - Processing /opt/airflow/dags/fraud_detection_training_dag.py took 0.038 seconds
[2025-10-06T23:52:06.225+0000] {processor.py:186} INFO - Started process (PID=75) to work on /opt/airflow/dags/fraud_detection_training_dag.py
[2025-10-06T23:52:06.275+0000] {processor.py:914} INFO - Processing file /opt/airflow/dags/fraud_detection_training_dag.py for tasks to queue
[2025-10-06T23:52:06.373+0000] {logging_mixin.py:190} INFO - [2025-10-06T23:52:06.372+0000] {dagbag.py:588} INFO - Filling up the DagBag from /opt/airflow/dags/fraud_detection_training_dag.py
[2025-10-06T23:52:06.549+0000] {logging_mixin.py:190} INFO - [2025-10-06T23:52:06.493+0000] {dagbag.py:387} ERROR - Failed to import: /opt/airflow/dags/fraud_detection_training_dag.py
Traceback (most recent call last):
  File "/home/airflow/.local/lib/python3.12/site-packages/airflow/models/dagbag.py", line 383, in parse
    loader.exec_module(new_module)
  File "<frozen importlib._bootstrap_external>", line 995, in exec_module
  File "<frozen importlib._bootstrap_external>", line 1133, in get_code
  File "<frozen importlib._bootstrap_external>", line 1063, in source_to_code
  File "<frozen importlib._bootstrap>", line 488, in _call_with_frames_removed
  File "/opt/airflow/dags/fraud_detection_training_dag.py", line 23
    dag_id:'fraud_detection_training',
          ^
SyntaxError: invalid syntax
[2025-10-06T23:52:06.555+0000] {processor.py:927} WARNING - No viable dags retrieved from /opt/airflow/dags/fraud_detection_training_dag.py
[2025-10-06T23:52:06.938+0000] {processor.py:208} INFO - Processing /opt/airflow/dags/fraud_detection_training_dag.py took 1.904 seconds
[2025-10-06T23:53:44.194+0000] {processor.py:186} INFO - Started process (PID=68) to work on /opt/airflow/dags/fraud_detection_training_dag.py
[2025-10-06T23:53:44.202+0000] {processor.py:914} INFO - Processing file /opt/airflow/dags/fraud_detection_training_dag.py for tasks to queue
[2025-10-06T23:53:44.227+0000] {logging_mixin.py:190} INFO - [2025-10-06T23:53:44.225+0000] {dagbag.py:588} INFO - Filling up the DagBag from /opt/airflow/dags/fraud_detection_training_dag.py
[2025-10-06T23:53:44.254+0000] {logging_mixin.py:190} INFO - [2025-10-06T23:53:44.247+0000] {dagbag.py:387} ERROR - Failed to import: /opt/airflow/dags/fraud_detection_training_dag.py
Traceback (most recent call last):
  File "/home/airflow/.local/lib/python3.12/site-packages/airflow/models/dagbag.py", line 383, in parse
    loader.exec_module(new_module)
  File "<frozen importlib._bootstrap_external>", line 995, in exec_module
  File "<frozen importlib._bootstrap_external>", line 1133, in get_code
  File "<frozen importlib._bootstrap_external>", line 1063, in source_to_code
  File "<frozen importlib._bootstrap>", line 488, in _call_with_frames_removed
  File "/opt/airflow/dags/fraud_detection_training_dag.py", line 23
    dag_id:'fraud_detection_training',
          ^
SyntaxError: invalid syntax
[2025-10-06T23:53:44.257+0000] {processor.py:927} WARNING - No viable dags retrieved from /opt/airflow/dags/fraud_detection_training_dag.py
[2025-10-06T23:53:44.326+0000] {processor.py:208} INFO - Processing /opt/airflow/dags/fraud_detection_training_dag.py took 0.164 seconds
[2025-10-06T23:54:14.999+0000] {processor.py:186} INFO - Started process (PID=75) to work on /opt/airflow/dags/fraud_detection_training_dag.py
[2025-10-06T23:54:15.000+0000] {processor.py:914} INFO - Processing file /opt/airflow/dags/fraud_detection_training_dag.py for tasks to queue
[2025-10-06T23:54:15.023+0000] {logging_mixin.py:190} INFO - [2025-10-06T23:54:15.021+0000] {dagbag.py:588} INFO - Filling up the DagBag from /opt/airflow/dags/fraud_detection_training_dag.py
[2025-10-06T23:54:15.055+0000] {logging_mixin.py:190} INFO - [2025-10-06T23:54:15.051+0000] {dagbag.py:387} ERROR - Failed to import: /opt/airflow/dags/fraud_detection_training_dag.py
Traceback (most recent call last):
  File "/home/airflow/.local/lib/python3.12/site-packages/airflow/models/dagbag.py", line 383, in parse
    loader.exec_module(new_module)
  File "<frozen importlib._bootstrap_external>", line 995, in exec_module
  File "<frozen importlib._bootstrap_external>", line 1133, in get_code
  File "<frozen importlib._bootstrap_external>", line 1063, in source_to_code
  File "<frozen importlib._bootstrap>", line 488, in _call_with_frames_removed
  File "/opt/airflow/dags/fraud_detection_training_dag.py", line 23
    dag_id:'fraud_detection_training',
          ^
SyntaxError: invalid syntax
[2025-10-06T23:54:15.058+0000] {processor.py:927} WARNING - No viable dags retrieved from /opt/airflow/dags/fraud_detection_training_dag.py
[2025-10-06T23:54:15.110+0000] {processor.py:208} INFO - Processing /opt/airflow/dags/fraud_detection_training_dag.py took 0.140 seconds
[2025-10-06T23:54:45.371+0000] {processor.py:186} INFO - Started process (PID=82) to work on /opt/airflow/dags/fraud_detection_training_dag.py
[2025-10-06T23:54:45.374+0000] {processor.py:914} INFO - Processing file /opt/airflow/dags/fraud_detection_training_dag.py for tasks to queue
[2025-10-06T23:54:45.382+0000] {logging_mixin.py:190} INFO - [2025-10-06T23:54:45.382+0000] {dagbag.py:588} INFO - Filling up the DagBag from /opt/airflow/dags/fraud_detection_training_dag.py
[2025-10-06T23:54:45.491+0000] {logging_mixin.py:190} INFO - [2025-10-06T23:54:45.470+0000] {dagbag.py:387} ERROR - Failed to import: /opt/airflow/dags/fraud_detection_training_dag.py
Traceback (most recent call last):
  File "/home/airflow/.local/lib/python3.12/site-packages/airflow/models/dagbag.py", line 383, in parse
    loader.exec_module(new_module)
  File "<frozen importlib._bootstrap_external>", line 995, in exec_module
  File "<frozen importlib._bootstrap_external>", line 1133, in get_code
  File "<frozen importlib._bootstrap_external>", line 1063, in source_to_code
  File "<frozen importlib._bootstrap>", line 488, in _call_with_frames_removed
  File "/opt/airflow/dags/fraud_detection_training_dag.py", line 23
    dag_id:'fraud_detection_training',
          ^
SyntaxError: invalid syntax
[2025-10-06T23:54:45.493+0000] {processor.py:927} WARNING - No viable dags retrieved from /opt/airflow/dags/fraud_detection_training_dag.py
[2025-10-06T23:54:45.640+0000] {processor.py:208} INFO - Processing /opt/airflow/dags/fraud_detection_training_dag.py took 0.278 seconds
[2025-10-06T23:55:15.949+0000] {processor.py:186} INFO - Started process (PID=89) to work on /opt/airflow/dags/fraud_detection_training_dag.py
[2025-10-06T23:55:15.952+0000] {processor.py:914} INFO - Processing file /opt/airflow/dags/fraud_detection_training_dag.py for tasks to queue
[2025-10-06T23:55:15.964+0000] {logging_mixin.py:190} INFO - [2025-10-06T23:55:15.962+0000] {dagbag.py:588} INFO - Filling up the DagBag from /opt/airflow/dags/fraud_detection_training_dag.py
[2025-10-06T23:55:15.981+0000] {logging_mixin.py:190} INFO - [2025-10-06T23:55:15.977+0000] {dagbag.py:387} ERROR - Failed to import: /opt/airflow/dags/fraud_detection_training_dag.py
Traceback (most recent call last):
  File "/home/airflow/.local/lib/python3.12/site-packages/airflow/models/dagbag.py", line 383, in parse
    loader.exec_module(new_module)
  File "<frozen importlib._bootstrap_external>", line 995, in exec_module
  File "<frozen importlib._bootstrap_external>", line 1133, in get_code
  File "<frozen importlib._bootstrap_external>", line 1063, in source_to_code
  File "<frozen importlib._bootstrap>", line 488, in _call_with_frames_removed
  File "/opt/airflow/dags/fraud_detection_training_dag.py", line 23
    dag_id:'fraud_detection_training',
          ^
SyntaxError: invalid syntax
[2025-10-06T23:55:15.983+0000] {processor.py:927} WARNING - No viable dags retrieved from /opt/airflow/dags/fraud_detection_training_dag.py
[2025-10-06T23:55:16.035+0000] {processor.py:208} INFO - Processing /opt/airflow/dags/fraud_detection_training_dag.py took 0.099 seconds
[2025-10-06T23:55:44.672+0000] {processor.py:186} INFO - Started process (PID=96) to work on /opt/airflow/dags/fraud_detection_training_dag.py
[2025-10-06T23:55:44.676+0000] {processor.py:914} INFO - Processing file /opt/airflow/dags/fraud_detection_training_dag.py for tasks to queue
[2025-10-06T23:55:44.680+0000] {logging_mixin.py:190} INFO - [2025-10-06T23:55:44.679+0000] {dagbag.py:588} INFO - Filling up the DagBag from /opt/airflow/dags/fraud_detection_training_dag.py
[2025-10-06T23:55:44.828+0000] {processor.py:925} INFO - DAG(s) 'fraud_detection_training' retrieved from /opt/airflow/dags/fraud_detection_training_dag.py
[2025-10-06T23:55:45.563+0000] {logging_mixin.py:190} INFO - [2025-10-06T23:55:45.562+0000] {override.py:1912} INFO - Created Permission View: can read on DAG:fraud_detection_training
[2025-10-06T23:55:45.574+0000] {logging_mixin.py:190} INFO - [2025-10-06T23:55:45.574+0000] {override.py:1912} INFO - Created Permission View: can delete on DAG:fraud_detection_training
[2025-10-06T23:55:45.576+0000] {logging_mixin.py:190} INFO - [2025-10-06T23:55:45.576+0000] {override.py:1912} INFO - Created Permission View: can edit on DAG:fraud_detection_training
[2025-10-06T23:55:45.578+0000] {logging_mixin.py:190} INFO - [2025-10-06T23:55:45.578+0000] {override.py:1912} INFO - Created Permission View: can read on DAG Run:fraud_detection_training
[2025-10-06T23:55:45.580+0000] {logging_mixin.py:190} INFO - [2025-10-06T23:55:45.580+0000] {override.py:1912} INFO - Created Permission View: can create on DAG Run:fraud_detection_training
[2025-10-06T23:55:45.582+0000] {logging_mixin.py:190} INFO - [2025-10-06T23:55:45.582+0000] {override.py:1912} INFO - Created Permission View: can delete on DAG Run:fraud_detection_training
[2025-10-06T23:55:45.585+0000] {logging_mixin.py:190} INFO - [2025-10-06T23:55:45.585+0000] {override.py:1912} INFO - Created Permission View: menu access on DAG Run:fraud_detection_training
[2025-10-06T23:55:45.585+0000] {logging_mixin.py:190} INFO - [2025-10-06T23:55:45.585+0000] {dag.py:3239} INFO - Sync 1 DAGs
[2025-10-06T23:55:45.610+0000] {logging_mixin.py:190} INFO - [2025-10-06T23:55:45.610+0000] {dag.py:3262} INFO - Creating ORM DAG for fraud_detection_training
[2025-10-06T23:55:45.623+0000] {logging_mixin.py:190} INFO - [2025-10-06T23:55:45.623+0000] {dag.py:4180} INFO - Setting next_dagrun for fraud_detection_training to 2025-10-05 03:00:00+00:00, run_after=2025-10-06 03:00:00+00:00
[2025-10-06T23:55:45.652+0000] {processor.py:208} INFO - Processing /opt/airflow/dags/fraud_detection_training_dag.py took 0.987 seconds
[2025-10-06T23:56:16.127+0000] {processor.py:186} INFO - Started process (PID=103) to work on /opt/airflow/dags/fraud_detection_training_dag.py
[2025-10-06T23:56:16.128+0000] {processor.py:914} INFO - Processing file /opt/airflow/dags/fraud_detection_training_dag.py for tasks to queue
[2025-10-06T23:56:16.130+0000] {logging_mixin.py:190} INFO - [2025-10-06T23:56:16.130+0000] {dagbag.py:588} INFO - Filling up the DagBag from /opt/airflow/dags/fraud_detection_training_dag.py
[2025-10-06T23:56:16.191+0000] {processor.py:925} INFO - DAG(s) 'fraud_detection_training' retrieved from /opt/airflow/dags/fraud_detection_training_dag.py
[2025-10-06T23:56:16.245+0000] {logging_mixin.py:190} INFO - [2025-10-06T23:56:16.244+0000] {dag.py:3239} INFO - Sync 1 DAGs
[2025-10-06T23:56:16.338+0000] {logging_mixin.py:190} INFO - [2025-10-06T23:56:16.338+0000] {dag.py:4180} INFO - Setting next_dagrun for fraud_detection_training to 2025-10-05 03:00:00+00:00, run_after=2025-10-06 03:00:00+00:00
[2025-10-06T23:56:16.347+0000] {processor.py:208} INFO - Processing /opt/airflow/dags/fraud_detection_training_dag.py took 0.246 seconds
[2025-10-06T23:56:46.419+0000] {processor.py:186} INFO - Started process (PID=110) to work on /opt/airflow/dags/fraud_detection_training_dag.py
[2025-10-06T23:56:46.420+0000] {processor.py:914} INFO - Processing file /opt/airflow/dags/fraud_detection_training_dag.py for tasks to queue
[2025-10-06T23:56:46.423+0000] {logging_mixin.py:190} INFO - [2025-10-06T23:56:46.422+0000] {dagbag.py:588} INFO - Filling up the DagBag from /opt/airflow/dags/fraud_detection_training_dag.py
[2025-10-06T23:56:46.457+0000] {processor.py:925} INFO - DAG(s) 'fraud_detection_training' retrieved from /opt/airflow/dags/fraud_detection_training_dag.py
[2025-10-06T23:56:46.490+0000] {logging_mixin.py:190} INFO - [2025-10-06T23:56:46.489+0000] {dag.py:3239} INFO - Sync 1 DAGs
[2025-10-06T23:56:46.517+0000] {logging_mixin.py:190} INFO - [2025-10-06T23:56:46.517+0000] {dag.py:4180} INFO - Setting next_dagrun for fraud_detection_training to 2025-10-05 03:00:00+00:00, run_after=2025-10-06 03:00:00+00:00
[2025-10-06T23:56:46.530+0000] {processor.py:208} INFO - Processing /opt/airflow/dags/fraud_detection_training_dag.py took 0.117 seconds
[2025-10-06T23:57:16.941+0000] {processor.py:186} INFO - Started process (PID=117) to work on /opt/airflow/dags/fraud_detection_training_dag.py
[2025-10-06T23:57:16.948+0000] {processor.py:914} INFO - Processing file /opt/airflow/dags/fraud_detection_training_dag.py for tasks to queue
[2025-10-06T23:57:16.975+0000] {logging_mixin.py:190} INFO - [2025-10-06T23:57:16.973+0000] {dagbag.py:588} INFO - Filling up the DagBag from /opt/airflow/dags/fraud_detection_training_dag.py
[2025-10-06T23:57:17.066+0000] {processor.py:925} INFO - DAG(s) 'fraud_detection_training' retrieved from /opt/airflow/dags/fraud_detection_training_dag.py
[2025-10-06T23:57:17.204+0000] {logging_mixin.py:190} INFO - [2025-10-06T23:57:17.203+0000] {dag.py:3239} INFO - Sync 1 DAGs
[2025-10-06T23:57:17.277+0000] {logging_mixin.py:190} INFO - [2025-10-06T23:57:17.276+0000] {dag.py:4180} INFO - Setting next_dagrun for fraud_detection_training to 2025-10-05 03:00:00+00:00, run_after=2025-10-06 03:00:00+00:00
[2025-10-06T23:57:17.349+0000] {processor.py:208} INFO - Processing /opt/airflow/dags/fraud_detection_training_dag.py took 0.441 seconds
[2025-10-06T23:57:47.855+0000] {processor.py:186} INFO - Started process (PID=124) to work on /opt/airflow/dags/fraud_detection_training_dag.py
[2025-10-06T23:57:47.856+0000] {processor.py:914} INFO - Processing file /opt/airflow/dags/fraud_detection_training_dag.py for tasks to queue
[2025-10-06T23:57:47.863+0000] {logging_mixin.py:190} INFO - [2025-10-06T23:57:47.862+0000] {dagbag.py:588} INFO - Filling up the DagBag from /opt/airflow/dags/fraud_detection_training_dag.py
[2025-10-06T23:57:47.888+0000] {processor.py:925} INFO - DAG(s) 'fraud_detection_training' retrieved from /opt/airflow/dags/fraud_detection_training_dag.py
[2025-10-06T23:57:47.932+0000] {logging_mixin.py:190} INFO - [2025-10-06T23:57:47.932+0000] {dag.py:3239} INFO - Sync 1 DAGs
[2025-10-06T23:57:47.956+0000] {logging_mixin.py:190} INFO - [2025-10-06T23:57:47.956+0000] {dag.py:4180} INFO - Setting next_dagrun for fraud_detection_training to 2025-10-05 03:00:00+00:00, run_after=2025-10-06 03:00:00+00:00
[2025-10-06T23:57:47.969+0000] {processor.py:208} INFO - Processing /opt/airflow/dags/fraud_detection_training_dag.py took 0.128 seconds
[2025-10-06T23:58:18.361+0000] {processor.py:186} INFO - Started process (PID=131) to work on /opt/airflow/dags/fraud_detection_training_dag.py
[2025-10-06T23:58:18.362+0000] {processor.py:914} INFO - Processing file /opt/airflow/dags/fraud_detection_training_dag.py for tasks to queue
[2025-10-06T23:58:18.366+0000] {logging_mixin.py:190} INFO - [2025-10-06T23:58:18.365+0000] {dagbag.py:588} INFO - Filling up the DagBag from /opt/airflow/dags/fraud_detection_training_dag.py
[2025-10-06T23:58:18.386+0000] {processor.py:925} INFO - DAG(s) 'fraud_detection_training' retrieved from /opt/airflow/dags/fraud_detection_training_dag.py
[2025-10-06T23:58:18.443+0000] {logging_mixin.py:190} INFO - [2025-10-06T23:58:18.443+0000] {dag.py:3239} INFO - Sync 1 DAGs
[2025-10-06T23:58:18.483+0000] {logging_mixin.py:190} INFO - [2025-10-06T23:58:18.483+0000] {dag.py:4180} INFO - Setting next_dagrun for fraud_detection_training to 2025-10-05 03:00:00+00:00, run_after=2025-10-06 03:00:00+00:00
[2025-10-06T23:58:18.495+0000] {processor.py:208} INFO - Processing /opt/airflow/dags/fraud_detection_training_dag.py took 0.146 seconds
[2025-10-06T23:58:49.058+0000] {processor.py:186} INFO - Started process (PID=138) to work on /opt/airflow/dags/fraud_detection_training_dag.py
[2025-10-06T23:58:49.059+0000] {processor.py:914} INFO - Processing file /opt/airflow/dags/fraud_detection_training_dag.py for tasks to queue
[2025-10-06T23:58:49.066+0000] {logging_mixin.py:190} INFO - [2025-10-06T23:58:49.065+0000] {dagbag.py:588} INFO - Filling up the DagBag from /opt/airflow/dags/fraud_detection_training_dag.py
[2025-10-06T23:58:49.101+0000] {processor.py:925} INFO - DAG(s) 'fraud_detection_training' retrieved from /opt/airflow/dags/fraud_detection_training_dag.py
[2025-10-06T23:58:49.142+0000] {logging_mixin.py:190} INFO - [2025-10-06T23:58:49.141+0000] {dag.py:3239} INFO - Sync 1 DAGs
[2025-10-06T23:58:49.168+0000] {logging_mixin.py:190} INFO - [2025-10-06T23:58:49.168+0000] {dag.py:4180} INFO - Setting next_dagrun for fraud_detection_training to 2025-10-05 03:00:00+00:00, run_after=2025-10-06 03:00:00+00:00
[2025-10-06T23:58:49.178+0000] {processor.py:208} INFO - Processing /opt/airflow/dags/fraud_detection_training_dag.py took 0.137 seconds
[2025-10-06T23:59:19.426+0000] {processor.py:186} INFO - Started process (PID=145) to work on /opt/airflow/dags/fraud_detection_training_dag.py
[2025-10-06T23:59:19.427+0000] {processor.py:914} INFO - Processing file /opt/airflow/dags/fraud_detection_training_dag.py for tasks to queue
[2025-10-06T23:59:19.431+0000] {logging_mixin.py:190} INFO - [2025-10-06T23:59:19.431+0000] {dagbag.py:588} INFO - Filling up the DagBag from /opt/airflow/dags/fraud_detection_training_dag.py
[2025-10-06T23:59:19.446+0000] {processor.py:925} INFO - DAG(s) 'fraud_detection_training' retrieved from /opt/airflow/dags/fraud_detection_training_dag.py
[2025-10-06T23:59:19.476+0000] {logging_mixin.py:190} INFO - [2025-10-06T23:59:19.476+0000] {dag.py:3239} INFO - Sync 1 DAGs
[2025-10-06T23:59:19.500+0000] {logging_mixin.py:190} INFO - [2025-10-06T23:59:19.499+0000] {dag.py:4180} INFO - Setting next_dagrun for fraud_detection_training to 2025-10-05 03:00:00+00:00, run_after=2025-10-06 03:00:00+00:00
[2025-10-06T23:59:19.509+0000] {processor.py:208} INFO - Processing /opt/airflow/dags/fraud_detection_training_dag.py took 0.097 seconds
[2025-10-06T23:59:50.071+0000] {processor.py:186} INFO - Started process (PID=152) to work on /opt/airflow/dags/fraud_detection_training_dag.py
[2025-10-06T23:59:50.072+0000] {processor.py:914} INFO - Processing file /opt/airflow/dags/fraud_detection_training_dag.py for tasks to queue
[2025-10-06T23:59:50.075+0000] {logging_mixin.py:190} INFO - [2025-10-06T23:59:50.074+0000] {dagbag.py:588} INFO - Filling up the DagBag from /opt/airflow/dags/fraud_detection_training_dag.py
[2025-10-06T23:59:50.091+0000] {processor.py:925} INFO - DAG(s) 'fraud_detection_training' retrieved from /opt/airflow/dags/fraud_detection_training_dag.py
[2025-10-06T23:59:50.125+0000] {logging_mixin.py:190} INFO - [2025-10-06T23:59:50.125+0000] {dag.py:3239} INFO - Sync 1 DAGs
[2025-10-06T23:59:50.143+0000] {logging_mixin.py:190} INFO - [2025-10-06T23:59:50.143+0000] {dag.py:4180} INFO - Setting next_dagrun for fraud_detection_training to 2025-10-05 03:00:00+00:00, run_after=2025-10-06 03:00:00+00:00
[2025-10-06T23:59:50.154+0000] {processor.py:208} INFO - Processing /opt/airflow/dags/fraud_detection_training_dag.py took 0.093 seconds
