[2025-10-07T00:00:20.479+0000] {processor.py:186} INFO - Started process (PID=160) to work on /opt/airflow/dags/fraud_detection_training_dag.py
[2025-10-07T00:00:20.480+0000] {processor.py:914} INFO - Processing file /opt/airflow/dags/fraud_detection_training_dag.py for tasks to queue
[2025-10-07T00:00:20.484+0000] {logging_mixin.py:190} INFO - [2025-10-07T00:00:20.483+0000] {dagbag.py:588} INFO - Filling up the DagBag from /opt/airflow/dags/fraud_detection_training_dag.py
[2025-10-07T00:00:20.507+0000] {processor.py:925} INFO - DAG(s) 'fraud_detection_training' retrieved from /opt/airflow/dags/fraud_detection_training_dag.py
[2025-10-07T00:00:20.543+0000] {logging_mixin.py:190} INFO - [2025-10-07T00:00:20.542+0000] {dag.py:3239} INFO - Sync 1 DAGs
[2025-10-07T00:00:20.564+0000] {logging_mixin.py:190} INFO - [2025-10-07T00:00:20.564+0000] {dag.py:4180} INFO - Setting next_dagrun for fraud_detection_training to 2025-10-05 03:00:00+00:00, run_after=2025-10-06 03:00:00+00:00
[2025-10-07T00:00:20.575+0000] {processor.py:208} INFO - Processing /opt/airflow/dags/fraud_detection_training_dag.py took 0.111 seconds
[2025-10-07T00:00:50.865+0000] {processor.py:186} INFO - Started process (PID=167) to work on /opt/airflow/dags/fraud_detection_training_dag.py
[2025-10-07T00:00:50.866+0000] {processor.py:914} INFO - Processing file /opt/airflow/dags/fraud_detection_training_dag.py for tasks to queue
[2025-10-07T00:00:50.870+0000] {logging_mixin.py:190} INFO - [2025-10-07T00:00:50.869+0000] {dagbag.py:588} INFO - Filling up the DagBag from /opt/airflow/dags/fraud_detection_training_dag.py
[2025-10-07T00:00:50.885+0000] {processor.py:925} INFO - DAG(s) 'fraud_detection_training' retrieved from /opt/airflow/dags/fraud_detection_training_dag.py
[2025-10-07T00:00:50.910+0000] {logging_mixin.py:190} INFO - [2025-10-07T00:00:50.910+0000] {dag.py:3239} INFO - Sync 1 DAGs
[2025-10-07T00:00:50.929+0000] {logging_mixin.py:190} INFO - [2025-10-07T00:00:50.929+0000] {dag.py:4180} INFO - Setting next_dagrun for fraud_detection_training to 2025-10-05 03:00:00+00:00, run_after=2025-10-06 03:00:00+00:00
[2025-10-07T00:00:50.938+0000] {processor.py:208} INFO - Processing /opt/airflow/dags/fraud_detection_training_dag.py took 0.079 seconds
[2025-10-07T00:01:21.245+0000] {processor.py:186} INFO - Started process (PID=174) to work on /opt/airflow/dags/fraud_detection_training_dag.py
[2025-10-07T00:01:21.246+0000] {processor.py:914} INFO - Processing file /opt/airflow/dags/fraud_detection_training_dag.py for tasks to queue
[2025-10-07T00:01:21.255+0000] {logging_mixin.py:190} INFO - [2025-10-07T00:01:21.255+0000] {dagbag.py:588} INFO - Filling up the DagBag from /opt/airflow/dags/fraud_detection_training_dag.py
[2025-10-07T00:01:21.274+0000] {processor.py:925} INFO - DAG(s) 'fraud_detection_training' retrieved from /opt/airflow/dags/fraud_detection_training_dag.py
[2025-10-07T00:01:21.325+0000] {logging_mixin.py:190} INFO - [2025-10-07T00:01:21.325+0000] {dag.py:3239} INFO - Sync 1 DAGs
[2025-10-07T00:01:21.364+0000] {logging_mixin.py:190} INFO - [2025-10-07T00:01:21.364+0000] {dag.py:4180} INFO - Setting next_dagrun for fraud_detection_training to 2025-10-05 03:00:00+00:00, run_after=2025-10-06 03:00:00+00:00
[2025-10-07T00:01:21.377+0000] {processor.py:208} INFO - Processing /opt/airflow/dags/fraud_detection_training_dag.py took 0.142 seconds
[2025-10-07T00:01:51.822+0000] {processor.py:186} INFO - Started process (PID=181) to work on /opt/airflow/dags/fraud_detection_training_dag.py
[2025-10-07T00:01:51.823+0000] {processor.py:914} INFO - Processing file /opt/airflow/dags/fraud_detection_training_dag.py for tasks to queue
[2025-10-07T00:01:51.827+0000] {logging_mixin.py:190} INFO - [2025-10-07T00:01:51.827+0000] {dagbag.py:588} INFO - Filling up the DagBag from /opt/airflow/dags/fraud_detection_training_dag.py
[2025-10-07T00:01:52.146+0000] {processor.py:925} INFO - DAG(s) 'fraud_detection_training' retrieved from /opt/airflow/dags/fraud_detection_training_dag.py
[2025-10-07T00:01:52.508+0000] {logging_mixin.py:190} INFO - [2025-10-07T00:01:52.506+0000] {dag.py:3239} INFO - Sync 1 DAGs
[2025-10-07T00:01:52.576+0000] {logging_mixin.py:190} INFO - [2025-10-07T00:01:52.576+0000] {dag.py:4180} INFO - Setting next_dagrun for fraud_detection_training to 2025-10-05 03:00:00+00:00, run_after=2025-10-06 03:00:00+00:00
[2025-10-07T00:01:52.643+0000] {processor.py:208} INFO - Processing /opt/airflow/dags/fraud_detection_training_dag.py took 0.837 seconds
[2025-10-07T00:02:23.196+0000] {processor.py:186} INFO - Started process (PID=188) to work on /opt/airflow/dags/fraud_detection_training_dag.py
[2025-10-07T00:02:23.197+0000] {processor.py:914} INFO - Processing file /opt/airflow/dags/fraud_detection_training_dag.py for tasks to queue
[2025-10-07T00:02:23.201+0000] {logging_mixin.py:190} INFO - [2025-10-07T00:02:23.200+0000] {dagbag.py:588} INFO - Filling up the DagBag from /opt/airflow/dags/fraud_detection_training_dag.py
[2025-10-07T00:02:23.223+0000] {processor.py:925} INFO - DAG(s) 'fraud_detection_training' retrieved from /opt/airflow/dags/fraud_detection_training_dag.py
[2025-10-07T00:02:23.257+0000] {logging_mixin.py:190} INFO - [2025-10-07T00:02:23.257+0000] {dag.py:3239} INFO - Sync 1 DAGs
[2025-10-07T00:02:23.282+0000] {logging_mixin.py:190} INFO - [2025-10-07T00:02:23.282+0000] {dag.py:4180} INFO - Setting next_dagrun for fraud_detection_training to 2025-10-05 03:00:00+00:00, run_after=2025-10-06 03:00:00+00:00
[2025-10-07T00:02:23.292+0000] {processor.py:208} INFO - Processing /opt/airflow/dags/fraud_detection_training_dag.py took 0.107 seconds
[2025-10-07T00:02:53.992+0000] {processor.py:186} INFO - Started process (PID=195) to work on /opt/airflow/dags/fraud_detection_training_dag.py
[2025-10-07T00:02:54.006+0000] {processor.py:914} INFO - Processing file /opt/airflow/dags/fraud_detection_training_dag.py for tasks to queue
[2025-10-07T00:02:54.496+0000] {logging_mixin.py:190} INFO - [2025-10-07T00:02:54.469+0000] {dagbag.py:588} INFO - Filling up the DagBag from /opt/airflow/dags/fraud_detection_training_dag.py
[2025-10-07T00:02:54.684+0000] {processor.py:925} INFO - DAG(s) 'fraud_detection_training' retrieved from /opt/airflow/dags/fraud_detection_training_dag.py
[2025-10-07T00:02:54.886+0000] {logging_mixin.py:190} INFO - [2025-10-07T00:02:54.886+0000] {dag.py:3239} INFO - Sync 1 DAGs
[2025-10-07T00:02:54.992+0000] {logging_mixin.py:190} INFO - [2025-10-07T00:02:54.991+0000] {dag.py:4180} INFO - Setting next_dagrun for fraud_detection_training to 2025-10-05 03:00:00+00:00, run_after=2025-10-06 03:00:00+00:00
[2025-10-07T00:02:55.049+0000] {processor.py:208} INFO - Processing /opt/airflow/dags/fraud_detection_training_dag.py took 1.121 seconds
[2025-10-07T00:03:25.865+0000] {processor.py:186} INFO - Started process (PID=202) to work on /opt/airflow/dags/fraud_detection_training_dag.py
[2025-10-07T00:03:25.867+0000] {processor.py:914} INFO - Processing file /opt/airflow/dags/fraud_detection_training_dag.py for tasks to queue
[2025-10-07T00:03:25.876+0000] {logging_mixin.py:190} INFO - [2025-10-07T00:03:25.876+0000] {dagbag.py:588} INFO - Filling up the DagBag from /opt/airflow/dags/fraud_detection_training_dag.py
[2025-10-07T00:03:25.913+0000] {processor.py:925} INFO - DAG(s) 'fraud_detection_training' retrieved from /opt/airflow/dags/fraud_detection_training_dag.py
[2025-10-07T00:03:25.957+0000] {logging_mixin.py:190} INFO - [2025-10-07T00:03:25.957+0000] {dag.py:3239} INFO - Sync 1 DAGs
[2025-10-07T00:03:25.985+0000] {logging_mixin.py:190} INFO - [2025-10-07T00:03:25.985+0000] {dag.py:4180} INFO - Setting next_dagrun for fraud_detection_training to 2025-10-05 03:00:00+00:00, run_after=2025-10-06 03:00:00+00:00
[2025-10-07T00:03:25.998+0000] {processor.py:208} INFO - Processing /opt/airflow/dags/fraud_detection_training_dag.py took 0.159 seconds
[2025-10-07T00:13:51.816+0000] {processor.py:186} INFO - Started process (PID=209) to work on /opt/airflow/dags/fraud_detection_training_dag.py
[2025-10-07T00:13:51.849+0000] {processor.py:914} INFO - Processing file /opt/airflow/dags/fraud_detection_training_dag.py for tasks to queue
[2025-10-07T00:13:52.025+0000] {logging_mixin.py:190} INFO - [2025-10-07T00:13:52.013+0000] {dagbag.py:588} INFO - Filling up the DagBag from /opt/airflow/dags/fraud_detection_training_dag.py
[2025-10-07T00:13:52.627+0000] {processor.py:925} INFO - DAG(s) 'fraud_detection_training' retrieved from /opt/airflow/dags/fraud_detection_training_dag.py
[2025-10-07T00:13:53.052+0000] {logging_mixin.py:190} INFO - [2025-10-07T00:13:53.049+0000] {dag.py:3239} INFO - Sync 1 DAGs
[2025-10-07T00:13:53.252+0000] {logging_mixin.py:190} INFO - [2025-10-07T00:13:53.236+0000] {dag.py:4180} INFO - Setting next_dagrun for fraud_detection_training to 2025-10-05 03:00:00+00:00, run_after=2025-10-06 03:00:00+00:00
[2025-10-07T00:13:53.439+0000] {processor.py:208} INFO - Processing /opt/airflow/dags/fraud_detection_training_dag.py took 2.073 seconds
[2025-10-07T00:36:06.532+0000] {processor.py:186} INFO - Started process (PID=217) to work on /opt/airflow/dags/fraud_detection_training_dag.py
[2025-10-07T00:36:06.533+0000] {processor.py:914} INFO - Processing file /opt/airflow/dags/fraud_detection_training_dag.py for tasks to queue
[2025-10-07T00:36:06.542+0000] {logging_mixin.py:190} INFO - [2025-10-07T00:36:06.542+0000] {dagbag.py:588} INFO - Filling up the DagBag from /opt/airflow/dags/fraud_detection_training_dag.py
[2025-10-07T00:36:06.588+0000] {processor.py:925} INFO - DAG(s) 'fraud_detection_training' retrieved from /opt/airflow/dags/fraud_detection_training_dag.py
[2025-10-07T00:36:06.695+0000] {logging_mixin.py:190} INFO - [2025-10-07T00:36:06.694+0000] {dag.py:3239} INFO - Sync 1 DAGs
[2025-10-07T00:36:06.757+0000] {logging_mixin.py:190} INFO - [2025-10-07T00:36:06.756+0000] {dag.py:4180} INFO - Setting next_dagrun for fraud_detection_training to 2025-10-05 03:00:00+00:00, run_after=2025-10-06 03:00:00+00:00
[2025-10-07T00:36:06.782+0000] {processor.py:208} INFO - Processing /opt/airflow/dags/fraud_detection_training_dag.py took 0.276 seconds
[2025-10-07T00:48:40.427+0000] {processor.py:186} INFO - Started process (PID=231) to work on /opt/airflow/dags/fraud_detection_training_dag.py
[2025-10-07T00:48:40.432+0000] {processor.py:914} INFO - Processing file /opt/airflow/dags/fraud_detection_training_dag.py for tasks to queue
[2025-10-07T00:48:40.443+0000] {logging_mixin.py:190} INFO - [2025-10-07T00:48:40.441+0000] {dagbag.py:588} INFO - Filling up the DagBag from /opt/airflow/dags/fraud_detection_training_dag.py
[2025-10-07T00:48:40.642+0000] {processor.py:925} INFO - DAG(s) 'fraud_detection_training' retrieved from /opt/airflow/dags/fraud_detection_training_dag.py
[2025-10-07T00:48:41.665+0000] {logging_mixin.py:190} INFO - [2025-10-07T00:48:41.664+0000] {dag.py:3239} INFO - Sync 1 DAGs
[2025-10-07T00:48:41.739+0000] {logging_mixin.py:190} INFO - [2025-10-07T00:48:41.739+0000] {dag.py:4180} INFO - Setting next_dagrun for fraud_detection_training to 2025-10-05 03:00:00+00:00, run_after=2025-10-06 03:00:00+00:00
[2025-10-07T00:48:41.766+0000] {processor.py:208} INFO - Processing /opt/airflow/dags/fraud_detection_training_dag.py took 1.393 seconds
[2025-10-07T00:49:12.164+0000] {processor.py:186} INFO - Started process (PID=238) to work on /opt/airflow/dags/fraud_detection_training_dag.py
[2025-10-07T00:49:12.166+0000] {processor.py:914} INFO - Processing file /opt/airflow/dags/fraud_detection_training_dag.py for tasks to queue
[2025-10-07T00:49:12.168+0000] {logging_mixin.py:190} INFO - [2025-10-07T00:49:12.167+0000] {dagbag.py:588} INFO - Filling up the DagBag from /opt/airflow/dags/fraud_detection_training_dag.py
[2025-10-07T00:49:12.208+0000] {processor.py:925} INFO - DAG(s) 'fraud_detection_training' retrieved from /opt/airflow/dags/fraud_detection_training_dag.py
[2025-10-07T00:49:12.250+0000] {logging_mixin.py:190} INFO - [2025-10-07T00:49:12.250+0000] {dag.py:3239} INFO - Sync 1 DAGs
[2025-10-07T00:49:12.283+0000] {logging_mixin.py:190} INFO - [2025-10-07T00:49:12.283+0000] {dag.py:4180} INFO - Setting next_dagrun for fraud_detection_training to 2025-10-05 03:00:00+00:00, run_after=2025-10-06 03:00:00+00:00
[2025-10-07T00:49:12.297+0000] {processor.py:208} INFO - Processing /opt/airflow/dags/fraud_detection_training_dag.py took 0.147 seconds
[2025-10-07T00:49:42.507+0000] {processor.py:186} INFO - Started process (PID=245) to work on /opt/airflow/dags/fraud_detection_training_dag.py
[2025-10-07T00:49:42.508+0000] {processor.py:914} INFO - Processing file /opt/airflow/dags/fraud_detection_training_dag.py for tasks to queue
[2025-10-07T00:49:42.510+0000] {logging_mixin.py:190} INFO - [2025-10-07T00:49:42.509+0000] {dagbag.py:588} INFO - Filling up the DagBag from /opt/airflow/dags/fraud_detection_training_dag.py
[2025-10-07T00:49:42.539+0000] {processor.py:925} INFO - DAG(s) 'fraud_detection_training' retrieved from /opt/airflow/dags/fraud_detection_training_dag.py
[2025-10-07T00:49:42.575+0000] {logging_mixin.py:190} INFO - [2025-10-07T00:49:42.575+0000] {dag.py:3239} INFO - Sync 1 DAGs
[2025-10-07T00:49:42.602+0000] {logging_mixin.py:190} INFO - [2025-10-07T00:49:42.602+0000] {dag.py:4180} INFO - Setting next_dagrun for fraud_detection_training to 2025-10-05 03:00:00+00:00, run_after=2025-10-06 03:00:00+00:00
[2025-10-07T00:49:42.612+0000] {processor.py:208} INFO - Processing /opt/airflow/dags/fraud_detection_training_dag.py took 0.120 seconds
[2025-10-07T00:50:12.992+0000] {processor.py:186} INFO - Started process (PID=252) to work on /opt/airflow/dags/fraud_detection_training_dag.py
[2025-10-07T00:50:12.993+0000] {processor.py:914} INFO - Processing file /opt/airflow/dags/fraud_detection_training_dag.py for tasks to queue
[2025-10-07T00:50:12.994+0000] {logging_mixin.py:190} INFO - [2025-10-07T00:50:12.994+0000] {dagbag.py:588} INFO - Filling up the DagBag from /opt/airflow/dags/fraud_detection_training_dag.py
[2025-10-07T00:50:13.014+0000] {processor.py:925} INFO - DAG(s) 'fraud_detection_training' retrieved from /opt/airflow/dags/fraud_detection_training_dag.py
[2025-10-07T00:50:13.043+0000] {logging_mixin.py:190} INFO - [2025-10-07T00:50:13.043+0000] {dag.py:3239} INFO - Sync 1 DAGs
[2025-10-07T00:50:13.069+0000] {logging_mixin.py:190} INFO - [2025-10-07T00:50:13.068+0000] {dag.py:4180} INFO - Setting next_dagrun for fraud_detection_training to 2025-10-05 03:00:00+00:00, run_after=2025-10-06 03:00:00+00:00
[2025-10-07T00:50:13.079+0000] {processor.py:208} INFO - Processing /opt/airflow/dags/fraud_detection_training_dag.py took 0.094 seconds
[2025-10-07T00:50:43.421+0000] {processor.py:186} INFO - Started process (PID=259) to work on /opt/airflow/dags/fraud_detection_training_dag.py
[2025-10-07T00:50:43.422+0000] {processor.py:914} INFO - Processing file /opt/airflow/dags/fraud_detection_training_dag.py for tasks to queue
[2025-10-07T00:50:43.426+0000] {logging_mixin.py:190} INFO - [2025-10-07T00:50:43.423+0000] {dagbag.py:588} INFO - Filling up the DagBag from /opt/airflow/dags/fraud_detection_training_dag.py
[2025-10-07T00:50:43.448+0000] {processor.py:925} INFO - DAG(s) 'fraud_detection_training' retrieved from /opt/airflow/dags/fraud_detection_training_dag.py
[2025-10-07T00:50:43.491+0000] {logging_mixin.py:190} INFO - [2025-10-07T00:50:43.491+0000] {dag.py:3239} INFO - Sync 1 DAGs
[2025-10-07T00:50:43.518+0000] {logging_mixin.py:190} INFO - [2025-10-07T00:50:43.517+0000] {dag.py:4180} INFO - Setting next_dagrun for fraud_detection_training to 2025-10-05 03:00:00+00:00, run_after=2025-10-06 03:00:00+00:00
[2025-10-07T00:50:43.530+0000] {processor.py:208} INFO - Processing /opt/airflow/dags/fraud_detection_training_dag.py took 0.118 seconds
[2025-10-07T00:51:13.822+0000] {processor.py:186} INFO - Started process (PID=266) to work on /opt/airflow/dags/fraud_detection_training_dag.py
[2025-10-07T00:51:13.823+0000] {processor.py:914} INFO - Processing file /opt/airflow/dags/fraud_detection_training_dag.py for tasks to queue
[2025-10-07T00:51:13.824+0000] {logging_mixin.py:190} INFO - [2025-10-07T00:51:13.824+0000] {dagbag.py:588} INFO - Filling up the DagBag from /opt/airflow/dags/fraud_detection_training_dag.py
[2025-10-07T00:51:13.839+0000] {processor.py:925} INFO - DAG(s) 'fraud_detection_training' retrieved from /opt/airflow/dags/fraud_detection_training_dag.py
[2025-10-07T00:51:13.876+0000] {logging_mixin.py:190} INFO - [2025-10-07T00:51:13.875+0000] {dag.py:3239} INFO - Sync 1 DAGs
[2025-10-07T00:51:13.904+0000] {logging_mixin.py:190} INFO - [2025-10-07T00:51:13.904+0000] {dag.py:4180} INFO - Setting next_dagrun for fraud_detection_training to 2025-10-05 03:00:00+00:00, run_after=2025-10-06 03:00:00+00:00
[2025-10-07T00:51:13.917+0000] {processor.py:208} INFO - Processing /opt/airflow/dags/fraud_detection_training_dag.py took 0.101 seconds
[2025-10-07T00:51:44.197+0000] {processor.py:186} INFO - Started process (PID=273) to work on /opt/airflow/dags/fraud_detection_training_dag.py
[2025-10-07T00:51:44.198+0000] {processor.py:914} INFO - Processing file /opt/airflow/dags/fraud_detection_training_dag.py for tasks to queue
[2025-10-07T00:51:44.199+0000] {logging_mixin.py:190} INFO - [2025-10-07T00:51:44.199+0000] {dagbag.py:588} INFO - Filling up the DagBag from /opt/airflow/dags/fraud_detection_training_dag.py
[2025-10-07T00:51:44.220+0000] {processor.py:925} INFO - DAG(s) 'fraud_detection_training' retrieved from /opt/airflow/dags/fraud_detection_training_dag.py
[2025-10-07T00:51:44.254+0000] {logging_mixin.py:190} INFO - [2025-10-07T00:51:44.254+0000] {dag.py:3239} INFO - Sync 1 DAGs
[2025-10-07T00:51:44.278+0000] {logging_mixin.py:190} INFO - [2025-10-07T00:51:44.278+0000] {dag.py:4180} INFO - Setting next_dagrun for fraud_detection_training to 2025-10-05 03:00:00+00:00, run_after=2025-10-06 03:00:00+00:00
[2025-10-07T00:51:44.288+0000] {processor.py:208} INFO - Processing /opt/airflow/dags/fraud_detection_training_dag.py took 0.100 seconds
[2025-10-07T00:52:14.580+0000] {processor.py:186} INFO - Started process (PID=280) to work on /opt/airflow/dags/fraud_detection_training_dag.py
[2025-10-07T00:52:14.581+0000] {processor.py:914} INFO - Processing file /opt/airflow/dags/fraud_detection_training_dag.py for tasks to queue
[2025-10-07T00:52:14.582+0000] {logging_mixin.py:190} INFO - [2025-10-07T00:52:14.581+0000] {dagbag.py:588} INFO - Filling up the DagBag from /opt/airflow/dags/fraud_detection_training_dag.py
[2025-10-07T00:52:14.599+0000] {processor.py:925} INFO - DAG(s) 'fraud_detection_training' retrieved from /opt/airflow/dags/fraud_detection_training_dag.py
[2025-10-07T00:52:14.628+0000] {logging_mixin.py:190} INFO - [2025-10-07T00:52:14.628+0000] {dag.py:3239} INFO - Sync 1 DAGs
[2025-10-07T00:52:14.647+0000] {logging_mixin.py:190} INFO - [2025-10-07T00:52:14.647+0000] {dag.py:4180} INFO - Setting next_dagrun for fraud_detection_training to 2025-10-05 03:00:00+00:00, run_after=2025-10-06 03:00:00+00:00
[2025-10-07T00:52:14.657+0000] {processor.py:208} INFO - Processing /opt/airflow/dags/fraud_detection_training_dag.py took 0.086 seconds
[2025-10-07T00:52:44.975+0000] {processor.py:186} INFO - Started process (PID=287) to work on /opt/airflow/dags/fraud_detection_training_dag.py
[2025-10-07T00:52:44.976+0000] {processor.py:914} INFO - Processing file /opt/airflow/dags/fraud_detection_training_dag.py for tasks to queue
[2025-10-07T00:52:44.977+0000] {logging_mixin.py:190} INFO - [2025-10-07T00:52:44.977+0000] {dagbag.py:588} INFO - Filling up the DagBag from /opt/airflow/dags/fraud_detection_training_dag.py
[2025-10-07T00:52:45.000+0000] {processor.py:925} INFO - DAG(s) 'fraud_detection_training' retrieved from /opt/airflow/dags/fraud_detection_training_dag.py
[2025-10-07T00:52:45.038+0000] {logging_mixin.py:190} INFO - [2025-10-07T00:52:45.038+0000] {dag.py:3239} INFO - Sync 1 DAGs
[2025-10-07T00:52:45.060+0000] {logging_mixin.py:190} INFO - [2025-10-07T00:52:45.060+0000] {dag.py:4180} INFO - Setting next_dagrun for fraud_detection_training to 2025-10-05 03:00:00+00:00, run_after=2025-10-06 03:00:00+00:00
[2025-10-07T00:52:45.076+0000] {processor.py:208} INFO - Processing /opt/airflow/dags/fraud_detection_training_dag.py took 0.108 seconds
[2025-10-07T00:53:15.421+0000] {processor.py:186} INFO - Started process (PID=294) to work on /opt/airflow/dags/fraud_detection_training_dag.py
[2025-10-07T00:53:15.422+0000] {processor.py:914} INFO - Processing file /opt/airflow/dags/fraud_detection_training_dag.py for tasks to queue
[2025-10-07T00:53:15.423+0000] {logging_mixin.py:190} INFO - [2025-10-07T00:53:15.423+0000] {dagbag.py:588} INFO - Filling up the DagBag from /opt/airflow/dags/fraud_detection_training_dag.py
[2025-10-07T00:53:15.436+0000] {processor.py:925} INFO - DAG(s) 'fraud_detection_training' retrieved from /opt/airflow/dags/fraud_detection_training_dag.py
[2025-10-07T00:53:15.461+0000] {logging_mixin.py:190} INFO - [2025-10-07T00:53:15.461+0000] {dag.py:3239} INFO - Sync 1 DAGs
[2025-10-07T00:53:15.484+0000] {logging_mixin.py:190} INFO - [2025-10-07T00:53:15.484+0000] {dag.py:4180} INFO - Setting next_dagrun for fraud_detection_training to 2025-10-05 03:00:00+00:00, run_after=2025-10-06 03:00:00+00:00
[2025-10-07T00:53:15.494+0000] {processor.py:208} INFO - Processing /opt/airflow/dags/fraud_detection_training_dag.py took 0.079 seconds
[2025-10-07T00:53:45.774+0000] {processor.py:186} INFO - Started process (PID=301) to work on /opt/airflow/dags/fraud_detection_training_dag.py
[2025-10-07T00:53:45.775+0000] {processor.py:914} INFO - Processing file /opt/airflow/dags/fraud_detection_training_dag.py for tasks to queue
[2025-10-07T00:53:45.776+0000] {logging_mixin.py:190} INFO - [2025-10-07T00:53:45.776+0000] {dagbag.py:588} INFO - Filling up the DagBag from /opt/airflow/dags/fraud_detection_training_dag.py
[2025-10-07T00:53:45.795+0000] {processor.py:925} INFO - DAG(s) 'fraud_detection_training' retrieved from /opt/airflow/dags/fraud_detection_training_dag.py
[2025-10-07T00:53:45.833+0000] {logging_mixin.py:190} INFO - [2025-10-07T00:53:45.833+0000] {dag.py:3239} INFO - Sync 1 DAGs
[2025-10-07T00:53:45.856+0000] {logging_mixin.py:190} INFO - [2025-10-07T00:53:45.856+0000] {dag.py:4180} INFO - Setting next_dagrun for fraud_detection_training to 2025-10-05 03:00:00+00:00, run_after=2025-10-06 03:00:00+00:00
[2025-10-07T00:53:45.865+0000] {processor.py:208} INFO - Processing /opt/airflow/dags/fraud_detection_training_dag.py took 0.104 seconds
[2025-10-07T00:54:16.193+0000] {processor.py:186} INFO - Started process (PID=308) to work on /opt/airflow/dags/fraud_detection_training_dag.py
[2025-10-07T00:54:16.194+0000] {processor.py:914} INFO - Processing file /opt/airflow/dags/fraud_detection_training_dag.py for tasks to queue
[2025-10-07T00:54:16.196+0000] {logging_mixin.py:190} INFO - [2025-10-07T00:54:16.195+0000] {dagbag.py:588} INFO - Filling up the DagBag from /opt/airflow/dags/fraud_detection_training_dag.py
[2025-10-07T00:54:16.220+0000] {processor.py:925} INFO - DAG(s) 'fraud_detection_training' retrieved from /opt/airflow/dags/fraud_detection_training_dag.py
[2025-10-07T00:54:16.264+0000] {logging_mixin.py:190} INFO - [2025-10-07T00:54:16.264+0000] {dag.py:3239} INFO - Sync 1 DAGs
[2025-10-07T00:54:16.286+0000] {logging_mixin.py:190} INFO - [2025-10-07T00:54:16.286+0000] {dag.py:4180} INFO - Setting next_dagrun for fraud_detection_training to 2025-10-05 03:00:00+00:00, run_after=2025-10-06 03:00:00+00:00
[2025-10-07T00:54:16.298+0000] {processor.py:208} INFO - Processing /opt/airflow/dags/fraud_detection_training_dag.py took 0.115 seconds
[2025-10-07T00:54:46.526+0000] {processor.py:186} INFO - Started process (PID=315) to work on /opt/airflow/dags/fraud_detection_training_dag.py
[2025-10-07T00:54:46.528+0000] {processor.py:914} INFO - Processing file /opt/airflow/dags/fraud_detection_training_dag.py for tasks to queue
[2025-10-07T00:54:46.529+0000] {logging_mixin.py:190} INFO - [2025-10-07T00:54:46.529+0000] {dagbag.py:588} INFO - Filling up the DagBag from /opt/airflow/dags/fraud_detection_training_dag.py
[2025-10-07T00:54:46.547+0000] {processor.py:925} INFO - DAG(s) 'fraud_detection_training' retrieved from /opt/airflow/dags/fraud_detection_training_dag.py
[2025-10-07T00:54:46.580+0000] {logging_mixin.py:190} INFO - [2025-10-07T00:54:46.580+0000] {dag.py:3239} INFO - Sync 1 DAGs
[2025-10-07T00:54:46.610+0000] {logging_mixin.py:190} INFO - [2025-10-07T00:54:46.610+0000] {dag.py:4180} INFO - Setting next_dagrun for fraud_detection_training to 2025-10-05 03:00:00+00:00, run_after=2025-10-06 03:00:00+00:00
[2025-10-07T00:54:46.623+0000] {processor.py:208} INFO - Processing /opt/airflow/dags/fraud_detection_training_dag.py took 0.103 seconds
[2025-10-07T00:55:16.877+0000] {processor.py:186} INFO - Started process (PID=322) to work on /opt/airflow/dags/fraud_detection_training_dag.py
[2025-10-07T00:55:16.878+0000] {processor.py:914} INFO - Processing file /opt/airflow/dags/fraud_detection_training_dag.py for tasks to queue
[2025-10-07T00:55:16.879+0000] {logging_mixin.py:190} INFO - [2025-10-07T00:55:16.879+0000] {dagbag.py:588} INFO - Filling up the DagBag from /opt/airflow/dags/fraud_detection_training_dag.py
[2025-10-07T00:55:16.897+0000] {processor.py:925} INFO - DAG(s) 'fraud_detection_training' retrieved from /opt/airflow/dags/fraud_detection_training_dag.py
[2025-10-07T00:55:16.928+0000] {logging_mixin.py:190} INFO - [2025-10-07T00:55:16.927+0000] {dag.py:3239} INFO - Sync 1 DAGs
[2025-10-07T00:55:16.952+0000] {logging_mixin.py:190} INFO - [2025-10-07T00:55:16.952+0000] {dag.py:4180} INFO - Setting next_dagrun for fraud_detection_training to 2025-10-05 03:00:00+00:00, run_after=2025-10-06 03:00:00+00:00
[2025-10-07T00:55:16.962+0000] {processor.py:208} INFO - Processing /opt/airflow/dags/fraud_detection_training_dag.py took 0.093 seconds
[2025-10-07T00:55:47.266+0000] {processor.py:186} INFO - Started process (PID=329) to work on /opt/airflow/dags/fraud_detection_training_dag.py
[2025-10-07T00:55:47.268+0000] {processor.py:914} INFO - Processing file /opt/airflow/dags/fraud_detection_training_dag.py for tasks to queue
[2025-10-07T00:55:47.269+0000] {logging_mixin.py:190} INFO - [2025-10-07T00:55:47.268+0000] {dagbag.py:588} INFO - Filling up the DagBag from /opt/airflow/dags/fraud_detection_training_dag.py
[2025-10-07T00:55:47.294+0000] {processor.py:925} INFO - DAG(s) 'fraud_detection_training' retrieved from /opt/airflow/dags/fraud_detection_training_dag.py
[2025-10-07T00:55:47.336+0000] {logging_mixin.py:190} INFO - [2025-10-07T00:55:47.336+0000] {dag.py:3239} INFO - Sync 1 DAGs
[2025-10-07T00:55:47.365+0000] {logging_mixin.py:190} INFO - [2025-10-07T00:55:47.365+0000] {dag.py:4180} INFO - Setting next_dagrun for fraud_detection_training to 2025-10-05 03:00:00+00:00, run_after=2025-10-06 03:00:00+00:00
[2025-10-07T00:55:47.380+0000] {processor.py:208} INFO - Processing /opt/airflow/dags/fraud_detection_training_dag.py took 0.130 seconds
[2025-10-07T00:56:17.661+0000] {processor.py:186} INFO - Started process (PID=336) to work on /opt/airflow/dags/fraud_detection_training_dag.py
[2025-10-07T00:56:17.662+0000] {processor.py:914} INFO - Processing file /opt/airflow/dags/fraud_detection_training_dag.py for tasks to queue
[2025-10-07T00:56:17.664+0000] {logging_mixin.py:190} INFO - [2025-10-07T00:56:17.664+0000] {dagbag.py:588} INFO - Filling up the DagBag from /opt/airflow/dags/fraud_detection_training_dag.py
[2025-10-07T00:56:17.680+0000] {processor.py:925} INFO - DAG(s) 'fraud_detection_training' retrieved from /opt/airflow/dags/fraud_detection_training_dag.py
[2025-10-07T00:56:17.709+0000] {logging_mixin.py:190} INFO - [2025-10-07T00:56:17.709+0000] {dag.py:3239} INFO - Sync 1 DAGs
[2025-10-07T00:56:17.729+0000] {logging_mixin.py:190} INFO - [2025-10-07T00:56:17.729+0000] {dag.py:4180} INFO - Setting next_dagrun for fraud_detection_training to 2025-10-05 03:00:00+00:00, run_after=2025-10-06 03:00:00+00:00
[2025-10-07T00:56:17.739+0000] {processor.py:208} INFO - Processing /opt/airflow/dags/fraud_detection_training_dag.py took 0.086 seconds
[2025-10-07T00:56:48.105+0000] {processor.py:186} INFO - Started process (PID=343) to work on /opt/airflow/dags/fraud_detection_training_dag.py
[2025-10-07T00:56:48.106+0000] {processor.py:914} INFO - Processing file /opt/airflow/dags/fraud_detection_training_dag.py for tasks to queue
[2025-10-07T00:56:48.108+0000] {logging_mixin.py:190} INFO - [2025-10-07T00:56:48.107+0000] {dagbag.py:588} INFO - Filling up the DagBag from /opt/airflow/dags/fraud_detection_training_dag.py
[2025-10-07T00:56:48.129+0000] {processor.py:925} INFO - DAG(s) 'fraud_detection_training' retrieved from /opt/airflow/dags/fraud_detection_training_dag.py
[2025-10-07T00:56:48.173+0000] {logging_mixin.py:190} INFO - [2025-10-07T00:56:48.172+0000] {dag.py:3239} INFO - Sync 1 DAGs
[2025-10-07T00:56:48.197+0000] {logging_mixin.py:190} INFO - [2025-10-07T00:56:48.196+0000] {dag.py:4180} INFO - Setting next_dagrun for fraud_detection_training to 2025-10-05 03:00:00+00:00, run_after=2025-10-06 03:00:00+00:00
[2025-10-07T00:56:48.209+0000] {processor.py:208} INFO - Processing /opt/airflow/dags/fraud_detection_training_dag.py took 0.118 seconds
[2025-10-07T00:57:18.516+0000] {processor.py:186} INFO - Started process (PID=350) to work on /opt/airflow/dags/fraud_detection_training_dag.py
[2025-10-07T00:57:18.517+0000] {processor.py:914} INFO - Processing file /opt/airflow/dags/fraud_detection_training_dag.py for tasks to queue
[2025-10-07T00:57:18.518+0000] {logging_mixin.py:190} INFO - [2025-10-07T00:57:18.518+0000] {dagbag.py:588} INFO - Filling up the DagBag from /opt/airflow/dags/fraud_detection_training_dag.py
[2025-10-07T00:57:18.536+0000] {processor.py:925} INFO - DAG(s) 'fraud_detection_training' retrieved from /opt/airflow/dags/fraud_detection_training_dag.py
[2025-10-07T00:57:18.568+0000] {logging_mixin.py:190} INFO - [2025-10-07T00:57:18.568+0000] {dag.py:3239} INFO - Sync 1 DAGs
[2025-10-07T00:57:18.589+0000] {logging_mixin.py:190} INFO - [2025-10-07T00:57:18.589+0000] {dag.py:4180} INFO - Setting next_dagrun for fraud_detection_training to 2025-10-05 03:00:00+00:00, run_after=2025-10-06 03:00:00+00:00
[2025-10-07T00:57:18.598+0000] {processor.py:208} INFO - Processing /opt/airflow/dags/fraud_detection_training_dag.py took 0.090 seconds
[2025-10-07T00:57:48.879+0000] {processor.py:186} INFO - Started process (PID=357) to work on /opt/airflow/dags/fraud_detection_training_dag.py
[2025-10-07T00:57:48.880+0000] {processor.py:914} INFO - Processing file /opt/airflow/dags/fraud_detection_training_dag.py for tasks to queue
[2025-10-07T00:57:48.882+0000] {logging_mixin.py:190} INFO - [2025-10-07T00:57:48.881+0000] {dagbag.py:588} INFO - Filling up the DagBag from /opt/airflow/dags/fraud_detection_training_dag.py
[2025-10-07T00:57:48.904+0000] {processor.py:925} INFO - DAG(s) 'fraud_detection_training' retrieved from /opt/airflow/dags/fraud_detection_training_dag.py
[2025-10-07T00:57:48.945+0000] {logging_mixin.py:190} INFO - [2025-10-07T00:57:48.945+0000] {dag.py:3239} INFO - Sync 1 DAGs
[2025-10-07T00:57:48.970+0000] {logging_mixin.py:190} INFO - [2025-10-07T00:57:48.970+0000] {dag.py:4180} INFO - Setting next_dagrun for fraud_detection_training to 2025-10-05 03:00:00+00:00, run_after=2025-10-06 03:00:00+00:00
[2025-10-07T00:57:48.981+0000] {processor.py:208} INFO - Processing /opt/airflow/dags/fraud_detection_training_dag.py took 0.113 seconds
[2025-10-07T00:58:19.306+0000] {processor.py:186} INFO - Started process (PID=364) to work on /opt/airflow/dags/fraud_detection_training_dag.py
[2025-10-07T00:58:19.308+0000] {processor.py:914} INFO - Processing file /opt/airflow/dags/fraud_detection_training_dag.py for tasks to queue
[2025-10-07T00:58:19.309+0000] {logging_mixin.py:190} INFO - [2025-10-07T00:58:19.309+0000] {dagbag.py:588} INFO - Filling up the DagBag from /opt/airflow/dags/fraud_detection_training_dag.py
[2025-10-07T00:58:19.328+0000] {processor.py:925} INFO - DAG(s) 'fraud_detection_training' retrieved from /opt/airflow/dags/fraud_detection_training_dag.py
[2025-10-07T00:58:19.362+0000] {logging_mixin.py:190} INFO - [2025-10-07T00:58:19.362+0000] {dag.py:3239} INFO - Sync 1 DAGs
[2025-10-07T00:58:19.384+0000] {logging_mixin.py:190} INFO - [2025-10-07T00:58:19.384+0000] {dag.py:4180} INFO - Setting next_dagrun for fraud_detection_training to 2025-10-05 03:00:00+00:00, run_after=2025-10-06 03:00:00+00:00
[2025-10-07T00:58:19.396+0000] {processor.py:208} INFO - Processing /opt/airflow/dags/fraud_detection_training_dag.py took 0.102 seconds
[2025-10-07T00:58:49.589+0000] {processor.py:186} INFO - Started process (PID=371) to work on /opt/airflow/dags/fraud_detection_training_dag.py
[2025-10-07T00:58:49.590+0000] {processor.py:914} INFO - Processing file /opt/airflow/dags/fraud_detection_training_dag.py for tasks to queue
[2025-10-07T00:58:49.591+0000] {logging_mixin.py:190} INFO - [2025-10-07T00:58:49.590+0000] {dagbag.py:588} INFO - Filling up the DagBag from /opt/airflow/dags/fraud_detection_training_dag.py
[2025-10-07T00:58:49.601+0000] {processor.py:925} INFO - DAG(s) 'fraud_detection_training' retrieved from /opt/airflow/dags/fraud_detection_training_dag.py
[2025-10-07T00:58:49.620+0000] {logging_mixin.py:190} INFO - [2025-10-07T00:58:49.620+0000] {dag.py:3239} INFO - Sync 1 DAGs
[2025-10-07T00:58:49.634+0000] {logging_mixin.py:190} INFO - [2025-10-07T00:58:49.634+0000] {dag.py:4180} INFO - Setting next_dagrun for fraud_detection_training to 2025-10-05 03:00:00+00:00, run_after=2025-10-06 03:00:00+00:00
[2025-10-07T00:58:49.642+0000] {processor.py:208} INFO - Processing /opt/airflow/dags/fraud_detection_training_dag.py took 0.058 seconds
[2025-10-07T00:59:19.981+0000] {processor.py:186} INFO - Started process (PID=378) to work on /opt/airflow/dags/fraud_detection_training_dag.py
[2025-10-07T00:59:19.983+0000] {processor.py:914} INFO - Processing file /opt/airflow/dags/fraud_detection_training_dag.py for tasks to queue
[2025-10-07T00:59:19.984+0000] {logging_mixin.py:190} INFO - [2025-10-07T00:59:19.984+0000] {dagbag.py:588} INFO - Filling up the DagBag from /opt/airflow/dags/fraud_detection_training_dag.py
[2025-10-07T00:59:20.000+0000] {processor.py:925} INFO - DAG(s) 'fraud_detection_training' retrieved from /opt/airflow/dags/fraud_detection_training_dag.py
[2025-10-07T00:59:20.031+0000] {logging_mixin.py:190} INFO - [2025-10-07T00:59:20.030+0000] {dag.py:3239} INFO - Sync 1 DAGs
[2025-10-07T00:59:20.051+0000] {logging_mixin.py:190} INFO - [2025-10-07T00:59:20.051+0000] {dag.py:4180} INFO - Setting next_dagrun for fraud_detection_training to 2025-10-05 03:00:00+00:00, run_after=2025-10-06 03:00:00+00:00
[2025-10-07T00:59:20.064+0000] {processor.py:208} INFO - Processing /opt/airflow/dags/fraud_detection_training_dag.py took 0.092 seconds
[2025-10-07T00:59:50.364+0000] {processor.py:186} INFO - Started process (PID=385) to work on /opt/airflow/dags/fraud_detection_training_dag.py
[2025-10-07T00:59:50.366+0000] {processor.py:914} INFO - Processing file /opt/airflow/dags/fraud_detection_training_dag.py for tasks to queue
[2025-10-07T00:59:50.367+0000] {logging_mixin.py:190} INFO - [2025-10-07T00:59:50.366+0000] {dagbag.py:588} INFO - Filling up the DagBag from /opt/airflow/dags/fraud_detection_training_dag.py
[2025-10-07T00:59:50.390+0000] {processor.py:925} INFO - DAG(s) 'fraud_detection_training' retrieved from /opt/airflow/dags/fraud_detection_training_dag.py
[2025-10-07T00:59:50.426+0000] {logging_mixin.py:190} INFO - [2025-10-07T00:59:50.425+0000] {dag.py:3239} INFO - Sync 1 DAGs
[2025-10-07T00:59:50.449+0000] {logging_mixin.py:190} INFO - [2025-10-07T00:59:50.449+0000] {dag.py:4180} INFO - Setting next_dagrun for fraud_detection_training to 2025-10-05 03:00:00+00:00, run_after=2025-10-06 03:00:00+00:00
[2025-10-07T00:59:50.462+0000] {processor.py:208} INFO - Processing /opt/airflow/dags/fraud_detection_training_dag.py took 0.106 seconds
[2025-10-07T01:00:20.823+0000] {processor.py:186} INFO - Started process (PID=392) to work on /opt/airflow/dags/fraud_detection_training_dag.py
[2025-10-07T01:00:20.824+0000] {processor.py:914} INFO - Processing file /opt/airflow/dags/fraud_detection_training_dag.py for tasks to queue
[2025-10-07T01:00:20.826+0000] {logging_mixin.py:190} INFO - [2025-10-07T01:00:20.825+0000] {dagbag.py:588} INFO - Filling up the DagBag from /opt/airflow/dags/fraud_detection_training_dag.py
[2025-10-07T01:00:20.846+0000] {processor.py:925} INFO - DAG(s) 'fraud_detection_training' retrieved from /opt/airflow/dags/fraud_detection_training_dag.py
[2025-10-07T01:00:20.893+0000] {logging_mixin.py:190} INFO - [2025-10-07T01:00:20.893+0000] {dag.py:3239} INFO - Sync 1 DAGs
[2025-10-07T01:00:20.920+0000] {logging_mixin.py:190} INFO - [2025-10-07T01:00:20.920+0000] {dag.py:4180} INFO - Setting next_dagrun for fraud_detection_training to 2025-10-05 03:00:00+00:00, run_after=2025-10-06 03:00:00+00:00
[2025-10-07T01:00:20.930+0000] {processor.py:208} INFO - Processing /opt/airflow/dags/fraud_detection_training_dag.py took 0.122 seconds
[2025-10-07T01:00:51.239+0000] {processor.py:186} INFO - Started process (PID=399) to work on /opt/airflow/dags/fraud_detection_training_dag.py
[2025-10-07T01:00:51.241+0000] {processor.py:914} INFO - Processing file /opt/airflow/dags/fraud_detection_training_dag.py for tasks to queue
[2025-10-07T01:00:51.242+0000] {logging_mixin.py:190} INFO - [2025-10-07T01:00:51.241+0000] {dagbag.py:588} INFO - Filling up the DagBag from /opt/airflow/dags/fraud_detection_training_dag.py
[2025-10-07T01:00:51.264+0000] {processor.py:925} INFO - DAG(s) 'fraud_detection_training' retrieved from /opt/airflow/dags/fraud_detection_training_dag.py
[2025-10-07T01:00:51.306+0000] {logging_mixin.py:190} INFO - [2025-10-07T01:00:51.305+0000] {dag.py:3239} INFO - Sync 1 DAGs
[2025-10-07T01:00:51.331+0000] {logging_mixin.py:190} INFO - [2025-10-07T01:00:51.331+0000] {dag.py:4180} INFO - Setting next_dagrun for fraud_detection_training to 2025-10-05 03:00:00+00:00, run_after=2025-10-06 03:00:00+00:00
[2025-10-07T01:00:51.342+0000] {processor.py:208} INFO - Processing /opt/airflow/dags/fraud_detection_training_dag.py took 0.114 seconds
[2025-10-07T01:01:21.649+0000] {processor.py:186} INFO - Started process (PID=406) to work on /opt/airflow/dags/fraud_detection_training_dag.py
[2025-10-07T01:01:21.651+0000] {processor.py:914} INFO - Processing file /opt/airflow/dags/fraud_detection_training_dag.py for tasks to queue
[2025-10-07T01:01:21.652+0000] {logging_mixin.py:190} INFO - [2025-10-07T01:01:21.651+0000] {dagbag.py:588} INFO - Filling up the DagBag from /opt/airflow/dags/fraud_detection_training_dag.py
[2025-10-07T01:01:21.670+0000] {processor.py:925} INFO - DAG(s) 'fraud_detection_training' retrieved from /opt/airflow/dags/fraud_detection_training_dag.py
[2025-10-07T01:01:21.707+0000] {logging_mixin.py:190} INFO - [2025-10-07T01:01:21.707+0000] {dag.py:3239} INFO - Sync 1 DAGs
[2025-10-07T01:01:21.739+0000] {logging_mixin.py:190} INFO - [2025-10-07T01:01:21.739+0000] {dag.py:4180} INFO - Setting next_dagrun for fraud_detection_training to 2025-10-05 03:00:00+00:00, run_after=2025-10-06 03:00:00+00:00
[2025-10-07T01:01:21.751+0000] {processor.py:208} INFO - Processing /opt/airflow/dags/fraud_detection_training_dag.py took 0.114 seconds
[2025-10-07T01:01:52.109+0000] {processor.py:186} INFO - Started process (PID=413) to work on /opt/airflow/dags/fraud_detection_training_dag.py
[2025-10-07T01:01:52.110+0000] {processor.py:914} INFO - Processing file /opt/airflow/dags/fraud_detection_training_dag.py for tasks to queue
[2025-10-07T01:01:52.111+0000] {logging_mixin.py:190} INFO - [2025-10-07T01:01:52.111+0000] {dagbag.py:588} INFO - Filling up the DagBag from /opt/airflow/dags/fraud_detection_training_dag.py
[2025-10-07T01:01:52.126+0000] {processor.py:925} INFO - DAG(s) 'fraud_detection_training' retrieved from /opt/airflow/dags/fraud_detection_training_dag.py
[2025-10-07T01:01:52.157+0000] {logging_mixin.py:190} INFO - [2025-10-07T01:01:52.157+0000] {dag.py:3239} INFO - Sync 1 DAGs
[2025-10-07T01:01:52.177+0000] {logging_mixin.py:190} INFO - [2025-10-07T01:01:52.177+0000] {dag.py:4180} INFO - Setting next_dagrun for fraud_detection_training to 2025-10-05 03:00:00+00:00, run_after=2025-10-06 03:00:00+00:00
[2025-10-07T01:01:52.187+0000] {processor.py:208} INFO - Processing /opt/airflow/dags/fraud_detection_training_dag.py took 0.087 seconds
[2025-10-07T01:02:22.567+0000] {processor.py:186} INFO - Started process (PID=420) to work on /opt/airflow/dags/fraud_detection_training_dag.py
[2025-10-07T01:02:22.568+0000] {processor.py:914} INFO - Processing file /opt/airflow/dags/fraud_detection_training_dag.py for tasks to queue
[2025-10-07T01:02:22.569+0000] {logging_mixin.py:190} INFO - [2025-10-07T01:02:22.569+0000] {dagbag.py:588} INFO - Filling up the DagBag from /opt/airflow/dags/fraud_detection_training_dag.py
[2025-10-07T01:02:22.588+0000] {processor.py:925} INFO - DAG(s) 'fraud_detection_training' retrieved from /opt/airflow/dags/fraud_detection_training_dag.py
[2025-10-07T01:02:22.631+0000] {logging_mixin.py:190} INFO - [2025-10-07T01:02:22.631+0000] {dag.py:3239} INFO - Sync 1 DAGs
[2025-10-07T01:02:22.659+0000] {logging_mixin.py:190} INFO - [2025-10-07T01:02:22.659+0000] {dag.py:4180} INFO - Setting next_dagrun for fraud_detection_training to 2025-10-05 03:00:00+00:00, run_after=2025-10-06 03:00:00+00:00
[2025-10-07T01:02:22.676+0000] {processor.py:208} INFO - Processing /opt/airflow/dags/fraud_detection_training_dag.py took 0.121 seconds
[2025-10-07T01:02:52.937+0000] {processor.py:186} INFO - Started process (PID=427) to work on /opt/airflow/dags/fraud_detection_training_dag.py
[2025-10-07T01:02:52.938+0000] {processor.py:914} INFO - Processing file /opt/airflow/dags/fraud_detection_training_dag.py for tasks to queue
[2025-10-07T01:02:52.940+0000] {logging_mixin.py:190} INFO - [2025-10-07T01:02:52.940+0000] {dagbag.py:588} INFO - Filling up the DagBag from /opt/airflow/dags/fraud_detection_training_dag.py
[2025-10-07T01:02:52.963+0000] {processor.py:925} INFO - DAG(s) 'fraud_detection_training' retrieved from /opt/airflow/dags/fraud_detection_training_dag.py
[2025-10-07T01:02:52.999+0000] {logging_mixin.py:190} INFO - [2025-10-07T01:02:52.998+0000] {dag.py:3239} INFO - Sync 1 DAGs
[2025-10-07T01:02:53.022+0000] {logging_mixin.py:190} INFO - [2025-10-07T01:02:53.022+0000] {dag.py:4180} INFO - Setting next_dagrun for fraud_detection_training to 2025-10-05 03:00:00+00:00, run_after=2025-10-06 03:00:00+00:00
[2025-10-07T01:02:53.033+0000] {processor.py:208} INFO - Processing /opt/airflow/dags/fraud_detection_training_dag.py took 0.104 seconds
[2025-10-07T01:03:23.316+0000] {processor.py:186} INFO - Started process (PID=434) to work on /opt/airflow/dags/fraud_detection_training_dag.py
[2025-10-07T01:03:23.318+0000] {processor.py:914} INFO - Processing file /opt/airflow/dags/fraud_detection_training_dag.py for tasks to queue
[2025-10-07T01:03:23.319+0000] {logging_mixin.py:190} INFO - [2025-10-07T01:03:23.319+0000] {dagbag.py:588} INFO - Filling up the DagBag from /opt/airflow/dags/fraud_detection_training_dag.py
[2025-10-07T01:03:23.342+0000] {processor.py:925} INFO - DAG(s) 'fraud_detection_training' retrieved from /opt/airflow/dags/fraud_detection_training_dag.py
[2025-10-07T01:03:23.369+0000] {logging_mixin.py:190} INFO - [2025-10-07T01:03:23.369+0000] {dag.py:3239} INFO - Sync 1 DAGs
[2025-10-07T01:03:23.394+0000] {logging_mixin.py:190} INFO - [2025-10-07T01:03:23.394+0000] {dag.py:4180} INFO - Setting next_dagrun for fraud_detection_training to 2025-10-05 03:00:00+00:00, run_after=2025-10-06 03:00:00+00:00
[2025-10-07T01:03:23.404+0000] {processor.py:208} INFO - Processing /opt/airflow/dags/fraud_detection_training_dag.py took 0.098 seconds
[2025-10-07T01:03:53.632+0000] {processor.py:186} INFO - Started process (PID=441) to work on /opt/airflow/dags/fraud_detection_training_dag.py
[2025-10-07T01:03:53.633+0000] {processor.py:914} INFO - Processing file /opt/airflow/dags/fraud_detection_training_dag.py for tasks to queue
[2025-10-07T01:03:53.635+0000] {logging_mixin.py:190} INFO - [2025-10-07T01:03:53.634+0000] {dagbag.py:588} INFO - Filling up the DagBag from /opt/airflow/dags/fraud_detection_training_dag.py
[2025-10-07T01:03:53.649+0000] {processor.py:925} INFO - DAG(s) 'fraud_detection_training' retrieved from /opt/airflow/dags/fraud_detection_training_dag.py
[2025-10-07T01:03:53.673+0000] {logging_mixin.py:190} INFO - [2025-10-07T01:03:53.673+0000] {dag.py:3239} INFO - Sync 1 DAGs
[2025-10-07T01:03:53.695+0000] {logging_mixin.py:190} INFO - [2025-10-07T01:03:53.695+0000] {dag.py:4180} INFO - Setting next_dagrun for fraud_detection_training to 2025-10-05 03:00:00+00:00, run_after=2025-10-06 03:00:00+00:00
[2025-10-07T01:03:53.705+0000] {processor.py:208} INFO - Processing /opt/airflow/dags/fraud_detection_training_dag.py took 0.080 seconds
[2025-10-07T01:04:23.999+0000] {processor.py:186} INFO - Started process (PID=448) to work on /opt/airflow/dags/fraud_detection_training_dag.py
[2025-10-07T01:04:24.001+0000] {processor.py:914} INFO - Processing file /opt/airflow/dags/fraud_detection_training_dag.py for tasks to queue
[2025-10-07T01:04:24.002+0000] {logging_mixin.py:190} INFO - [2025-10-07T01:04:24.002+0000] {dagbag.py:588} INFO - Filling up the DagBag from /opt/airflow/dags/fraud_detection_training_dag.py
[2025-10-07T01:04:24.018+0000] {processor.py:925} INFO - DAG(s) 'fraud_detection_training' retrieved from /opt/airflow/dags/fraud_detection_training_dag.py
[2025-10-07T01:04:24.041+0000] {logging_mixin.py:190} INFO - [2025-10-07T01:04:24.041+0000] {dag.py:3239} INFO - Sync 1 DAGs
[2025-10-07T01:04:24.060+0000] {logging_mixin.py:190} INFO - [2025-10-07T01:04:24.060+0000] {dag.py:4180} INFO - Setting next_dagrun for fraud_detection_training to 2025-10-05 03:00:00+00:00, run_after=2025-10-06 03:00:00+00:00
[2025-10-07T01:04:24.070+0000] {processor.py:208} INFO - Processing /opt/airflow/dags/fraud_detection_training_dag.py took 0.078 seconds
[2025-10-07T01:04:54.328+0000] {processor.py:186} INFO - Started process (PID=455) to work on /opt/airflow/dags/fraud_detection_training_dag.py
[2025-10-07T01:04:54.329+0000] {processor.py:914} INFO - Processing file /opt/airflow/dags/fraud_detection_training_dag.py for tasks to queue
[2025-10-07T01:04:54.330+0000] {logging_mixin.py:190} INFO - [2025-10-07T01:04:54.330+0000] {dagbag.py:588} INFO - Filling up the DagBag from /opt/airflow/dags/fraud_detection_training_dag.py
[2025-10-07T01:04:54.343+0000] {processor.py:925} INFO - DAG(s) 'fraud_detection_training' retrieved from /opt/airflow/dags/fraud_detection_training_dag.py
[2025-10-07T01:04:54.368+0000] {logging_mixin.py:190} INFO - [2025-10-07T01:04:54.368+0000] {dag.py:3239} INFO - Sync 1 DAGs
[2025-10-07T01:04:54.387+0000] {logging_mixin.py:190} INFO - [2025-10-07T01:04:54.386+0000] {dag.py:4180} INFO - Setting next_dagrun for fraud_detection_training to 2025-10-05 03:00:00+00:00, run_after=2025-10-06 03:00:00+00:00
[2025-10-07T01:04:54.396+0000] {processor.py:208} INFO - Processing /opt/airflow/dags/fraud_detection_training_dag.py took 0.080 seconds
[2025-10-07T01:05:24.785+0000] {processor.py:186} INFO - Started process (PID=462) to work on /opt/airflow/dags/fraud_detection_training_dag.py
[2025-10-07T01:05:24.787+0000] {processor.py:914} INFO - Processing file /opt/airflow/dags/fraud_detection_training_dag.py for tasks to queue
[2025-10-07T01:05:24.788+0000] {logging_mixin.py:190} INFO - [2025-10-07T01:05:24.788+0000] {dagbag.py:588} INFO - Filling up the DagBag from /opt/airflow/dags/fraud_detection_training_dag.py
[2025-10-07T01:05:24.807+0000] {processor.py:925} INFO - DAG(s) 'fraud_detection_training' retrieved from /opt/airflow/dags/fraud_detection_training_dag.py
[2025-10-07T01:05:24.830+0000] {logging_mixin.py:190} INFO - [2025-10-07T01:05:24.830+0000] {dag.py:3239} INFO - Sync 1 DAGs
[2025-10-07T01:05:24.853+0000] {logging_mixin.py:190} INFO - [2025-10-07T01:05:24.853+0000] {dag.py:4180} INFO - Setting next_dagrun for fraud_detection_training to 2025-10-05 03:00:00+00:00, run_after=2025-10-06 03:00:00+00:00
[2025-10-07T01:05:24.863+0000] {processor.py:208} INFO - Processing /opt/airflow/dags/fraud_detection_training_dag.py took 0.085 seconds
[2025-10-07T01:05:55.133+0000] {processor.py:186} INFO - Started process (PID=468) to work on /opt/airflow/dags/fraud_detection_training_dag.py
[2025-10-07T01:05:55.135+0000] {processor.py:914} INFO - Processing file /opt/airflow/dags/fraud_detection_training_dag.py for tasks to queue
[2025-10-07T01:05:55.137+0000] {logging_mixin.py:190} INFO - [2025-10-07T01:05:55.136+0000] {dagbag.py:588} INFO - Filling up the DagBag from /opt/airflow/dags/fraud_detection_training_dag.py
[2025-10-07T01:05:55.164+0000] {processor.py:925} INFO - DAG(s) 'fraud_detection_training' retrieved from /opt/airflow/dags/fraud_detection_training_dag.py
[2025-10-07T01:05:55.193+0000] {logging_mixin.py:190} INFO - [2025-10-07T01:05:55.193+0000] {dag.py:3239} INFO - Sync 1 DAGs
[2025-10-07T01:05:55.214+0000] {logging_mixin.py:190} INFO - [2025-10-07T01:05:55.214+0000] {dag.py:4180} INFO - Setting next_dagrun for fraud_detection_training to 2025-10-05 03:00:00+00:00, run_after=2025-10-06 03:00:00+00:00
[2025-10-07T01:05:55.224+0000] {processor.py:208} INFO - Processing /opt/airflow/dags/fraud_detection_training_dag.py took 0.097 seconds
[2025-10-07T01:06:25.534+0000] {processor.py:186} INFO - Started process (PID=475) to work on /opt/airflow/dags/fraud_detection_training_dag.py
[2025-10-07T01:06:25.535+0000] {processor.py:914} INFO - Processing file /opt/airflow/dags/fraud_detection_training_dag.py for tasks to queue
[2025-10-07T01:06:25.536+0000] {logging_mixin.py:190} INFO - [2025-10-07T01:06:25.536+0000] {dagbag.py:588} INFO - Filling up the DagBag from /opt/airflow/dags/fraud_detection_training_dag.py
[2025-10-07T01:06:25.560+0000] {processor.py:925} INFO - DAG(s) 'fraud_detection_training' retrieved from /opt/airflow/dags/fraud_detection_training_dag.py
[2025-10-07T01:06:25.591+0000] {logging_mixin.py:190} INFO - [2025-10-07T01:06:25.591+0000] {dag.py:3239} INFO - Sync 1 DAGs
[2025-10-07T01:06:25.615+0000] {logging_mixin.py:190} INFO - [2025-10-07T01:06:25.615+0000] {dag.py:4180} INFO - Setting next_dagrun for fraud_detection_training to 2025-10-05 03:00:00+00:00, run_after=2025-10-06 03:00:00+00:00
[2025-10-07T01:06:25.625+0000] {processor.py:208} INFO - Processing /opt/airflow/dags/fraud_detection_training_dag.py took 0.099 seconds
[2025-10-07T01:06:55.902+0000] {processor.py:186} INFO - Started process (PID=482) to work on /opt/airflow/dags/fraud_detection_training_dag.py
[2025-10-07T01:06:55.904+0000] {processor.py:914} INFO - Processing file /opt/airflow/dags/fraud_detection_training_dag.py for tasks to queue
[2025-10-07T01:06:55.905+0000] {logging_mixin.py:190} INFO - [2025-10-07T01:06:55.905+0000] {dagbag.py:588} INFO - Filling up the DagBag from /opt/airflow/dags/fraud_detection_training_dag.py
[2025-10-07T01:06:55.924+0000] {processor.py:925} INFO - DAG(s) 'fraud_detection_training' retrieved from /opt/airflow/dags/fraud_detection_training_dag.py
[2025-10-07T01:06:55.957+0000] {logging_mixin.py:190} INFO - [2025-10-07T01:06:55.957+0000] {dag.py:3239} INFO - Sync 1 DAGs
[2025-10-07T01:06:55.983+0000] {logging_mixin.py:190} INFO - [2025-10-07T01:06:55.983+0000] {dag.py:4180} INFO - Setting next_dagrun for fraud_detection_training to 2025-10-05 03:00:00+00:00, run_after=2025-10-06 03:00:00+00:00
[2025-10-07T01:06:55.993+0000] {processor.py:208} INFO - Processing /opt/airflow/dags/fraud_detection_training_dag.py took 0.104 seconds
[2025-10-07T01:07:26.351+0000] {processor.py:186} INFO - Started process (PID=489) to work on /opt/airflow/dags/fraud_detection_training_dag.py
[2025-10-07T01:07:26.352+0000] {processor.py:914} INFO - Processing file /opt/airflow/dags/fraud_detection_training_dag.py for tasks to queue
[2025-10-07T01:07:26.353+0000] {logging_mixin.py:190} INFO - [2025-10-07T01:07:26.353+0000] {dagbag.py:588} INFO - Filling up the DagBag from /opt/airflow/dags/fraud_detection_training_dag.py
[2025-10-07T01:07:26.370+0000] {processor.py:925} INFO - DAG(s) 'fraud_detection_training' retrieved from /opt/airflow/dags/fraud_detection_training_dag.py
[2025-10-07T01:07:26.397+0000] {logging_mixin.py:190} INFO - [2025-10-07T01:07:26.397+0000] {dag.py:3239} INFO - Sync 1 DAGs
[2025-10-07T01:07:26.418+0000] {logging_mixin.py:190} INFO - [2025-10-07T01:07:26.418+0000] {dag.py:4180} INFO - Setting next_dagrun for fraud_detection_training to 2025-10-05 03:00:00+00:00, run_after=2025-10-06 03:00:00+00:00
[2025-10-07T01:07:26.430+0000] {processor.py:208} INFO - Processing /opt/airflow/dags/fraud_detection_training_dag.py took 0.088 seconds
[2025-10-07T01:07:56.701+0000] {processor.py:186} INFO - Started process (PID=496) to work on /opt/airflow/dags/fraud_detection_training_dag.py
[2025-10-07T01:07:56.703+0000] {processor.py:914} INFO - Processing file /opt/airflow/dags/fraud_detection_training_dag.py for tasks to queue
[2025-10-07T01:07:56.704+0000] {logging_mixin.py:190} INFO - [2025-10-07T01:07:56.703+0000] {dagbag.py:588} INFO - Filling up the DagBag from /opt/airflow/dags/fraud_detection_training_dag.py
[2025-10-07T01:07:56.730+0000] {processor.py:925} INFO - DAG(s) 'fraud_detection_training' retrieved from /opt/airflow/dags/fraud_detection_training_dag.py
[2025-10-07T01:07:56.762+0000] {logging_mixin.py:190} INFO - [2025-10-07T01:07:56.762+0000] {dag.py:3239} INFO - Sync 1 DAGs
[2025-10-07T01:07:56.793+0000] {logging_mixin.py:190} INFO - [2025-10-07T01:07:56.793+0000] {dag.py:4180} INFO - Setting next_dagrun for fraud_detection_training to 2025-10-05 03:00:00+00:00, run_after=2025-10-06 03:00:00+00:00
[2025-10-07T01:07:56.804+0000] {processor.py:208} INFO - Processing /opt/airflow/dags/fraud_detection_training_dag.py took 0.111 seconds
[2025-10-07T01:08:27.114+0000] {processor.py:186} INFO - Started process (PID=503) to work on /opt/airflow/dags/fraud_detection_training_dag.py
[2025-10-07T01:08:27.115+0000] {processor.py:914} INFO - Processing file /opt/airflow/dags/fraud_detection_training_dag.py for tasks to queue
[2025-10-07T01:08:27.116+0000] {logging_mixin.py:190} INFO - [2025-10-07T01:08:27.116+0000] {dagbag.py:588} INFO - Filling up the DagBag from /opt/airflow/dags/fraud_detection_training_dag.py
[2025-10-07T01:08:27.141+0000] {processor.py:925} INFO - DAG(s) 'fraud_detection_training' retrieved from /opt/airflow/dags/fraud_detection_training_dag.py
[2025-10-07T01:08:27.174+0000] {logging_mixin.py:190} INFO - [2025-10-07T01:08:27.174+0000] {dag.py:3239} INFO - Sync 1 DAGs
[2025-10-07T01:08:27.199+0000] {logging_mixin.py:190} INFO - [2025-10-07T01:08:27.198+0000] {dag.py:4180} INFO - Setting next_dagrun for fraud_detection_training to 2025-10-05 03:00:00+00:00, run_after=2025-10-06 03:00:00+00:00
[2025-10-07T01:08:27.210+0000] {processor.py:208} INFO - Processing /opt/airflow/dags/fraud_detection_training_dag.py took 0.103 seconds
[2025-10-07T01:08:57.445+0000] {processor.py:186} INFO - Started process (PID=510) to work on /opt/airflow/dags/fraud_detection_training_dag.py
[2025-10-07T01:08:57.446+0000] {processor.py:914} INFO - Processing file /opt/airflow/dags/fraud_detection_training_dag.py for tasks to queue
[2025-10-07T01:08:57.448+0000] {logging_mixin.py:190} INFO - [2025-10-07T01:08:57.447+0000] {dagbag.py:588} INFO - Filling up the DagBag from /opt/airflow/dags/fraud_detection_training_dag.py
[2025-10-07T01:08:57.469+0000] {processor.py:925} INFO - DAG(s) 'fraud_detection_training' retrieved from /opt/airflow/dags/fraud_detection_training_dag.py
[2025-10-07T01:08:57.502+0000] {logging_mixin.py:190} INFO - [2025-10-07T01:08:57.502+0000] {dag.py:3239} INFO - Sync 1 DAGs
[2025-10-07T01:08:57.522+0000] {logging_mixin.py:190} INFO - [2025-10-07T01:08:57.522+0000] {dag.py:4180} INFO - Setting next_dagrun for fraud_detection_training to 2025-10-05 03:00:00+00:00, run_after=2025-10-06 03:00:00+00:00
[2025-10-07T01:08:57.533+0000] {processor.py:208} INFO - Processing /opt/airflow/dags/fraud_detection_training_dag.py took 0.098 seconds
[2025-10-07T01:09:27.817+0000] {processor.py:186} INFO - Started process (PID=517) to work on /opt/airflow/dags/fraud_detection_training_dag.py
[2025-10-07T01:09:27.818+0000] {processor.py:914} INFO - Processing file /opt/airflow/dags/fraud_detection_training_dag.py for tasks to queue
[2025-10-07T01:09:27.822+0000] {logging_mixin.py:190} INFO - [2025-10-07T01:09:27.820+0000] {dagbag.py:588} INFO - Filling up the DagBag from /opt/airflow/dags/fraud_detection_training_dag.py
[2025-10-07T01:09:27.840+0000] {processor.py:925} INFO - DAG(s) 'fraud_detection_training' retrieved from /opt/airflow/dags/fraud_detection_training_dag.py
[2025-10-07T01:09:27.866+0000] {logging_mixin.py:190} INFO - [2025-10-07T01:09:27.866+0000] {dag.py:3239} INFO - Sync 1 DAGs
[2025-10-07T01:09:27.890+0000] {logging_mixin.py:190} INFO - [2025-10-07T01:09:27.890+0000] {dag.py:4180} INFO - Setting next_dagrun for fraud_detection_training to 2025-10-05 03:00:00+00:00, run_after=2025-10-06 03:00:00+00:00
[2025-10-07T01:09:27.900+0000] {processor.py:208} INFO - Processing /opt/airflow/dags/fraud_detection_training_dag.py took 0.091 seconds
[2025-10-07T01:09:58.243+0000] {processor.py:186} INFO - Started process (PID=524) to work on /opt/airflow/dags/fraud_detection_training_dag.py
[2025-10-07T01:09:58.244+0000] {processor.py:914} INFO - Processing file /opt/airflow/dags/fraud_detection_training_dag.py for tasks to queue
[2025-10-07T01:09:58.246+0000] {logging_mixin.py:190} INFO - [2025-10-07T01:09:58.245+0000] {dagbag.py:588} INFO - Filling up the DagBag from /opt/airflow/dags/fraud_detection_training_dag.py
[2025-10-07T01:09:58.264+0000] {processor.py:925} INFO - DAG(s) 'fraud_detection_training' retrieved from /opt/airflow/dags/fraud_detection_training_dag.py
[2025-10-07T01:09:58.292+0000] {logging_mixin.py:190} INFO - [2025-10-07T01:09:58.292+0000] {dag.py:3239} INFO - Sync 1 DAGs
[2025-10-07T01:09:58.312+0000] {logging_mixin.py:190} INFO - [2025-10-07T01:09:58.312+0000] {dag.py:4180} INFO - Setting next_dagrun for fraud_detection_training to 2025-10-05 03:00:00+00:00, run_after=2025-10-06 03:00:00+00:00
[2025-10-07T01:09:58.323+0000] {processor.py:208} INFO - Processing /opt/airflow/dags/fraud_detection_training_dag.py took 0.087 seconds
[2025-10-07T01:10:28.649+0000] {processor.py:186} INFO - Started process (PID=531) to work on /opt/airflow/dags/fraud_detection_training_dag.py
[2025-10-07T01:10:28.650+0000] {processor.py:914} INFO - Processing file /opt/airflow/dags/fraud_detection_training_dag.py for tasks to queue
[2025-10-07T01:10:28.652+0000] {logging_mixin.py:190} INFO - [2025-10-07T01:10:28.651+0000] {dagbag.py:588} INFO - Filling up the DagBag from /opt/airflow/dags/fraud_detection_training_dag.py
[2025-10-07T01:10:28.667+0000] {processor.py:925} INFO - DAG(s) 'fraud_detection_training' retrieved from /opt/airflow/dags/fraud_detection_training_dag.py
[2025-10-07T01:10:28.695+0000] {logging_mixin.py:190} INFO - [2025-10-07T01:10:28.695+0000] {dag.py:3239} INFO - Sync 1 DAGs
[2025-10-07T01:10:28.716+0000] {logging_mixin.py:190} INFO - [2025-10-07T01:10:28.716+0000] {dag.py:4180} INFO - Setting next_dagrun for fraud_detection_training to 2025-10-05 03:00:00+00:00, run_after=2025-10-06 03:00:00+00:00
[2025-10-07T01:10:28.727+0000] {processor.py:208} INFO - Processing /opt/airflow/dags/fraud_detection_training_dag.py took 0.085 seconds
[2025-10-07T01:10:59.047+0000] {processor.py:186} INFO - Started process (PID=538) to work on /opt/airflow/dags/fraud_detection_training_dag.py
[2025-10-07T01:10:59.048+0000] {processor.py:914} INFO - Processing file /opt/airflow/dags/fraud_detection_training_dag.py for tasks to queue
[2025-10-07T01:10:59.050+0000] {logging_mixin.py:190} INFO - [2025-10-07T01:10:59.049+0000] {dagbag.py:588} INFO - Filling up the DagBag from /opt/airflow/dags/fraud_detection_training_dag.py
[2025-10-07T01:10:59.071+0000] {processor.py:925} INFO - DAG(s) 'fraud_detection_training' retrieved from /opt/airflow/dags/fraud_detection_training_dag.py
[2025-10-07T01:10:59.134+0000] {logging_mixin.py:190} INFO - [2025-10-07T01:10:59.133+0000] {dag.py:3239} INFO - Sync 1 DAGs
[2025-10-07T01:10:59.177+0000] {logging_mixin.py:190} INFO - [2025-10-07T01:10:59.177+0000] {dag.py:4180} INFO - Setting next_dagrun for fraud_detection_training to 2025-10-05 03:00:00+00:00, run_after=2025-10-06 03:00:00+00:00
[2025-10-07T01:10:59.192+0000] {processor.py:208} INFO - Processing /opt/airflow/dags/fraud_detection_training_dag.py took 0.151 seconds
[2025-10-07T01:11:29.417+0000] {processor.py:186} INFO - Started process (PID=545) to work on /opt/airflow/dags/fraud_detection_training_dag.py
[2025-10-07T01:11:29.418+0000] {processor.py:914} INFO - Processing file /opt/airflow/dags/fraud_detection_training_dag.py for tasks to queue
[2025-10-07T01:11:29.419+0000] {logging_mixin.py:190} INFO - [2025-10-07T01:11:29.419+0000] {dagbag.py:588} INFO - Filling up the DagBag from /opt/airflow/dags/fraud_detection_training_dag.py
[2025-10-07T01:11:29.433+0000] {processor.py:925} INFO - DAG(s) 'fraud_detection_training' retrieved from /opt/airflow/dags/fraud_detection_training_dag.py
[2025-10-07T01:11:29.456+0000] {logging_mixin.py:190} INFO - [2025-10-07T01:11:29.456+0000] {dag.py:3239} INFO - Sync 1 DAGs
[2025-10-07T01:11:29.471+0000] {logging_mixin.py:190} INFO - [2025-10-07T01:11:29.471+0000] {dag.py:4180} INFO - Setting next_dagrun for fraud_detection_training to 2025-10-05 03:00:00+00:00, run_after=2025-10-06 03:00:00+00:00
[2025-10-07T01:11:29.480+0000] {processor.py:208} INFO - Processing /opt/airflow/dags/fraud_detection_training_dag.py took 0.069 seconds
[2025-10-07T01:11:59.859+0000] {processor.py:186} INFO - Started process (PID=552) to work on /opt/airflow/dags/fraud_detection_training_dag.py
[2025-10-07T01:11:59.860+0000] {processor.py:914} INFO - Processing file /opt/airflow/dags/fraud_detection_training_dag.py for tasks to queue
[2025-10-07T01:11:59.861+0000] {logging_mixin.py:190} INFO - [2025-10-07T01:11:59.861+0000] {dagbag.py:588} INFO - Filling up the DagBag from /opt/airflow/dags/fraud_detection_training_dag.py
[2025-10-07T01:11:59.880+0000] {processor.py:925} INFO - DAG(s) 'fraud_detection_training' retrieved from /opt/airflow/dags/fraud_detection_training_dag.py
[2025-10-07T01:11:59.904+0000] {logging_mixin.py:190} INFO - [2025-10-07T01:11:59.904+0000] {dag.py:3239} INFO - Sync 1 DAGs
[2025-10-07T01:11:59.923+0000] {logging_mixin.py:190} INFO - [2025-10-07T01:11:59.923+0000] {dag.py:4180} INFO - Setting next_dagrun for fraud_detection_training to 2025-10-05 03:00:00+00:00, run_after=2025-10-06 03:00:00+00:00
[2025-10-07T01:11:59.933+0000] {processor.py:208} INFO - Processing /opt/airflow/dags/fraud_detection_training_dag.py took 0.078 seconds
[2025-10-07T01:12:30.253+0000] {processor.py:186} INFO - Started process (PID=559) to work on /opt/airflow/dags/fraud_detection_training_dag.py
[2025-10-07T01:12:30.254+0000] {processor.py:914} INFO - Processing file /opt/airflow/dags/fraud_detection_training_dag.py for tasks to queue
[2025-10-07T01:12:30.256+0000] {logging_mixin.py:190} INFO - [2025-10-07T01:12:30.255+0000] {dagbag.py:588} INFO - Filling up the DagBag from /opt/airflow/dags/fraud_detection_training_dag.py
[2025-10-07T01:12:30.286+0000] {processor.py:925} INFO - DAG(s) 'fraud_detection_training' retrieved from /opt/airflow/dags/fraud_detection_training_dag.py
[2025-10-07T01:12:30.327+0000] {logging_mixin.py:190} INFO - [2025-10-07T01:12:30.326+0000] {dag.py:3239} INFO - Sync 1 DAGs
[2025-10-07T01:12:30.364+0000] {logging_mixin.py:190} INFO - [2025-10-07T01:12:30.364+0000] {dag.py:4180} INFO - Setting next_dagrun for fraud_detection_training to 2025-10-05 03:00:00+00:00, run_after=2025-10-06 03:00:00+00:00
[2025-10-07T01:12:30.378+0000] {processor.py:208} INFO - Processing /opt/airflow/dags/fraud_detection_training_dag.py took 0.139 seconds
[2025-10-07T01:13:00.738+0000] {processor.py:186} INFO - Started process (PID=566) to work on /opt/airflow/dags/fraud_detection_training_dag.py
[2025-10-07T01:13:00.743+0000] {processor.py:914} INFO - Processing file /opt/airflow/dags/fraud_detection_training_dag.py for tasks to queue
[2025-10-07T01:13:00.746+0000] {logging_mixin.py:190} INFO - [2025-10-07T01:13:00.745+0000] {dagbag.py:588} INFO - Filling up the DagBag from /opt/airflow/dags/fraud_detection_training_dag.py
[2025-10-07T01:13:00.768+0000] {processor.py:925} INFO - DAG(s) 'fraud_detection_training' retrieved from /opt/airflow/dags/fraud_detection_training_dag.py
[2025-10-07T01:13:00.810+0000] {logging_mixin.py:190} INFO - [2025-10-07T01:13:00.810+0000] {dag.py:3239} INFO - Sync 1 DAGs
[2025-10-07T01:13:00.837+0000] {logging_mixin.py:190} INFO - [2025-10-07T01:13:00.837+0000] {dag.py:4180} INFO - Setting next_dagrun for fraud_detection_training to 2025-10-05 03:00:00+00:00, run_after=2025-10-06 03:00:00+00:00
[2025-10-07T01:13:00.853+0000] {processor.py:208} INFO - Processing /opt/airflow/dags/fraud_detection_training_dag.py took 0.131 seconds
[2025-10-07T01:13:31.275+0000] {processor.py:186} INFO - Started process (PID=573) to work on /opt/airflow/dags/fraud_detection_training_dag.py
[2025-10-07T01:13:31.277+0000] {processor.py:914} INFO - Processing file /opt/airflow/dags/fraud_detection_training_dag.py for tasks to queue
[2025-10-07T01:13:31.278+0000] {logging_mixin.py:190} INFO - [2025-10-07T01:13:31.278+0000] {dagbag.py:588} INFO - Filling up the DagBag from /opt/airflow/dags/fraud_detection_training_dag.py
[2025-10-07T01:13:31.298+0000] {processor.py:925} INFO - DAG(s) 'fraud_detection_training' retrieved from /opt/airflow/dags/fraud_detection_training_dag.py
[2025-10-07T01:13:31.339+0000] {logging_mixin.py:190} INFO - [2025-10-07T01:13:31.339+0000] {dag.py:3239} INFO - Sync 1 DAGs
[2025-10-07T01:13:31.364+0000] {logging_mixin.py:190} INFO - [2025-10-07T01:13:31.364+0000] {dag.py:4180} INFO - Setting next_dagrun for fraud_detection_training to 2025-10-05 03:00:00+00:00, run_after=2025-10-06 03:00:00+00:00
[2025-10-07T01:13:31.376+0000] {processor.py:208} INFO - Processing /opt/airflow/dags/fraud_detection_training_dag.py took 0.114 seconds
[2025-10-07T01:14:01.655+0000] {processor.py:186} INFO - Started process (PID=580) to work on /opt/airflow/dags/fraud_detection_training_dag.py
[2025-10-07T01:14:01.657+0000] {processor.py:914} INFO - Processing file /opt/airflow/dags/fraud_detection_training_dag.py for tasks to queue
[2025-10-07T01:14:01.658+0000] {logging_mixin.py:190} INFO - [2025-10-07T01:14:01.657+0000] {dagbag.py:588} INFO - Filling up the DagBag from /opt/airflow/dags/fraud_detection_training_dag.py
[2025-10-07T01:14:01.672+0000] {processor.py:925} INFO - DAG(s) 'fraud_detection_training' retrieved from /opt/airflow/dags/fraud_detection_training_dag.py
[2025-10-07T01:14:01.695+0000] {logging_mixin.py:190} INFO - [2025-10-07T01:14:01.695+0000] {dag.py:3239} INFO - Sync 1 DAGs
[2025-10-07T01:14:01.713+0000] {logging_mixin.py:190} INFO - [2025-10-07T01:14:01.713+0000] {dag.py:4180} INFO - Setting next_dagrun for fraud_detection_training to 2025-10-05 03:00:00+00:00, run_after=2025-10-06 03:00:00+00:00
[2025-10-07T01:14:01.722+0000] {processor.py:208} INFO - Processing /opt/airflow/dags/fraud_detection_training_dag.py took 0.074 seconds
[2025-10-07T01:14:31.980+0000] {processor.py:186} INFO - Started process (PID=587) to work on /opt/airflow/dags/fraud_detection_training_dag.py
[2025-10-07T01:14:31.981+0000] {processor.py:914} INFO - Processing file /opt/airflow/dags/fraud_detection_training_dag.py for tasks to queue
[2025-10-07T01:14:31.982+0000] {logging_mixin.py:190} INFO - [2025-10-07T01:14:31.982+0000] {dagbag.py:588} INFO - Filling up the DagBag from /opt/airflow/dags/fraud_detection_training_dag.py
[2025-10-07T01:14:32.004+0000] {processor.py:925} INFO - DAG(s) 'fraud_detection_training' retrieved from /opt/airflow/dags/fraud_detection_training_dag.py
[2025-10-07T01:14:32.034+0000] {logging_mixin.py:190} INFO - [2025-10-07T01:14:32.034+0000] {dag.py:3239} INFO - Sync 1 DAGs
[2025-10-07T01:14:32.062+0000] {logging_mixin.py:190} INFO - [2025-10-07T01:14:32.062+0000] {dag.py:4180} INFO - Setting next_dagrun for fraud_detection_training to 2025-10-05 03:00:00+00:00, run_after=2025-10-06 03:00:00+00:00
[2025-10-07T01:14:32.077+0000] {processor.py:208} INFO - Processing /opt/airflow/dags/fraud_detection_training_dag.py took 0.103 seconds
[2025-10-07T01:15:02.329+0000] {processor.py:186} INFO - Started process (PID=594) to work on /opt/airflow/dags/fraud_detection_training_dag.py
[2025-10-07T01:15:02.330+0000] {processor.py:914} INFO - Processing file /opt/airflow/dags/fraud_detection_training_dag.py for tasks to queue
[2025-10-07T01:15:02.331+0000] {logging_mixin.py:190} INFO - [2025-10-07T01:15:02.331+0000] {dagbag.py:588} INFO - Filling up the DagBag from /opt/airflow/dags/fraud_detection_training_dag.py
[2025-10-07T01:15:02.345+0000] {processor.py:925} INFO - DAG(s) 'fraud_detection_training' retrieved from /opt/airflow/dags/fraud_detection_training_dag.py
[2025-10-07T01:15:02.370+0000] {logging_mixin.py:190} INFO - [2025-10-07T01:15:02.370+0000] {dag.py:3239} INFO - Sync 1 DAGs
[2025-10-07T01:15:02.391+0000] {logging_mixin.py:190} INFO - [2025-10-07T01:15:02.391+0000] {dag.py:4180} INFO - Setting next_dagrun for fraud_detection_training to 2025-10-05 03:00:00+00:00, run_after=2025-10-06 03:00:00+00:00
[2025-10-07T01:15:02.401+0000] {processor.py:208} INFO - Processing /opt/airflow/dags/fraud_detection_training_dag.py took 0.079 seconds
[2025-10-07T01:15:32.695+0000] {processor.py:186} INFO - Started process (PID=601) to work on /opt/airflow/dags/fraud_detection_training_dag.py
[2025-10-07T01:15:32.696+0000] {processor.py:914} INFO - Processing file /opt/airflow/dags/fraud_detection_training_dag.py for tasks to queue
[2025-10-07T01:15:32.697+0000] {logging_mixin.py:190} INFO - [2025-10-07T01:15:32.697+0000] {dagbag.py:588} INFO - Filling up the DagBag from /opt/airflow/dags/fraud_detection_training_dag.py
[2025-10-07T01:15:32.708+0000] {processor.py:925} INFO - DAG(s) 'fraud_detection_training' retrieved from /opt/airflow/dags/fraud_detection_training_dag.py
[2025-10-07T01:15:32.728+0000] {logging_mixin.py:190} INFO - [2025-10-07T01:15:32.728+0000] {dag.py:3239} INFO - Sync 1 DAGs
[2025-10-07T01:15:32.753+0000] {logging_mixin.py:190} INFO - [2025-10-07T01:15:32.752+0000] {dag.py:4180} INFO - Setting next_dagrun for fraud_detection_training to 2025-10-05 03:00:00+00:00, run_after=2025-10-06 03:00:00+00:00
[2025-10-07T01:15:32.766+0000] {processor.py:208} INFO - Processing /opt/airflow/dags/fraud_detection_training_dag.py took 0.076 seconds
[2025-10-07T01:16:03.156+0000] {processor.py:186} INFO - Started process (PID=608) to work on /opt/airflow/dags/fraud_detection_training_dag.py
[2025-10-07T01:16:03.157+0000] {processor.py:914} INFO - Processing file /opt/airflow/dags/fraud_detection_training_dag.py for tasks to queue
[2025-10-07T01:16:03.158+0000] {logging_mixin.py:190} INFO - [2025-10-07T01:16:03.158+0000] {dagbag.py:588} INFO - Filling up the DagBag from /opt/airflow/dags/fraud_detection_training_dag.py
[2025-10-07T01:16:03.172+0000] {processor.py:925} INFO - DAG(s) 'fraud_detection_training' retrieved from /opt/airflow/dags/fraud_detection_training_dag.py
[2025-10-07T01:16:03.199+0000] {logging_mixin.py:190} INFO - [2025-10-07T01:16:03.199+0000] {dag.py:3239} INFO - Sync 1 DAGs
[2025-10-07T01:16:03.221+0000] {logging_mixin.py:190} INFO - [2025-10-07T01:16:03.221+0000] {dag.py:4180} INFO - Setting next_dagrun for fraud_detection_training to 2025-10-05 03:00:00+00:00, run_after=2025-10-06 03:00:00+00:00
[2025-10-07T01:16:03.231+0000] {processor.py:208} INFO - Processing /opt/airflow/dags/fraud_detection_training_dag.py took 0.087 seconds
[2025-10-07T01:16:33.507+0000] {processor.py:186} INFO - Started process (PID=615) to work on /opt/airflow/dags/fraud_detection_training_dag.py
[2025-10-07T01:16:33.508+0000] {processor.py:914} INFO - Processing file /opt/airflow/dags/fraud_detection_training_dag.py for tasks to queue
[2025-10-07T01:16:33.509+0000] {logging_mixin.py:190} INFO - [2025-10-07T01:16:33.509+0000] {dagbag.py:588} INFO - Filling up the DagBag from /opt/airflow/dags/fraud_detection_training_dag.py
[2025-10-07T01:16:33.521+0000] {processor.py:925} INFO - DAG(s) 'fraud_detection_training' retrieved from /opt/airflow/dags/fraud_detection_training_dag.py
[2025-10-07T01:16:33.546+0000] {logging_mixin.py:190} INFO - [2025-10-07T01:16:33.546+0000] {dag.py:3239} INFO - Sync 1 DAGs
[2025-10-07T01:16:33.565+0000] {logging_mixin.py:190} INFO - [2025-10-07T01:16:33.564+0000] {dag.py:4180} INFO - Setting next_dagrun for fraud_detection_training to 2025-10-05 03:00:00+00:00, run_after=2025-10-06 03:00:00+00:00
[2025-10-07T01:16:33.576+0000] {processor.py:208} INFO - Processing /opt/airflow/dags/fraud_detection_training_dag.py took 0.075 seconds
[2025-10-07T01:17:03.883+0000] {processor.py:186} INFO - Started process (PID=621) to work on /opt/airflow/dags/fraud_detection_training_dag.py
[2025-10-07T01:17:03.884+0000] {processor.py:914} INFO - Processing file /opt/airflow/dags/fraud_detection_training_dag.py for tasks to queue
[2025-10-07T01:17:03.885+0000] {logging_mixin.py:190} INFO - [2025-10-07T01:17:03.885+0000] {dagbag.py:588} INFO - Filling up the DagBag from /opt/airflow/dags/fraud_detection_training_dag.py
[2025-10-07T01:17:03.897+0000] {processor.py:925} INFO - DAG(s) 'fraud_detection_training' retrieved from /opt/airflow/dags/fraud_detection_training_dag.py
[2025-10-07T01:17:03.920+0000] {logging_mixin.py:190} INFO - [2025-10-07T01:17:03.920+0000] {dag.py:3239} INFO - Sync 1 DAGs
[2025-10-07T01:17:03.939+0000] {logging_mixin.py:190} INFO - [2025-10-07T01:17:03.939+0000] {dag.py:4180} INFO - Setting next_dagrun for fraud_detection_training to 2025-10-05 03:00:00+00:00, run_after=2025-10-06 03:00:00+00:00
[2025-10-07T01:17:03.955+0000] {processor.py:208} INFO - Processing /opt/airflow/dags/fraud_detection_training_dag.py took 0.076 seconds
[2025-10-07T01:17:34.300+0000] {processor.py:186} INFO - Started process (PID=628) to work on /opt/airflow/dags/fraud_detection_training_dag.py
[2025-10-07T01:17:34.302+0000] {processor.py:914} INFO - Processing file /opt/airflow/dags/fraud_detection_training_dag.py for tasks to queue
[2025-10-07T01:17:34.304+0000] {logging_mixin.py:190} INFO - [2025-10-07T01:17:34.304+0000] {dagbag.py:588} INFO - Filling up the DagBag from /opt/airflow/dags/fraud_detection_training_dag.py
[2025-10-07T01:17:34.332+0000] {processor.py:925} INFO - DAG(s) 'fraud_detection_training' retrieved from /opt/airflow/dags/fraud_detection_training_dag.py
[2025-10-07T01:17:34.375+0000] {logging_mixin.py:190} INFO - [2025-10-07T01:17:34.375+0000] {dag.py:3239} INFO - Sync 1 DAGs
[2025-10-07T01:17:34.400+0000] {logging_mixin.py:190} INFO - [2025-10-07T01:17:34.400+0000] {dag.py:4180} INFO - Setting next_dagrun for fraud_detection_training to 2025-10-05 03:00:00+00:00, run_after=2025-10-06 03:00:00+00:00
[2025-10-07T01:17:34.419+0000] {processor.py:208} INFO - Processing /opt/airflow/dags/fraud_detection_training_dag.py took 0.132 seconds
[2025-10-07T01:18:04.667+0000] {processor.py:186} INFO - Started process (PID=635) to work on /opt/airflow/dags/fraud_detection_training_dag.py
[2025-10-07T01:18:04.668+0000] {processor.py:914} INFO - Processing file /opt/airflow/dags/fraud_detection_training_dag.py for tasks to queue
[2025-10-07T01:18:04.670+0000] {logging_mixin.py:190} INFO - [2025-10-07T01:18:04.669+0000] {dagbag.py:588} INFO - Filling up the DagBag from /opt/airflow/dags/fraud_detection_training_dag.py
[2025-10-07T01:18:04.694+0000] {processor.py:925} INFO - DAG(s) 'fraud_detection_training' retrieved from /opt/airflow/dags/fraud_detection_training_dag.py
[2025-10-07T01:18:04.733+0000] {logging_mixin.py:190} INFO - [2025-10-07T01:18:04.733+0000] {dag.py:3239} INFO - Sync 1 DAGs
[2025-10-07T01:18:04.759+0000] {logging_mixin.py:190} INFO - [2025-10-07T01:18:04.758+0000] {dag.py:4180} INFO - Setting next_dagrun for fraud_detection_training to 2025-10-05 03:00:00+00:00, run_after=2025-10-06 03:00:00+00:00
[2025-10-07T01:18:04.770+0000] {processor.py:208} INFO - Processing /opt/airflow/dags/fraud_detection_training_dag.py took 0.113 seconds
[2025-10-07T01:18:35.105+0000] {processor.py:186} INFO - Started process (PID=642) to work on /opt/airflow/dags/fraud_detection_training_dag.py
[2025-10-07T01:18:35.106+0000] {processor.py:914} INFO - Processing file /opt/airflow/dags/fraud_detection_training_dag.py for tasks to queue
[2025-10-07T01:18:35.108+0000] {logging_mixin.py:190} INFO - [2025-10-07T01:18:35.107+0000] {dagbag.py:588} INFO - Filling up the DagBag from /opt/airflow/dags/fraud_detection_training_dag.py
[2025-10-07T01:18:35.135+0000] {processor.py:925} INFO - DAG(s) 'fraud_detection_training' retrieved from /opt/airflow/dags/fraud_detection_training_dag.py
[2025-10-07T01:18:35.172+0000] {logging_mixin.py:190} INFO - [2025-10-07T01:18:35.171+0000] {dag.py:3239} INFO - Sync 1 DAGs
[2025-10-07T01:18:35.199+0000] {logging_mixin.py:190} INFO - [2025-10-07T01:18:35.199+0000] {dag.py:4180} INFO - Setting next_dagrun for fraud_detection_training to 2025-10-05 03:00:00+00:00, run_after=2025-10-06 03:00:00+00:00
[2025-10-07T01:18:35.223+0000] {processor.py:208} INFO - Processing /opt/airflow/dags/fraud_detection_training_dag.py took 0.132 seconds
[2025-10-07T01:19:05.515+0000] {processor.py:186} INFO - Started process (PID=649) to work on /opt/airflow/dags/fraud_detection_training_dag.py
[2025-10-07T01:19:05.516+0000] {processor.py:914} INFO - Processing file /opt/airflow/dags/fraud_detection_training_dag.py for tasks to queue
[2025-10-07T01:19:05.518+0000] {logging_mixin.py:190} INFO - [2025-10-07T01:19:05.518+0000] {dagbag.py:588} INFO - Filling up the DagBag from /opt/airflow/dags/fraud_detection_training_dag.py
[2025-10-07T01:19:05.536+0000] {processor.py:925} INFO - DAG(s) 'fraud_detection_training' retrieved from /opt/airflow/dags/fraud_detection_training_dag.py
[2025-10-07T01:19:05.563+0000] {logging_mixin.py:190} INFO - [2025-10-07T01:19:05.562+0000] {dag.py:3239} INFO - Sync 1 DAGs
[2025-10-07T01:19:05.583+0000] {logging_mixin.py:190} INFO - [2025-10-07T01:19:05.583+0000] {dag.py:4180} INFO - Setting next_dagrun for fraud_detection_training to 2025-10-05 03:00:00+00:00, run_after=2025-10-06 03:00:00+00:00
[2025-10-07T01:19:05.594+0000] {processor.py:208} INFO - Processing /opt/airflow/dags/fraud_detection_training_dag.py took 0.088 seconds
[2025-10-07T01:19:35.876+0000] {processor.py:186} INFO - Started process (PID=656) to work on /opt/airflow/dags/fraud_detection_training_dag.py
[2025-10-07T01:19:35.878+0000] {processor.py:914} INFO - Processing file /opt/airflow/dags/fraud_detection_training_dag.py for tasks to queue
[2025-10-07T01:19:35.879+0000] {logging_mixin.py:190} INFO - [2025-10-07T01:19:35.878+0000] {dagbag.py:588} INFO - Filling up the DagBag from /opt/airflow/dags/fraud_detection_training_dag.py
[2025-10-07T01:19:35.899+0000] {processor.py:925} INFO - DAG(s) 'fraud_detection_training' retrieved from /opt/airflow/dags/fraud_detection_training_dag.py
[2025-10-07T01:19:35.965+0000] {logging_mixin.py:190} INFO - [2025-10-07T01:19:35.965+0000] {dag.py:3239} INFO - Sync 1 DAGs
[2025-10-07T01:19:35.994+0000] {logging_mixin.py:190} INFO - [2025-10-07T01:19:35.993+0000] {dag.py:4180} INFO - Setting next_dagrun for fraud_detection_training to 2025-10-05 03:00:00+00:00, run_after=2025-10-06 03:00:00+00:00
[2025-10-07T01:19:36.006+0000] {processor.py:208} INFO - Processing /opt/airflow/dags/fraud_detection_training_dag.py took 0.143 seconds
[2025-10-07T01:20:06.246+0000] {processor.py:186} INFO - Started process (PID=663) to work on /opt/airflow/dags/fraud_detection_training_dag.py
[2025-10-07T01:20:06.249+0000] {processor.py:914} INFO - Processing file /opt/airflow/dags/fraud_detection_training_dag.py for tasks to queue
[2025-10-07T01:20:06.255+0000] {logging_mixin.py:190} INFO - [2025-10-07T01:20:06.254+0000] {dagbag.py:588} INFO - Filling up the DagBag from /opt/airflow/dags/fraud_detection_training_dag.py
[2025-10-07T01:20:06.281+0000] {processor.py:925} INFO - DAG(s) 'fraud_detection_training' retrieved from /opt/airflow/dags/fraud_detection_training_dag.py
[2025-10-07T01:20:06.306+0000] {logging_mixin.py:190} INFO - [2025-10-07T01:20:06.306+0000] {dag.py:3239} INFO - Sync 1 DAGs
[2025-10-07T01:20:06.329+0000] {logging_mixin.py:190} INFO - [2025-10-07T01:20:06.329+0000] {dag.py:4180} INFO - Setting next_dagrun for fraud_detection_training to 2025-10-05 03:00:00+00:00, run_after=2025-10-06 03:00:00+00:00
[2025-10-07T01:20:06.341+0000] {processor.py:208} INFO - Processing /opt/airflow/dags/fraud_detection_training_dag.py took 0.109 seconds
[2025-10-07T01:20:36.548+0000] {processor.py:186} INFO - Started process (PID=676) to work on /opt/airflow/dags/fraud_detection_training_dag.py
[2025-10-07T01:20:36.549+0000] {processor.py:914} INFO - Processing file /opt/airflow/dags/fraud_detection_training_dag.py for tasks to queue
[2025-10-07T01:20:36.550+0000] {logging_mixin.py:190} INFO - [2025-10-07T01:20:36.550+0000] {dagbag.py:588} INFO - Filling up the DagBag from /opt/airflow/dags/fraud_detection_training_dag.py
[2025-10-07T01:20:36.568+0000] {processor.py:925} INFO - DAG(s) 'fraud_detection_training' retrieved from /opt/airflow/dags/fraud_detection_training_dag.py
[2025-10-07T01:20:36.597+0000] {logging_mixin.py:190} INFO - [2025-10-07T01:20:36.597+0000] {dag.py:3239} INFO - Sync 1 DAGs
[2025-10-07T01:20:36.620+0000] {logging_mixin.py:190} INFO - [2025-10-07T01:20:36.620+0000] {dag.py:4180} INFO - Setting next_dagrun for fraud_detection_training to 2025-10-05 03:00:00+00:00, run_after=2025-10-06 03:00:00+00:00
[2025-10-07T01:20:36.631+0000] {processor.py:208} INFO - Processing /opt/airflow/dags/fraud_detection_training_dag.py took 0.090 seconds
[2025-10-07T01:21:06.969+0000] {processor.py:186} INFO - Started process (PID=683) to work on /opt/airflow/dags/fraud_detection_training_dag.py
[2025-10-07T01:21:06.970+0000] {processor.py:914} INFO - Processing file /opt/airflow/dags/fraud_detection_training_dag.py for tasks to queue
[2025-10-07T01:21:06.971+0000] {logging_mixin.py:190} INFO - [2025-10-07T01:21:06.971+0000] {dagbag.py:588} INFO - Filling up the DagBag from /opt/airflow/dags/fraud_detection_training_dag.py
[2025-10-07T01:21:06.993+0000] {processor.py:925} INFO - DAG(s) 'fraud_detection_training' retrieved from /opt/airflow/dags/fraud_detection_training_dag.py
[2025-10-07T01:21:07.024+0000] {logging_mixin.py:190} INFO - [2025-10-07T01:21:07.023+0000] {dag.py:3239} INFO - Sync 1 DAGs
[2025-10-07T01:21:07.050+0000] {logging_mixin.py:190} INFO - [2025-10-07T01:21:07.050+0000] {dag.py:4180} INFO - Setting next_dagrun for fraud_detection_training to 2025-10-05 03:00:00+00:00, run_after=2025-10-06 03:00:00+00:00
[2025-10-07T01:21:07.060+0000] {processor.py:208} INFO - Processing /opt/airflow/dags/fraud_detection_training_dag.py took 0.102 seconds
[2025-10-07T01:21:37.379+0000] {processor.py:186} INFO - Started process (PID=690) to work on /opt/airflow/dags/fraud_detection_training_dag.py
[2025-10-07T01:21:37.380+0000] {processor.py:914} INFO - Processing file /opt/airflow/dags/fraud_detection_training_dag.py for tasks to queue
[2025-10-07T01:21:37.382+0000] {logging_mixin.py:190} INFO - [2025-10-07T01:21:37.381+0000] {dagbag.py:588} INFO - Filling up the DagBag from /opt/airflow/dags/fraud_detection_training_dag.py
[2025-10-07T01:21:37.401+0000] {processor.py:925} INFO - DAG(s) 'fraud_detection_training' retrieved from /opt/airflow/dags/fraud_detection_training_dag.py
[2025-10-07T01:21:37.439+0000] {logging_mixin.py:190} INFO - [2025-10-07T01:21:37.439+0000] {dag.py:3239} INFO - Sync 1 DAGs
[2025-10-07T01:21:37.461+0000] {logging_mixin.py:190} INFO - [2025-10-07T01:21:37.460+0000] {dag.py:4180} INFO - Setting next_dagrun for fraud_detection_training to 2025-10-05 03:00:00+00:00, run_after=2025-10-06 03:00:00+00:00
[2025-10-07T01:21:37.474+0000] {processor.py:208} INFO - Processing /opt/airflow/dags/fraud_detection_training_dag.py took 0.108 seconds
[2025-10-07T01:22:07.824+0000] {processor.py:186} INFO - Started process (PID=697) to work on /opt/airflow/dags/fraud_detection_training_dag.py
[2025-10-07T01:22:07.826+0000] {processor.py:914} INFO - Processing file /opt/airflow/dags/fraud_detection_training_dag.py for tasks to queue
[2025-10-07T01:22:07.827+0000] {logging_mixin.py:190} INFO - [2025-10-07T01:22:07.827+0000] {dagbag.py:588} INFO - Filling up the DagBag from /opt/airflow/dags/fraud_detection_training_dag.py
[2025-10-07T01:22:07.843+0000] {processor.py:925} INFO - DAG(s) 'fraud_detection_training' retrieved from /opt/airflow/dags/fraud_detection_training_dag.py
[2025-10-07T01:22:07.882+0000] {logging_mixin.py:190} INFO - [2025-10-07T01:22:07.882+0000] {dag.py:3239} INFO - Sync 1 DAGs
[2025-10-07T01:22:07.927+0000] {logging_mixin.py:190} INFO - [2025-10-07T01:22:07.927+0000] {dag.py:4180} INFO - Setting next_dagrun for fraud_detection_training to 2025-10-05 03:00:00+00:00, run_after=2025-10-06 03:00:00+00:00
[2025-10-07T01:22:07.940+0000] {processor.py:208} INFO - Processing /opt/airflow/dags/fraud_detection_training_dag.py took 0.123 seconds
[2025-10-07T01:22:38.152+0000] {processor.py:186} INFO - Started process (PID=704) to work on /opt/airflow/dags/fraud_detection_training_dag.py
[2025-10-07T01:22:38.154+0000] {processor.py:914} INFO - Processing file /opt/airflow/dags/fraud_detection_training_dag.py for tasks to queue
[2025-10-07T01:22:38.155+0000] {logging_mixin.py:190} INFO - [2025-10-07T01:22:38.155+0000] {dagbag.py:588} INFO - Filling up the DagBag from /opt/airflow/dags/fraud_detection_training_dag.py
[2025-10-07T01:22:38.178+0000] {processor.py:925} INFO - DAG(s) 'fraud_detection_training' retrieved from /opt/airflow/dags/fraud_detection_training_dag.py
[2025-10-07T01:22:38.214+0000] {logging_mixin.py:190} INFO - [2025-10-07T01:22:38.214+0000] {dag.py:3239} INFO - Sync 1 DAGs
[2025-10-07T01:22:38.238+0000] {logging_mixin.py:190} INFO - [2025-10-07T01:22:38.238+0000] {dag.py:4180} INFO - Setting next_dagrun for fraud_detection_training to 2025-10-05 03:00:00+00:00, run_after=2025-10-06 03:00:00+00:00
[2025-10-07T01:22:38.248+0000] {processor.py:208} INFO - Processing /opt/airflow/dags/fraud_detection_training_dag.py took 0.110 seconds
[2025-10-07T01:23:08.604+0000] {processor.py:186} INFO - Started process (PID=711) to work on /opt/airflow/dags/fraud_detection_training_dag.py
[2025-10-07T01:23:08.606+0000] {processor.py:914} INFO - Processing file /opt/airflow/dags/fraud_detection_training_dag.py for tasks to queue
[2025-10-07T01:23:08.608+0000] {logging_mixin.py:190} INFO - [2025-10-07T01:23:08.607+0000] {dagbag.py:588} INFO - Filling up the DagBag from /opt/airflow/dags/fraud_detection_training_dag.py
[2025-10-07T01:23:08.629+0000] {processor.py:925} INFO - DAG(s) 'fraud_detection_training' retrieved from /opt/airflow/dags/fraud_detection_training_dag.py
[2025-10-07T01:23:08.669+0000] {logging_mixin.py:190} INFO - [2025-10-07T01:23:08.669+0000] {dag.py:3239} INFO - Sync 1 DAGs
[2025-10-07T01:23:08.691+0000] {logging_mixin.py:190} INFO - [2025-10-07T01:23:08.691+0000] {dag.py:4180} INFO - Setting next_dagrun for fraud_detection_training to 2025-10-05 03:00:00+00:00, run_after=2025-10-06 03:00:00+00:00
[2025-10-07T01:23:08.701+0000] {processor.py:208} INFO - Processing /opt/airflow/dags/fraud_detection_training_dag.py took 0.107 seconds
[2025-10-07T01:23:38.981+0000] {processor.py:186} INFO - Started process (PID=718) to work on /opt/airflow/dags/fraud_detection_training_dag.py
[2025-10-07T01:23:38.982+0000] {processor.py:914} INFO - Processing file /opt/airflow/dags/fraud_detection_training_dag.py for tasks to queue
[2025-10-07T01:23:38.983+0000] {logging_mixin.py:190} INFO - [2025-10-07T01:23:38.983+0000] {dagbag.py:588} INFO - Filling up the DagBag from /opt/airflow/dags/fraud_detection_training_dag.py
[2025-10-07T01:23:39.003+0000] {processor.py:925} INFO - DAG(s) 'fraud_detection_training' retrieved from /opt/airflow/dags/fraud_detection_training_dag.py
[2025-10-07T01:23:39.039+0000] {logging_mixin.py:190} INFO - [2025-10-07T01:23:39.039+0000] {dag.py:3239} INFO - Sync 1 DAGs
[2025-10-07T01:23:39.063+0000] {logging_mixin.py:190} INFO - [2025-10-07T01:23:39.062+0000] {dag.py:4180} INFO - Setting next_dagrun for fraud_detection_training to 2025-10-05 03:00:00+00:00, run_after=2025-10-06 03:00:00+00:00
[2025-10-07T01:23:39.073+0000] {processor.py:208} INFO - Processing /opt/airflow/dags/fraud_detection_training_dag.py took 0.100 seconds
[2025-10-07T01:24:09.331+0000] {processor.py:186} INFO - Started process (PID=725) to work on /opt/airflow/dags/fraud_detection_training_dag.py
[2025-10-07T01:24:09.332+0000] {processor.py:914} INFO - Processing file /opt/airflow/dags/fraud_detection_training_dag.py for tasks to queue
[2025-10-07T01:24:09.333+0000] {logging_mixin.py:190} INFO - [2025-10-07T01:24:09.333+0000] {dagbag.py:588} INFO - Filling up the DagBag from /opt/airflow/dags/fraud_detection_training_dag.py
[2025-10-07T01:24:09.349+0000] {processor.py:925} INFO - DAG(s) 'fraud_detection_training' retrieved from /opt/airflow/dags/fraud_detection_training_dag.py
[2025-10-07T01:24:09.375+0000] {logging_mixin.py:190} INFO - [2025-10-07T01:24:09.375+0000] {dag.py:3239} INFO - Sync 1 DAGs
[2025-10-07T01:24:09.394+0000] {logging_mixin.py:190} INFO - [2025-10-07T01:24:09.394+0000] {dag.py:4180} INFO - Setting next_dagrun for fraud_detection_training to 2025-10-05 03:00:00+00:00, run_after=2025-10-06 03:00:00+00:00
[2025-10-07T01:24:09.404+0000] {processor.py:208} INFO - Processing /opt/airflow/dags/fraud_detection_training_dag.py took 0.079 seconds
[2025-10-07T01:24:39.723+0000] {processor.py:186} INFO - Started process (PID=732) to work on /opt/airflow/dags/fraud_detection_training_dag.py
[2025-10-07T01:24:39.724+0000] {processor.py:914} INFO - Processing file /opt/airflow/dags/fraud_detection_training_dag.py for tasks to queue
[2025-10-07T01:24:39.725+0000] {logging_mixin.py:190} INFO - [2025-10-07T01:24:39.725+0000] {dagbag.py:588} INFO - Filling up the DagBag from /opt/airflow/dags/fraud_detection_training_dag.py
[2025-10-07T01:24:39.743+0000] {processor.py:925} INFO - DAG(s) 'fraud_detection_training' retrieved from /opt/airflow/dags/fraud_detection_training_dag.py
[2025-10-07T01:24:39.776+0000] {logging_mixin.py:190} INFO - [2025-10-07T01:24:39.775+0000] {dag.py:3239} INFO - Sync 1 DAGs
[2025-10-07T01:24:39.802+0000] {logging_mixin.py:190} INFO - [2025-10-07T01:24:39.802+0000] {dag.py:4180} INFO - Setting next_dagrun for fraud_detection_training to 2025-10-05 03:00:00+00:00, run_after=2025-10-06 03:00:00+00:00
[2025-10-07T01:24:39.819+0000] {processor.py:208} INFO - Processing /opt/airflow/dags/fraud_detection_training_dag.py took 0.103 seconds
[2025-10-07T01:25:10.127+0000] {processor.py:186} INFO - Started process (PID=739) to work on /opt/airflow/dags/fraud_detection_training_dag.py
[2025-10-07T01:25:10.128+0000] {processor.py:914} INFO - Processing file /opt/airflow/dags/fraud_detection_training_dag.py for tasks to queue
[2025-10-07T01:25:10.129+0000] {logging_mixin.py:190} INFO - [2025-10-07T01:25:10.128+0000] {dagbag.py:588} INFO - Filling up the DagBag from /opt/airflow/dags/fraud_detection_training_dag.py
[2025-10-07T01:25:10.140+0000] {processor.py:925} INFO - DAG(s) 'fraud_detection_training' retrieved from /opt/airflow/dags/fraud_detection_training_dag.py
[2025-10-07T01:25:10.161+0000] {logging_mixin.py:190} INFO - [2025-10-07T01:25:10.161+0000] {dag.py:3239} INFO - Sync 1 DAGs
[2025-10-07T01:25:10.176+0000] {logging_mixin.py:190} INFO - [2025-10-07T01:25:10.176+0000] {dag.py:4180} INFO - Setting next_dagrun for fraud_detection_training to 2025-10-05 03:00:00+00:00, run_after=2025-10-06 03:00:00+00:00
[2025-10-07T01:25:10.184+0000] {processor.py:208} INFO - Processing /opt/airflow/dags/fraud_detection_training_dag.py took 0.062 seconds
[2025-10-07T01:25:40.473+0000] {processor.py:186} INFO - Started process (PID=746) to work on /opt/airflow/dags/fraud_detection_training_dag.py
[2025-10-07T01:25:40.474+0000] {processor.py:914} INFO - Processing file /opt/airflow/dags/fraud_detection_training_dag.py for tasks to queue
[2025-10-07T01:25:40.475+0000] {logging_mixin.py:190} INFO - [2025-10-07T01:25:40.475+0000] {dagbag.py:588} INFO - Filling up the DagBag from /opt/airflow/dags/fraud_detection_training_dag.py
[2025-10-07T01:25:40.495+0000] {processor.py:925} INFO - DAG(s) 'fraud_detection_training' retrieved from /opt/airflow/dags/fraud_detection_training_dag.py
[2025-10-07T01:25:40.529+0000] {logging_mixin.py:190} INFO - [2025-10-07T01:25:40.528+0000] {dag.py:3239} INFO - Sync 1 DAGs
[2025-10-07T01:25:40.552+0000] {logging_mixin.py:190} INFO - [2025-10-07T01:25:40.552+0000] {dag.py:4180} INFO - Setting next_dagrun for fraud_detection_training to 2025-10-05 03:00:00+00:00, run_after=2025-10-06 03:00:00+00:00
[2025-10-07T01:25:40.565+0000] {processor.py:208} INFO - Processing /opt/airflow/dags/fraud_detection_training_dag.py took 0.105 seconds
[2025-10-07T01:26:10.839+0000] {processor.py:186} INFO - Started process (PID=753) to work on /opt/airflow/dags/fraud_detection_training_dag.py
[2025-10-07T01:26:10.841+0000] {processor.py:914} INFO - Processing file /opt/airflow/dags/fraud_detection_training_dag.py for tasks to queue
[2025-10-07T01:26:10.842+0000] {logging_mixin.py:190} INFO - [2025-10-07T01:26:10.842+0000] {dagbag.py:588} INFO - Filling up the DagBag from /opt/airflow/dags/fraud_detection_training_dag.py
[2025-10-07T01:26:10.862+0000] {processor.py:925} INFO - DAG(s) 'fraud_detection_training' retrieved from /opt/airflow/dags/fraud_detection_training_dag.py
[2025-10-07T01:26:10.899+0000] {logging_mixin.py:190} INFO - [2025-10-07T01:26:10.899+0000] {dag.py:3239} INFO - Sync 1 DAGs
[2025-10-07T01:26:10.920+0000] {logging_mixin.py:190} INFO - [2025-10-07T01:26:10.920+0000] {dag.py:4180} INFO - Setting next_dagrun for fraud_detection_training to 2025-10-05 03:00:00+00:00, run_after=2025-10-06 03:00:00+00:00
[2025-10-07T01:26:10.934+0000] {processor.py:208} INFO - Processing /opt/airflow/dags/fraud_detection_training_dag.py took 0.101 seconds
[2025-10-07T01:26:41.335+0000] {processor.py:186} INFO - Started process (PID=760) to work on /opt/airflow/dags/fraud_detection_training_dag.py
[2025-10-07T01:26:41.336+0000] {processor.py:914} INFO - Processing file /opt/airflow/dags/fraud_detection_training_dag.py for tasks to queue
[2025-10-07T01:26:41.338+0000] {logging_mixin.py:190} INFO - [2025-10-07T01:26:41.337+0000] {dagbag.py:588} INFO - Filling up the DagBag from /opt/airflow/dags/fraud_detection_training_dag.py
[2025-10-07T01:26:41.358+0000] {processor.py:925} INFO - DAG(s) 'fraud_detection_training' retrieved from /opt/airflow/dags/fraud_detection_training_dag.py
[2025-10-07T01:26:41.400+0000] {logging_mixin.py:190} INFO - [2025-10-07T01:26:41.400+0000] {dag.py:3239} INFO - Sync 1 DAGs
[2025-10-07T01:26:41.422+0000] {logging_mixin.py:190} INFO - [2025-10-07T01:26:41.422+0000] {dag.py:4180} INFO - Setting next_dagrun for fraud_detection_training to 2025-10-05 03:00:00+00:00, run_after=2025-10-06 03:00:00+00:00
[2025-10-07T01:26:41.435+0000] {processor.py:208} INFO - Processing /opt/airflow/dags/fraud_detection_training_dag.py took 0.107 seconds
[2025-10-07T01:27:11.691+0000] {processor.py:186} INFO - Started process (PID=767) to work on /opt/airflow/dags/fraud_detection_training_dag.py
[2025-10-07T01:27:11.692+0000] {processor.py:914} INFO - Processing file /opt/airflow/dags/fraud_detection_training_dag.py for tasks to queue
[2025-10-07T01:27:11.694+0000] {logging_mixin.py:190} INFO - [2025-10-07T01:27:11.693+0000] {dagbag.py:588} INFO - Filling up the DagBag from /opt/airflow/dags/fraud_detection_training_dag.py
[2025-10-07T01:27:11.712+0000] {processor.py:925} INFO - DAG(s) 'fraud_detection_training' retrieved from /opt/airflow/dags/fraud_detection_training_dag.py
[2025-10-07T01:27:11.735+0000] {logging_mixin.py:190} INFO - [2025-10-07T01:27:11.735+0000] {dag.py:3239} INFO - Sync 1 DAGs
[2025-10-07T01:27:11.752+0000] {logging_mixin.py:190} INFO - [2025-10-07T01:27:11.752+0000] {dag.py:4180} INFO - Setting next_dagrun for fraud_detection_training to 2025-10-05 03:00:00+00:00, run_after=2025-10-06 03:00:00+00:00
[2025-10-07T01:27:11.761+0000] {processor.py:208} INFO - Processing /opt/airflow/dags/fraud_detection_training_dag.py took 0.078 seconds
[2025-10-07T01:27:42.055+0000] {processor.py:186} INFO - Started process (PID=774) to work on /opt/airflow/dags/fraud_detection_training_dag.py
[2025-10-07T01:27:42.056+0000] {processor.py:914} INFO - Processing file /opt/airflow/dags/fraud_detection_training_dag.py for tasks to queue
[2025-10-07T01:27:42.058+0000] {logging_mixin.py:190} INFO - [2025-10-07T01:27:42.057+0000] {dagbag.py:588} INFO - Filling up the DagBag from /opt/airflow/dags/fraud_detection_training_dag.py
[2025-10-07T01:27:42.076+0000] {processor.py:925} INFO - DAG(s) 'fraud_detection_training' retrieved from /opt/airflow/dags/fraud_detection_training_dag.py
[2025-10-07T01:27:42.106+0000] {logging_mixin.py:190} INFO - [2025-10-07T01:27:42.106+0000] {dag.py:3239} INFO - Sync 1 DAGs
[2025-10-07T01:27:42.127+0000] {logging_mixin.py:190} INFO - [2025-10-07T01:27:42.127+0000] {dag.py:4180} INFO - Setting next_dagrun for fraud_detection_training to 2025-10-05 03:00:00+00:00, run_after=2025-10-06 03:00:00+00:00
[2025-10-07T01:27:42.137+0000] {processor.py:208} INFO - Processing /opt/airflow/dags/fraud_detection_training_dag.py took 0.091 seconds
[2025-10-07T01:28:12.535+0000] {processor.py:186} INFO - Started process (PID=781) to work on /opt/airflow/dags/fraud_detection_training_dag.py
[2025-10-07T01:28:12.536+0000] {processor.py:914} INFO - Processing file /opt/airflow/dags/fraud_detection_training_dag.py for tasks to queue
[2025-10-07T01:28:12.537+0000] {logging_mixin.py:190} INFO - [2025-10-07T01:28:12.536+0000] {dagbag.py:588} INFO - Filling up the DagBag from /opt/airflow/dags/fraud_detection_training_dag.py
[2025-10-07T01:28:12.557+0000] {processor.py:925} INFO - DAG(s) 'fraud_detection_training' retrieved from /opt/airflow/dags/fraud_detection_training_dag.py
[2025-10-07T01:28:12.592+0000] {logging_mixin.py:190} INFO - [2025-10-07T01:28:12.592+0000] {dag.py:3239} INFO - Sync 1 DAGs
[2025-10-07T01:28:12.617+0000] {logging_mixin.py:190} INFO - [2025-10-07T01:28:12.617+0000] {dag.py:4180} INFO - Setting next_dagrun for fraud_detection_training to 2025-10-05 03:00:00+00:00, run_after=2025-10-06 03:00:00+00:00
[2025-10-07T01:28:12.628+0000] {processor.py:208} INFO - Processing /opt/airflow/dags/fraud_detection_training_dag.py took 0.104 seconds
[2025-10-07T01:28:42.930+0000] {processor.py:186} INFO - Started process (PID=788) to work on /opt/airflow/dags/fraud_detection_training_dag.py
[2025-10-07T01:28:42.931+0000] {processor.py:914} INFO - Processing file /opt/airflow/dags/fraud_detection_training_dag.py for tasks to queue
[2025-10-07T01:28:42.933+0000] {logging_mixin.py:190} INFO - [2025-10-07T01:28:42.932+0000] {dagbag.py:588} INFO - Filling up the DagBag from /opt/airflow/dags/fraud_detection_training_dag.py
[2025-10-07T01:28:42.951+0000] {processor.py:925} INFO - DAG(s) 'fraud_detection_training' retrieved from /opt/airflow/dags/fraud_detection_training_dag.py
[2025-10-07T01:28:42.978+0000] {logging_mixin.py:190} INFO - [2025-10-07T01:28:42.977+0000] {dag.py:3239} INFO - Sync 1 DAGs
[2025-10-07T01:28:42.999+0000] {logging_mixin.py:190} INFO - [2025-10-07T01:28:42.999+0000] {dag.py:4180} INFO - Setting next_dagrun for fraud_detection_training to 2025-10-05 03:00:00+00:00, run_after=2025-10-06 03:00:00+00:00
[2025-10-07T01:28:43.010+0000] {processor.py:208} INFO - Processing /opt/airflow/dags/fraud_detection_training_dag.py took 0.089 seconds
[2025-10-07T01:29:13.327+0000] {processor.py:186} INFO - Started process (PID=795) to work on /opt/airflow/dags/fraud_detection_training_dag.py
[2025-10-07T01:29:13.328+0000] {processor.py:914} INFO - Processing file /opt/airflow/dags/fraud_detection_training_dag.py for tasks to queue
[2025-10-07T01:29:13.329+0000] {logging_mixin.py:190} INFO - [2025-10-07T01:29:13.329+0000] {dagbag.py:588} INFO - Filling up the DagBag from /opt/airflow/dags/fraud_detection_training_dag.py
[2025-10-07T01:29:13.345+0000] {processor.py:925} INFO - DAG(s) 'fraud_detection_training' retrieved from /opt/airflow/dags/fraud_detection_training_dag.py
[2025-10-07T01:29:13.380+0000] {logging_mixin.py:190} INFO - [2025-10-07T01:29:13.380+0000] {dag.py:3239} INFO - Sync 1 DAGs
[2025-10-07T01:29:13.403+0000] {logging_mixin.py:190} INFO - [2025-10-07T01:29:13.403+0000] {dag.py:4180} INFO - Setting next_dagrun for fraud_detection_training to 2025-10-05 03:00:00+00:00, run_after=2025-10-06 03:00:00+00:00
[2025-10-07T01:29:13.414+0000] {processor.py:208} INFO - Processing /opt/airflow/dags/fraud_detection_training_dag.py took 0.093 seconds
[2025-10-07T01:29:43.646+0000] {processor.py:186} INFO - Started process (PID=802) to work on /opt/airflow/dags/fraud_detection_training_dag.py
[2025-10-07T01:29:43.647+0000] {processor.py:914} INFO - Processing file /opt/airflow/dags/fraud_detection_training_dag.py for tasks to queue
[2025-10-07T01:29:43.648+0000] {logging_mixin.py:190} INFO - [2025-10-07T01:29:43.648+0000] {dagbag.py:588} INFO - Filling up the DagBag from /opt/airflow/dags/fraud_detection_training_dag.py
[2025-10-07T01:29:43.676+0000] {processor.py:925} INFO - DAG(s) 'fraud_detection_training' retrieved from /opt/airflow/dags/fraud_detection_training_dag.py
[2025-10-07T01:29:43.726+0000] {logging_mixin.py:190} INFO - [2025-10-07T01:29:43.726+0000] {dag.py:3239} INFO - Sync 1 DAGs
[2025-10-07T01:29:43.755+0000] {logging_mixin.py:190} INFO - [2025-10-07T01:29:43.755+0000] {dag.py:4180} INFO - Setting next_dagrun for fraud_detection_training to 2025-10-05 03:00:00+00:00, run_after=2025-10-06 03:00:00+00:00
[2025-10-07T01:29:43.771+0000] {processor.py:208} INFO - Processing /opt/airflow/dags/fraud_detection_training_dag.py took 0.142 seconds
[2025-10-07T01:30:14.050+0000] {processor.py:186} INFO - Started process (PID=809) to work on /opt/airflow/dags/fraud_detection_training_dag.py
[2025-10-07T01:30:14.052+0000] {processor.py:914} INFO - Processing file /opt/airflow/dags/fraud_detection_training_dag.py for tasks to queue
[2025-10-07T01:30:14.054+0000] {logging_mixin.py:190} INFO - [2025-10-07T01:30:14.053+0000] {dagbag.py:588} INFO - Filling up the DagBag from /opt/airflow/dags/fraud_detection_training_dag.py
[2025-10-07T01:30:14.070+0000] {processor.py:925} INFO - DAG(s) 'fraud_detection_training' retrieved from /opt/airflow/dags/fraud_detection_training_dag.py
[2025-10-07T01:30:14.101+0000] {logging_mixin.py:190} INFO - [2025-10-07T01:30:14.100+0000] {dag.py:3239} INFO - Sync 1 DAGs
[2025-10-07T01:30:14.122+0000] {logging_mixin.py:190} INFO - [2025-10-07T01:30:14.121+0000] {dag.py:4180} INFO - Setting next_dagrun for fraud_detection_training to 2025-10-05 03:00:00+00:00, run_after=2025-10-06 03:00:00+00:00
[2025-10-07T01:30:14.132+0000] {processor.py:208} INFO - Processing /opt/airflow/dags/fraud_detection_training_dag.py took 0.091 seconds
[2025-10-07T01:30:44.469+0000] {processor.py:186} INFO - Started process (PID=816) to work on /opt/airflow/dags/fraud_detection_training_dag.py
[2025-10-07T01:30:44.470+0000] {processor.py:914} INFO - Processing file /opt/airflow/dags/fraud_detection_training_dag.py for tasks to queue
[2025-10-07T01:30:44.471+0000] {logging_mixin.py:190} INFO - [2025-10-07T01:30:44.470+0000] {dagbag.py:588} INFO - Filling up the DagBag from /opt/airflow/dags/fraud_detection_training_dag.py
[2025-10-07T01:30:44.484+0000] {processor.py:925} INFO - DAG(s) 'fraud_detection_training' retrieved from /opt/airflow/dags/fraud_detection_training_dag.py
[2025-10-07T01:30:44.516+0000] {logging_mixin.py:190} INFO - [2025-10-07T01:30:44.516+0000] {dag.py:3239} INFO - Sync 1 DAGs
[2025-10-07T01:30:44.536+0000] {logging_mixin.py:190} INFO - [2025-10-07T01:30:44.536+0000] {dag.py:4180} INFO - Setting next_dagrun for fraud_detection_training to 2025-10-05 03:00:00+00:00, run_after=2025-10-06 03:00:00+00:00
[2025-10-07T01:30:44.546+0000] {processor.py:208} INFO - Processing /opt/airflow/dags/fraud_detection_training_dag.py took 0.082 seconds
[2025-10-07T01:31:14.947+0000] {processor.py:186} INFO - Started process (PID=823) to work on /opt/airflow/dags/fraud_detection_training_dag.py
[2025-10-07T01:31:14.949+0000] {processor.py:914} INFO - Processing file /opt/airflow/dags/fraud_detection_training_dag.py for tasks to queue
[2025-10-07T01:31:14.950+0000] {logging_mixin.py:190} INFO - [2025-10-07T01:31:14.950+0000] {dagbag.py:588} INFO - Filling up the DagBag from /opt/airflow/dags/fraud_detection_training_dag.py
[2025-10-07T01:31:14.974+0000] {processor.py:925} INFO - DAG(s) 'fraud_detection_training' retrieved from /opt/airflow/dags/fraud_detection_training_dag.py
[2025-10-07T01:31:15.014+0000] {logging_mixin.py:190} INFO - [2025-10-07T01:31:15.014+0000] {dag.py:3239} INFO - Sync 1 DAGs
[2025-10-07T01:31:15.039+0000] {logging_mixin.py:190} INFO - [2025-10-07T01:31:15.038+0000] {dag.py:4180} INFO - Setting next_dagrun for fraud_detection_training to 2025-10-05 03:00:00+00:00, run_after=2025-10-06 03:00:00+00:00
[2025-10-07T01:31:15.053+0000] {processor.py:208} INFO - Processing /opt/airflow/dags/fraud_detection_training_dag.py took 0.118 seconds
[2025-10-07T01:31:45.368+0000] {processor.py:186} INFO - Started process (PID=830) to work on /opt/airflow/dags/fraud_detection_training_dag.py
[2025-10-07T01:31:45.371+0000] {processor.py:914} INFO - Processing file /opt/airflow/dags/fraud_detection_training_dag.py for tasks to queue
[2025-10-07T01:31:45.372+0000] {logging_mixin.py:190} INFO - [2025-10-07T01:31:45.371+0000] {dagbag.py:588} INFO - Filling up the DagBag from /opt/airflow/dags/fraud_detection_training_dag.py
[2025-10-07T01:31:45.394+0000] {processor.py:925} INFO - DAG(s) 'fraud_detection_training' retrieved from /opt/airflow/dags/fraud_detection_training_dag.py
[2025-10-07T01:31:45.429+0000] {logging_mixin.py:190} INFO - [2025-10-07T01:31:45.428+0000] {dag.py:3239} INFO - Sync 1 DAGs
[2025-10-07T01:31:45.452+0000] {logging_mixin.py:190} INFO - [2025-10-07T01:31:45.451+0000] {dag.py:4180} INFO - Setting next_dagrun for fraud_detection_training to 2025-10-05 03:00:00+00:00, run_after=2025-10-06 03:00:00+00:00
[2025-10-07T01:31:45.463+0000] {processor.py:208} INFO - Processing /opt/airflow/dags/fraud_detection_training_dag.py took 0.100 seconds
[2025-10-07T01:32:15.692+0000] {processor.py:186} INFO - Started process (PID=837) to work on /opt/airflow/dags/fraud_detection_training_dag.py
[2025-10-07T01:32:15.693+0000] {processor.py:914} INFO - Processing file /opt/airflow/dags/fraud_detection_training_dag.py for tasks to queue
[2025-10-07T01:32:15.696+0000] {logging_mixin.py:190} INFO - [2025-10-07T01:32:15.695+0000] {dagbag.py:588} INFO - Filling up the DagBag from /opt/airflow/dags/fraud_detection_training_dag.py
[2025-10-07T01:32:15.718+0000] {processor.py:925} INFO - DAG(s) 'fraud_detection_training' retrieved from /opt/airflow/dags/fraud_detection_training_dag.py
[2025-10-07T01:32:15.749+0000] {logging_mixin.py:190} INFO - [2025-10-07T01:32:15.749+0000] {dag.py:3239} INFO - Sync 1 DAGs
[2025-10-07T01:32:15.773+0000] {logging_mixin.py:190} INFO - [2025-10-07T01:32:15.773+0000] {dag.py:4180} INFO - Setting next_dagrun for fraud_detection_training to 2025-10-05 03:00:00+00:00, run_after=2025-10-06 03:00:00+00:00
[2025-10-07T01:32:15.784+0000] {processor.py:208} INFO - Processing /opt/airflow/dags/fraud_detection_training_dag.py took 0.099 seconds
[2025-10-07T01:32:46.145+0000] {processor.py:186} INFO - Started process (PID=844) to work on /opt/airflow/dags/fraud_detection_training_dag.py
[2025-10-07T01:32:46.146+0000] {processor.py:914} INFO - Processing file /opt/airflow/dags/fraud_detection_training_dag.py for tasks to queue
[2025-10-07T01:32:46.148+0000] {logging_mixin.py:190} INFO - [2025-10-07T01:32:46.147+0000] {dagbag.py:588} INFO - Filling up the DagBag from /opt/airflow/dags/fraud_detection_training_dag.py
[2025-10-07T01:32:46.167+0000] {processor.py:925} INFO - DAG(s) 'fraud_detection_training' retrieved from /opt/airflow/dags/fraud_detection_training_dag.py
[2025-10-07T01:32:46.201+0000] {logging_mixin.py:190} INFO - [2025-10-07T01:32:46.201+0000] {dag.py:3239} INFO - Sync 1 DAGs
[2025-10-07T01:32:46.219+0000] {logging_mixin.py:190} INFO - [2025-10-07T01:32:46.219+0000] {dag.py:4180} INFO - Setting next_dagrun for fraud_detection_training to 2025-10-05 03:00:00+00:00, run_after=2025-10-06 03:00:00+00:00
[2025-10-07T01:32:46.229+0000] {processor.py:208} INFO - Processing /opt/airflow/dags/fraud_detection_training_dag.py took 0.090 seconds
[2025-10-07T01:33:16.536+0000] {processor.py:186} INFO - Started process (PID=851) to work on /opt/airflow/dags/fraud_detection_training_dag.py
[2025-10-07T01:33:16.538+0000] {processor.py:914} INFO - Processing file /opt/airflow/dags/fraud_detection_training_dag.py for tasks to queue
[2025-10-07T01:33:16.539+0000] {logging_mixin.py:190} INFO - [2025-10-07T01:33:16.539+0000] {dagbag.py:588} INFO - Filling up the DagBag from /opt/airflow/dags/fraud_detection_training_dag.py
[2025-10-07T01:33:16.558+0000] {processor.py:925} INFO - DAG(s) 'fraud_detection_training' retrieved from /opt/airflow/dags/fraud_detection_training_dag.py
[2025-10-07T01:33:16.590+0000] {logging_mixin.py:190} INFO - [2025-10-07T01:33:16.589+0000] {dag.py:3239} INFO - Sync 1 DAGs
[2025-10-07T01:33:16.614+0000] {logging_mixin.py:190} INFO - [2025-10-07T01:33:16.614+0000] {dag.py:4180} INFO - Setting next_dagrun for fraud_detection_training to 2025-10-05 03:00:00+00:00, run_after=2025-10-06 03:00:00+00:00
[2025-10-07T01:33:16.624+0000] {processor.py:208} INFO - Processing /opt/airflow/dags/fraud_detection_training_dag.py took 0.100 seconds
[2025-10-07T01:33:46.962+0000] {processor.py:186} INFO - Started process (PID=858) to work on /opt/airflow/dags/fraud_detection_training_dag.py
[2025-10-07T01:33:46.966+0000] {processor.py:914} INFO - Processing file /opt/airflow/dags/fraud_detection_training_dag.py for tasks to queue
[2025-10-07T01:33:46.970+0000] {logging_mixin.py:190} INFO - [2025-10-07T01:33:46.970+0000] {dagbag.py:588} INFO - Filling up the DagBag from /opt/airflow/dags/fraud_detection_training_dag.py
[2025-10-07T01:33:47.012+0000] {processor.py:925} INFO - DAG(s) 'fraud_detection_training' retrieved from /opt/airflow/dags/fraud_detection_training_dag.py
[2025-10-07T01:33:47.058+0000] {logging_mixin.py:190} INFO - [2025-10-07T01:33:47.058+0000] {dag.py:3239} INFO - Sync 1 DAGs
[2025-10-07T01:33:47.087+0000] {logging_mixin.py:190} INFO - [2025-10-07T01:33:47.086+0000] {dag.py:4180} INFO - Setting next_dagrun for fraud_detection_training to 2025-10-05 03:00:00+00:00, run_after=2025-10-06 03:00:00+00:00
[2025-10-07T01:33:47.098+0000] {processor.py:208} INFO - Processing /opt/airflow/dags/fraud_detection_training_dag.py took 0.153 seconds
[2025-10-07T01:34:17.407+0000] {processor.py:186} INFO - Started process (PID=865) to work on /opt/airflow/dags/fraud_detection_training_dag.py
[2025-10-07T01:34:17.409+0000] {processor.py:914} INFO - Processing file /opt/airflow/dags/fraud_detection_training_dag.py for tasks to queue
[2025-10-07T01:34:17.410+0000] {logging_mixin.py:190} INFO - [2025-10-07T01:34:17.410+0000] {dagbag.py:588} INFO - Filling up the DagBag from /opt/airflow/dags/fraud_detection_training_dag.py
[2025-10-07T01:34:17.432+0000] {processor.py:925} INFO - DAG(s) 'fraud_detection_training' retrieved from /opt/airflow/dags/fraud_detection_training_dag.py
[2025-10-07T01:34:17.467+0000] {logging_mixin.py:190} INFO - [2025-10-07T01:34:17.467+0000] {dag.py:3239} INFO - Sync 1 DAGs
[2025-10-07T01:34:17.492+0000] {logging_mixin.py:190} INFO - [2025-10-07T01:34:17.492+0000] {dag.py:4180} INFO - Setting next_dagrun for fraud_detection_training to 2025-10-05 03:00:00+00:00, run_after=2025-10-06 03:00:00+00:00
[2025-10-07T01:34:17.504+0000] {processor.py:208} INFO - Processing /opt/airflow/dags/fraud_detection_training_dag.py took 0.109 seconds
[2025-10-07T01:34:47.873+0000] {processor.py:186} INFO - Started process (PID=872) to work on /opt/airflow/dags/fraud_detection_training_dag.py
[2025-10-07T01:34:47.875+0000] {processor.py:914} INFO - Processing file /opt/airflow/dags/fraud_detection_training_dag.py for tasks to queue
[2025-10-07T01:34:47.877+0000] {logging_mixin.py:190} INFO - [2025-10-07T01:34:47.876+0000] {dagbag.py:588} INFO - Filling up the DagBag from /opt/airflow/dags/fraud_detection_training_dag.py
[2025-10-07T01:34:47.903+0000] {processor.py:925} INFO - DAG(s) 'fraud_detection_training' retrieved from /opt/airflow/dags/fraud_detection_training_dag.py
[2025-10-07T01:34:47.950+0000] {logging_mixin.py:190} INFO - [2025-10-07T01:34:47.949+0000] {dag.py:3239} INFO - Sync 1 DAGs
[2025-10-07T01:34:47.981+0000] {logging_mixin.py:190} INFO - [2025-10-07T01:34:47.980+0000] {dag.py:4180} INFO - Setting next_dagrun for fraud_detection_training to 2025-10-05 03:00:00+00:00, run_after=2025-10-06 03:00:00+00:00
[2025-10-07T01:34:47.994+0000] {processor.py:208} INFO - Processing /opt/airflow/dags/fraud_detection_training_dag.py took 0.132 seconds
[2025-10-07T01:35:18.277+0000] {processor.py:186} INFO - Started process (PID=879) to work on /opt/airflow/dags/fraud_detection_training_dag.py
[2025-10-07T01:35:18.279+0000] {processor.py:914} INFO - Processing file /opt/airflow/dags/fraud_detection_training_dag.py for tasks to queue
[2025-10-07T01:35:18.280+0000] {logging_mixin.py:190} INFO - [2025-10-07T01:35:18.280+0000] {dagbag.py:588} INFO - Filling up the DagBag from /opt/airflow/dags/fraud_detection_training_dag.py
[2025-10-07T01:35:18.306+0000] {processor.py:925} INFO - DAG(s) 'fraud_detection_training' retrieved from /opt/airflow/dags/fraud_detection_training_dag.py
[2025-10-07T01:35:18.339+0000] {logging_mixin.py:190} INFO - [2025-10-07T01:35:18.339+0000] {dag.py:3239} INFO - Sync 1 DAGs
[2025-10-07T01:35:18.363+0000] {logging_mixin.py:190} INFO - [2025-10-07T01:35:18.363+0000] {dag.py:4180} INFO - Setting next_dagrun for fraud_detection_training to 2025-10-05 03:00:00+00:00, run_after=2025-10-06 03:00:00+00:00
[2025-10-07T01:35:18.380+0000] {processor.py:208} INFO - Processing /opt/airflow/dags/fraud_detection_training_dag.py took 0.114 seconds
[2025-10-07T01:35:48.769+0000] {processor.py:186} INFO - Started process (PID=886) to work on /opt/airflow/dags/fraud_detection_training_dag.py
[2025-10-07T01:35:48.770+0000] {processor.py:914} INFO - Processing file /opt/airflow/dags/fraud_detection_training_dag.py for tasks to queue
[2025-10-07T01:35:48.772+0000] {logging_mixin.py:190} INFO - [2025-10-07T01:35:48.771+0000] {dagbag.py:588} INFO - Filling up the DagBag from /opt/airflow/dags/fraud_detection_training_dag.py
[2025-10-07T01:35:48.792+0000] {processor.py:925} INFO - DAG(s) 'fraud_detection_training' retrieved from /opt/airflow/dags/fraud_detection_training_dag.py
[2025-10-07T01:35:48.828+0000] {logging_mixin.py:190} INFO - [2025-10-07T01:35:48.828+0000] {dag.py:3239} INFO - Sync 1 DAGs
[2025-10-07T01:35:48.853+0000] {logging_mixin.py:190} INFO - [2025-10-07T01:35:48.853+0000] {dag.py:4180} INFO - Setting next_dagrun for fraud_detection_training to 2025-10-05 03:00:00+00:00, run_after=2025-10-06 03:00:00+00:00
[2025-10-07T01:35:48.863+0000] {processor.py:208} INFO - Processing /opt/airflow/dags/fraud_detection_training_dag.py took 0.102 seconds
[2025-10-07T01:36:19.141+0000] {processor.py:186} INFO - Started process (PID=893) to work on /opt/airflow/dags/fraud_detection_training_dag.py
[2025-10-07T01:36:19.143+0000] {processor.py:914} INFO - Processing file /opt/airflow/dags/fraud_detection_training_dag.py for tasks to queue
[2025-10-07T01:36:19.144+0000] {logging_mixin.py:190} INFO - [2025-10-07T01:36:19.144+0000] {dagbag.py:588} INFO - Filling up the DagBag from /opt/airflow/dags/fraud_detection_training_dag.py
[2025-10-07T01:36:19.163+0000] {processor.py:925} INFO - DAG(s) 'fraud_detection_training' retrieved from /opt/airflow/dags/fraud_detection_training_dag.py
[2025-10-07T01:36:19.201+0000] {logging_mixin.py:190} INFO - [2025-10-07T01:36:19.201+0000] {dag.py:3239} INFO - Sync 1 DAGs
[2025-10-07T01:36:19.236+0000] {logging_mixin.py:190} INFO - [2025-10-07T01:36:19.236+0000] {dag.py:4180} INFO - Setting next_dagrun for fraud_detection_training to 2025-10-05 03:00:00+00:00, run_after=2025-10-06 03:00:00+00:00
[2025-10-07T01:36:19.248+0000] {processor.py:208} INFO - Processing /opt/airflow/dags/fraud_detection_training_dag.py took 0.115 seconds
[2025-10-07T01:36:49.534+0000] {processor.py:186} INFO - Started process (PID=900) to work on /opt/airflow/dags/fraud_detection_training_dag.py
[2025-10-07T01:36:49.535+0000] {processor.py:914} INFO - Processing file /opt/airflow/dags/fraud_detection_training_dag.py for tasks to queue
[2025-10-07T01:36:49.537+0000] {logging_mixin.py:190} INFO - [2025-10-07T01:36:49.536+0000] {dagbag.py:588} INFO - Filling up the DagBag from /opt/airflow/dags/fraud_detection_training_dag.py
[2025-10-07T01:36:49.559+0000] {processor.py:925} INFO - DAG(s) 'fraud_detection_training' retrieved from /opt/airflow/dags/fraud_detection_training_dag.py
[2025-10-07T01:36:49.594+0000] {logging_mixin.py:190} INFO - [2025-10-07T01:36:49.594+0000] {dag.py:3239} INFO - Sync 1 DAGs
[2025-10-07T01:36:49.619+0000] {logging_mixin.py:190} INFO - [2025-10-07T01:36:49.618+0000] {dag.py:4180} INFO - Setting next_dagrun for fraud_detection_training to 2025-10-05 03:00:00+00:00, run_after=2025-10-06 03:00:00+00:00
[2025-10-07T01:36:49.630+0000] {processor.py:208} INFO - Processing /opt/airflow/dags/fraud_detection_training_dag.py took 0.104 seconds
[2025-10-07T01:37:19.911+0000] {processor.py:186} INFO - Started process (PID=907) to work on /opt/airflow/dags/fraud_detection_training_dag.py
[2025-10-07T01:37:19.911+0000] {processor.py:914} INFO - Processing file /opt/airflow/dags/fraud_detection_training_dag.py for tasks to queue
[2025-10-07T01:37:19.913+0000] {logging_mixin.py:190} INFO - [2025-10-07T01:37:19.912+0000] {dagbag.py:588} INFO - Filling up the DagBag from /opt/airflow/dags/fraud_detection_training_dag.py
[2025-10-07T01:37:19.931+0000] {processor.py:925} INFO - DAG(s) 'fraud_detection_training' retrieved from /opt/airflow/dags/fraud_detection_training_dag.py
[2025-10-07T01:37:19.953+0000] {logging_mixin.py:190} INFO - [2025-10-07T01:37:19.953+0000] {dag.py:3239} INFO - Sync 1 DAGs
[2025-10-07T01:37:19.972+0000] {logging_mixin.py:190} INFO - [2025-10-07T01:37:19.972+0000] {dag.py:4180} INFO - Setting next_dagrun for fraud_detection_training to 2025-10-05 03:00:00+00:00, run_after=2025-10-06 03:00:00+00:00
[2025-10-07T01:37:19.981+0000] {processor.py:208} INFO - Processing /opt/airflow/dags/fraud_detection_training_dag.py took 0.075 seconds
[2025-10-07T01:37:50.345+0000] {processor.py:186} INFO - Started process (PID=914) to work on /opt/airflow/dags/fraud_detection_training_dag.py
[2025-10-07T01:37:50.346+0000] {processor.py:914} INFO - Processing file /opt/airflow/dags/fraud_detection_training_dag.py for tasks to queue
[2025-10-07T01:37:50.347+0000] {logging_mixin.py:190} INFO - [2025-10-07T01:37:50.346+0000] {dagbag.py:588} INFO - Filling up the DagBag from /opt/airflow/dags/fraud_detection_training_dag.py
[2025-10-07T01:37:50.359+0000] {processor.py:925} INFO - DAG(s) 'fraud_detection_training' retrieved from /opt/airflow/dags/fraud_detection_training_dag.py
[2025-10-07T01:37:50.386+0000] {logging_mixin.py:190} INFO - [2025-10-07T01:37:50.385+0000] {dag.py:3239} INFO - Sync 1 DAGs
[2025-10-07T01:37:50.402+0000] {logging_mixin.py:190} INFO - [2025-10-07T01:37:50.401+0000] {dag.py:4180} INFO - Setting next_dagrun for fraud_detection_training to 2025-10-05 03:00:00+00:00, run_after=2025-10-06 03:00:00+00:00
[2025-10-07T01:37:50.409+0000] {processor.py:208} INFO - Processing /opt/airflow/dags/fraud_detection_training_dag.py took 0.070 seconds
[2025-10-07T01:38:20.739+0000] {processor.py:186} INFO - Started process (PID=921) to work on /opt/airflow/dags/fraud_detection_training_dag.py
[2025-10-07T01:38:20.740+0000] {processor.py:914} INFO - Processing file /opt/airflow/dags/fraud_detection_training_dag.py for tasks to queue
[2025-10-07T01:38:20.741+0000] {logging_mixin.py:190} INFO - [2025-10-07T01:38:20.741+0000] {dagbag.py:588} INFO - Filling up the DagBag from /opt/airflow/dags/fraud_detection_training_dag.py
[2025-10-07T01:38:20.758+0000] {processor.py:925} INFO - DAG(s) 'fraud_detection_training' retrieved from /opt/airflow/dags/fraud_detection_training_dag.py
[2025-10-07T01:38:20.785+0000] {logging_mixin.py:190} INFO - [2025-10-07T01:38:20.785+0000] {dag.py:3239} INFO - Sync 1 DAGs
[2025-10-07T01:38:20.805+0000] {logging_mixin.py:190} INFO - [2025-10-07T01:38:20.805+0000] {dag.py:4180} INFO - Setting next_dagrun for fraud_detection_training to 2025-10-05 03:00:00+00:00, run_after=2025-10-06 03:00:00+00:00
[2025-10-07T01:38:20.815+0000] {processor.py:208} INFO - Processing /opt/airflow/dags/fraud_detection_training_dag.py took 0.085 seconds
[2025-10-07T01:38:51.222+0000] {processor.py:186} INFO - Started process (PID=928) to work on /opt/airflow/dags/fraud_detection_training_dag.py
[2025-10-07T01:38:51.223+0000] {processor.py:914} INFO - Processing file /opt/airflow/dags/fraud_detection_training_dag.py for tasks to queue
[2025-10-07T01:38:51.224+0000] {logging_mixin.py:190} INFO - [2025-10-07T01:38:51.224+0000] {dagbag.py:588} INFO - Filling up the DagBag from /opt/airflow/dags/fraud_detection_training_dag.py
[2025-10-07T01:38:51.240+0000] {processor.py:925} INFO - DAG(s) 'fraud_detection_training' retrieved from /opt/airflow/dags/fraud_detection_training_dag.py
[2025-10-07T01:38:51.269+0000] {logging_mixin.py:190} INFO - [2025-10-07T01:38:51.269+0000] {dag.py:3239} INFO - Sync 1 DAGs
[2025-10-07T01:38:51.287+0000] {logging_mixin.py:190} INFO - [2025-10-07T01:38:51.287+0000] {dag.py:4180} INFO - Setting next_dagrun for fraud_detection_training to 2025-10-05 03:00:00+00:00, run_after=2025-10-06 03:00:00+00:00
[2025-10-07T01:38:51.298+0000] {processor.py:208} INFO - Processing /opt/airflow/dags/fraud_detection_training_dag.py took 0.084 seconds
[2025-10-07T01:39:21.622+0000] {processor.py:186} INFO - Started process (PID=935) to work on /opt/airflow/dags/fraud_detection_training_dag.py
[2025-10-07T01:39:21.623+0000] {processor.py:914} INFO - Processing file /opt/airflow/dags/fraud_detection_training_dag.py for tasks to queue
[2025-10-07T01:39:21.625+0000] {logging_mixin.py:190} INFO - [2025-10-07T01:39:21.624+0000] {dagbag.py:588} INFO - Filling up the DagBag from /opt/airflow/dags/fraud_detection_training_dag.py
[2025-10-07T01:39:21.650+0000] {processor.py:925} INFO - DAG(s) 'fraud_detection_training' retrieved from /opt/airflow/dags/fraud_detection_training_dag.py
[2025-10-07T01:39:21.678+0000] {logging_mixin.py:190} INFO - [2025-10-07T01:39:21.677+0000] {dag.py:3239} INFO - Sync 1 DAGs
[2025-10-07T01:39:21.704+0000] {logging_mixin.py:190} INFO - [2025-10-07T01:39:21.704+0000] {dag.py:4180} INFO - Setting next_dagrun for fraud_detection_training to 2025-10-05 03:00:00+00:00, run_after=2025-10-06 03:00:00+00:00
[2025-10-07T01:39:21.715+0000] {processor.py:208} INFO - Processing /opt/airflow/dags/fraud_detection_training_dag.py took 0.099 seconds
[2025-10-07T01:39:51.956+0000] {processor.py:186} INFO - Started process (PID=941) to work on /opt/airflow/dags/fraud_detection_training_dag.py
[2025-10-07T01:39:51.957+0000] {processor.py:914} INFO - Processing file /opt/airflow/dags/fraud_detection_training_dag.py for tasks to queue
[2025-10-07T01:39:51.958+0000] {logging_mixin.py:190} INFO - [2025-10-07T01:39:51.958+0000] {dagbag.py:588} INFO - Filling up the DagBag from /opt/airflow/dags/fraud_detection_training_dag.py
[2025-10-07T01:39:51.984+0000] {processor.py:925} INFO - DAG(s) 'fraud_detection_training' retrieved from /opt/airflow/dags/fraud_detection_training_dag.py
[2025-10-07T01:39:52.011+0000] {logging_mixin.py:190} INFO - [2025-10-07T01:39:52.011+0000] {dag.py:3239} INFO - Sync 1 DAGs
[2025-10-07T01:39:52.031+0000] {logging_mixin.py:190} INFO - [2025-10-07T01:39:52.031+0000] {dag.py:4180} INFO - Setting next_dagrun for fraud_detection_training to 2025-10-05 03:00:00+00:00, run_after=2025-10-06 03:00:00+00:00
[2025-10-07T01:39:52.043+0000] {processor.py:208} INFO - Processing /opt/airflow/dags/fraud_detection_training_dag.py took 0.097 seconds
[2025-10-07T01:40:22.374+0000] {processor.py:186} INFO - Started process (PID=948) to work on /opt/airflow/dags/fraud_detection_training_dag.py
[2025-10-07T01:40:22.377+0000] {processor.py:914} INFO - Processing file /opt/airflow/dags/fraud_detection_training_dag.py for tasks to queue
[2025-10-07T01:40:22.379+0000] {logging_mixin.py:190} INFO - [2025-10-07T01:40:22.379+0000] {dagbag.py:588} INFO - Filling up the DagBag from /opt/airflow/dags/fraud_detection_training_dag.py
[2025-10-07T01:40:22.405+0000] {processor.py:925} INFO - DAG(s) 'fraud_detection_training' retrieved from /opt/airflow/dags/fraud_detection_training_dag.py
[2025-10-07T01:40:22.441+0000] {logging_mixin.py:190} INFO - [2025-10-07T01:40:22.441+0000] {dag.py:3239} INFO - Sync 1 DAGs
[2025-10-07T01:40:22.465+0000] {logging_mixin.py:190} INFO - [2025-10-07T01:40:22.465+0000] {dag.py:4180} INFO - Setting next_dagrun for fraud_detection_training to 2025-10-05 03:00:00+00:00, run_after=2025-10-06 03:00:00+00:00
[2025-10-07T01:40:22.477+0000] {processor.py:208} INFO - Processing /opt/airflow/dags/fraud_detection_training_dag.py took 0.112 seconds
[2025-10-07T01:40:52.792+0000] {processor.py:186} INFO - Started process (PID=955) to work on /opt/airflow/dags/fraud_detection_training_dag.py
[2025-10-07T01:40:52.794+0000] {processor.py:914} INFO - Processing file /opt/airflow/dags/fraud_detection_training_dag.py for tasks to queue
[2025-10-07T01:40:52.814+0000] {logging_mixin.py:190} INFO - [2025-10-07T01:40:52.813+0000] {dagbag.py:588} INFO - Filling up the DagBag from /opt/airflow/dags/fraud_detection_training_dag.py
[2025-10-07T01:40:52.832+0000] {processor.py:925} INFO - DAG(s) 'fraud_detection_training' retrieved from /opt/airflow/dags/fraud_detection_training_dag.py
[2025-10-07T01:40:52.862+0000] {logging_mixin.py:190} INFO - [2025-10-07T01:40:52.862+0000] {dag.py:3239} INFO - Sync 1 DAGs
[2025-10-07T01:40:52.885+0000] {logging_mixin.py:190} INFO - [2025-10-07T01:40:52.885+0000] {dag.py:4180} INFO - Setting next_dagrun for fraud_detection_training to 2025-10-05 03:00:00+00:00, run_after=2025-10-06 03:00:00+00:00
[2025-10-07T01:40:52.895+0000] {processor.py:208} INFO - Processing /opt/airflow/dags/fraud_detection_training_dag.py took 0.110 seconds
[2025-10-07T01:41:23.193+0000] {processor.py:186} INFO - Started process (PID=962) to work on /opt/airflow/dags/fraud_detection_training_dag.py
[2025-10-07T01:41:23.195+0000] {processor.py:914} INFO - Processing file /opt/airflow/dags/fraud_detection_training_dag.py for tasks to queue
[2025-10-07T01:41:23.196+0000] {logging_mixin.py:190} INFO - [2025-10-07T01:41:23.196+0000] {dagbag.py:588} INFO - Filling up the DagBag from /opt/airflow/dags/fraud_detection_training_dag.py
[2025-10-07T01:41:23.212+0000] {processor.py:925} INFO - DAG(s) 'fraud_detection_training' retrieved from /opt/airflow/dags/fraud_detection_training_dag.py
[2025-10-07T01:41:23.241+0000] {logging_mixin.py:190} INFO - [2025-10-07T01:41:23.241+0000] {dag.py:3239} INFO - Sync 1 DAGs
[2025-10-07T01:41:23.261+0000] {logging_mixin.py:190} INFO - [2025-10-07T01:41:23.261+0000] {dag.py:4180} INFO - Setting next_dagrun for fraud_detection_training to 2025-10-05 03:00:00+00:00, run_after=2025-10-06 03:00:00+00:00
[2025-10-07T01:41:23.271+0000] {processor.py:208} INFO - Processing /opt/airflow/dags/fraud_detection_training_dag.py took 0.086 seconds
[2025-10-07T01:41:53.635+0000] {processor.py:186} INFO - Started process (PID=969) to work on /opt/airflow/dags/fraud_detection_training_dag.py
[2025-10-07T01:41:53.636+0000] {processor.py:914} INFO - Processing file /opt/airflow/dags/fraud_detection_training_dag.py for tasks to queue
[2025-10-07T01:41:53.637+0000] {logging_mixin.py:190} INFO - [2025-10-07T01:41:53.637+0000] {dagbag.py:588} INFO - Filling up the DagBag from /opt/airflow/dags/fraud_detection_training_dag.py
[2025-10-07T01:41:53.654+0000] {processor.py:925} INFO - DAG(s) 'fraud_detection_training' retrieved from /opt/airflow/dags/fraud_detection_training_dag.py
[2025-10-07T01:41:53.683+0000] {logging_mixin.py:190} INFO - [2025-10-07T01:41:53.682+0000] {dag.py:3239} INFO - Sync 1 DAGs
[2025-10-07T01:41:53.703+0000] {logging_mixin.py:190} INFO - [2025-10-07T01:41:53.702+0000] {dag.py:4180} INFO - Setting next_dagrun for fraud_detection_training to 2025-10-05 03:00:00+00:00, run_after=2025-10-06 03:00:00+00:00
[2025-10-07T01:41:53.713+0000] {processor.py:208} INFO - Processing /opt/airflow/dags/fraud_detection_training_dag.py took 0.086 seconds
[2025-10-07T01:42:23.991+0000] {processor.py:186} INFO - Started process (PID=976) to work on /opt/airflow/dags/fraud_detection_training_dag.py
[2025-10-07T01:42:23.993+0000] {processor.py:914} INFO - Processing file /opt/airflow/dags/fraud_detection_training_dag.py for tasks to queue
[2025-10-07T01:42:23.994+0000] {logging_mixin.py:190} INFO - [2025-10-07T01:42:23.994+0000] {dagbag.py:588} INFO - Filling up the DagBag from /opt/airflow/dags/fraud_detection_training_dag.py
[2025-10-07T01:42:24.010+0000] {processor.py:925} INFO - DAG(s) 'fraud_detection_training' retrieved from /opt/airflow/dags/fraud_detection_training_dag.py
[2025-10-07T01:42:24.038+0000] {logging_mixin.py:190} INFO - [2025-10-07T01:42:24.038+0000] {dag.py:3239} INFO - Sync 1 DAGs
[2025-10-07T01:42:24.056+0000] {logging_mixin.py:190} INFO - [2025-10-07T01:42:24.056+0000] {dag.py:4180} INFO - Setting next_dagrun for fraud_detection_training to 2025-10-05 03:00:00+00:00, run_after=2025-10-06 03:00:00+00:00
[2025-10-07T01:42:24.066+0000] {processor.py:208} INFO - Processing /opt/airflow/dags/fraud_detection_training_dag.py took 0.084 seconds
[2025-10-07T01:42:54.323+0000] {processor.py:186} INFO - Started process (PID=983) to work on /opt/airflow/dags/fraud_detection_training_dag.py
[2025-10-07T01:42:54.324+0000] {processor.py:914} INFO - Processing file /opt/airflow/dags/fraud_detection_training_dag.py for tasks to queue
[2025-10-07T01:42:54.325+0000] {logging_mixin.py:190} INFO - [2025-10-07T01:42:54.325+0000] {dagbag.py:588} INFO - Filling up the DagBag from /opt/airflow/dags/fraud_detection_training_dag.py
[2025-10-07T01:42:54.346+0000] {processor.py:925} INFO - DAG(s) 'fraud_detection_training' retrieved from /opt/airflow/dags/fraud_detection_training_dag.py
[2025-10-07T01:42:54.380+0000] {logging_mixin.py:190} INFO - [2025-10-07T01:42:54.380+0000] {dag.py:3239} INFO - Sync 1 DAGs
[2025-10-07T01:42:54.404+0000] {logging_mixin.py:190} INFO - [2025-10-07T01:42:54.404+0000] {dag.py:4180} INFO - Setting next_dagrun for fraud_detection_training to 2025-10-05 03:00:00+00:00, run_after=2025-10-06 03:00:00+00:00
[2025-10-07T01:42:54.417+0000] {processor.py:208} INFO - Processing /opt/airflow/dags/fraud_detection_training_dag.py took 0.100 seconds
[2025-10-07T01:43:24.666+0000] {processor.py:186} INFO - Started process (PID=990) to work on /opt/airflow/dags/fraud_detection_training_dag.py
[2025-10-07T01:43:24.668+0000] {processor.py:914} INFO - Processing file /opt/airflow/dags/fraud_detection_training_dag.py for tasks to queue
[2025-10-07T01:43:24.670+0000] {logging_mixin.py:190} INFO - [2025-10-07T01:43:24.669+0000] {dagbag.py:588} INFO - Filling up the DagBag from /opt/airflow/dags/fraud_detection_training_dag.py
[2025-10-07T01:43:24.691+0000] {processor.py:925} INFO - DAG(s) 'fraud_detection_training' retrieved from /opt/airflow/dags/fraud_detection_training_dag.py
[2025-10-07T01:43:24.726+0000] {logging_mixin.py:190} INFO - [2025-10-07T01:43:24.726+0000] {dag.py:3239} INFO - Sync 1 DAGs
[2025-10-07T01:43:24.751+0000] {logging_mixin.py:190} INFO - [2025-10-07T01:43:24.751+0000] {dag.py:4180} INFO - Setting next_dagrun for fraud_detection_training to 2025-10-05 03:00:00+00:00, run_after=2025-10-06 03:00:00+00:00
[2025-10-07T01:43:24.763+0000] {processor.py:208} INFO - Processing /opt/airflow/dags/fraud_detection_training_dag.py took 0.108 seconds
[2025-10-07T01:43:55.059+0000] {processor.py:186} INFO - Started process (PID=997) to work on /opt/airflow/dags/fraud_detection_training_dag.py
[2025-10-07T01:43:55.060+0000] {processor.py:914} INFO - Processing file /opt/airflow/dags/fraud_detection_training_dag.py for tasks to queue
[2025-10-07T01:43:55.066+0000] {logging_mixin.py:190} INFO - [2025-10-07T01:43:55.064+0000] {dagbag.py:588} INFO - Filling up the DagBag from /opt/airflow/dags/fraud_detection_training_dag.py
[2025-10-07T01:43:55.083+0000] {processor.py:925} INFO - DAG(s) 'fraud_detection_training' retrieved from /opt/airflow/dags/fraud_detection_training_dag.py
[2025-10-07T01:43:55.120+0000] {logging_mixin.py:190} INFO - [2025-10-07T01:43:55.120+0000] {dag.py:3239} INFO - Sync 1 DAGs
[2025-10-07T01:43:55.145+0000] {logging_mixin.py:190} INFO - [2025-10-07T01:43:55.144+0000] {dag.py:4180} INFO - Setting next_dagrun for fraud_detection_training to 2025-10-05 03:00:00+00:00, run_after=2025-10-06 03:00:00+00:00
[2025-10-07T01:43:55.154+0000] {processor.py:208} INFO - Processing /opt/airflow/dags/fraud_detection_training_dag.py took 0.102 seconds
[2025-10-07T01:44:25.446+0000] {processor.py:186} INFO - Started process (PID=1004) to work on /opt/airflow/dags/fraud_detection_training_dag.py
[2025-10-07T01:44:25.448+0000] {processor.py:914} INFO - Processing file /opt/airflow/dags/fraud_detection_training_dag.py for tasks to queue
[2025-10-07T01:44:25.449+0000] {logging_mixin.py:190} INFO - [2025-10-07T01:44:25.449+0000] {dagbag.py:588} INFO - Filling up the DagBag from /opt/airflow/dags/fraud_detection_training_dag.py
[2025-10-07T01:44:25.466+0000] {processor.py:925} INFO - DAG(s) 'fraud_detection_training' retrieved from /opt/airflow/dags/fraud_detection_training_dag.py
[2025-10-07T01:44:25.494+0000] {logging_mixin.py:190} INFO - [2025-10-07T01:44:25.493+0000] {dag.py:3239} INFO - Sync 1 DAGs
[2025-10-07T01:44:25.513+0000] {logging_mixin.py:190} INFO - [2025-10-07T01:44:25.513+0000] {dag.py:4180} INFO - Setting next_dagrun for fraud_detection_training to 2025-10-05 03:00:00+00:00, run_after=2025-10-06 03:00:00+00:00
[2025-10-07T01:44:25.524+0000] {processor.py:208} INFO - Processing /opt/airflow/dags/fraud_detection_training_dag.py took 0.085 seconds
[2025-10-07T01:44:55.800+0000] {processor.py:186} INFO - Started process (PID=1011) to work on /opt/airflow/dags/fraud_detection_training_dag.py
[2025-10-07T01:44:55.801+0000] {processor.py:914} INFO - Processing file /opt/airflow/dags/fraud_detection_training_dag.py for tasks to queue
[2025-10-07T01:44:55.803+0000] {logging_mixin.py:190} INFO - [2025-10-07T01:44:55.802+0000] {dagbag.py:588} INFO - Filling up the DagBag from /opt/airflow/dags/fraud_detection_training_dag.py
[2025-10-07T01:44:55.819+0000] {processor.py:925} INFO - DAG(s) 'fraud_detection_training' retrieved from /opt/airflow/dags/fraud_detection_training_dag.py
[2025-10-07T01:44:55.847+0000] {logging_mixin.py:190} INFO - [2025-10-07T01:44:55.847+0000] {dag.py:3239} INFO - Sync 1 DAGs
[2025-10-07T01:44:55.866+0000] {logging_mixin.py:190} INFO - [2025-10-07T01:44:55.866+0000] {dag.py:4180} INFO - Setting next_dagrun for fraud_detection_training to 2025-10-05 03:00:00+00:00, run_after=2025-10-06 03:00:00+00:00
[2025-10-07T01:44:55.876+0000] {processor.py:208} INFO - Processing /opt/airflow/dags/fraud_detection_training_dag.py took 0.084 seconds
[2025-10-07T01:45:26.262+0000] {processor.py:186} INFO - Started process (PID=1018) to work on /opt/airflow/dags/fraud_detection_training_dag.py
[2025-10-07T01:45:26.266+0000] {processor.py:914} INFO - Processing file /opt/airflow/dags/fraud_detection_training_dag.py for tasks to queue
[2025-10-07T01:45:26.268+0000] {logging_mixin.py:190} INFO - [2025-10-07T01:45:26.267+0000] {dagbag.py:588} INFO - Filling up the DagBag from /opt/airflow/dags/fraud_detection_training_dag.py
[2025-10-07T01:45:26.298+0000] {processor.py:925} INFO - DAG(s) 'fraud_detection_training' retrieved from /opt/airflow/dags/fraud_detection_training_dag.py
[2025-10-07T01:45:26.340+0000] {logging_mixin.py:190} INFO - [2025-10-07T01:45:26.340+0000] {dag.py:3239} INFO - Sync 1 DAGs
[2025-10-07T01:45:26.368+0000] {logging_mixin.py:190} INFO - [2025-10-07T01:45:26.367+0000] {dag.py:4180} INFO - Setting next_dagrun for fraud_detection_training to 2025-10-05 03:00:00+00:00, run_after=2025-10-06 03:00:00+00:00
[2025-10-07T01:45:26.382+0000] {processor.py:208} INFO - Processing /opt/airflow/dags/fraud_detection_training_dag.py took 0.143 seconds
[2025-10-07T01:45:56.616+0000] {processor.py:186} INFO - Started process (PID=1025) to work on /opt/airflow/dags/fraud_detection_training_dag.py
[2025-10-07T01:45:56.618+0000] {processor.py:914} INFO - Processing file /opt/airflow/dags/fraud_detection_training_dag.py for tasks to queue
[2025-10-07T01:45:56.620+0000] {logging_mixin.py:190} INFO - [2025-10-07T01:45:56.619+0000] {dagbag.py:588} INFO - Filling up the DagBag from /opt/airflow/dags/fraud_detection_training_dag.py
[2025-10-07T01:45:56.643+0000] {processor.py:925} INFO - DAG(s) 'fraud_detection_training' retrieved from /opt/airflow/dags/fraud_detection_training_dag.py
[2025-10-07T01:45:56.677+0000] {logging_mixin.py:190} INFO - [2025-10-07T01:45:56.677+0000] {dag.py:3239} INFO - Sync 1 DAGs
[2025-10-07T01:45:56.701+0000] {logging_mixin.py:190} INFO - [2025-10-07T01:45:56.701+0000] {dag.py:4180} INFO - Setting next_dagrun for fraud_detection_training to 2025-10-05 03:00:00+00:00, run_after=2025-10-06 03:00:00+00:00
[2025-10-07T01:45:56.713+0000] {processor.py:208} INFO - Processing /opt/airflow/dags/fraud_detection_training_dag.py took 0.109 seconds
[2025-10-07T01:46:27.003+0000] {processor.py:186} INFO - Started process (PID=1032) to work on /opt/airflow/dags/fraud_detection_training_dag.py
[2025-10-07T01:46:27.004+0000] {processor.py:914} INFO - Processing file /opt/airflow/dags/fraud_detection_training_dag.py for tasks to queue
[2025-10-07T01:46:27.005+0000] {logging_mixin.py:190} INFO - [2025-10-07T01:46:27.005+0000] {dagbag.py:588} INFO - Filling up the DagBag from /opt/airflow/dags/fraud_detection_training_dag.py
[2025-10-07T01:46:27.021+0000] {processor.py:925} INFO - DAG(s) 'fraud_detection_training' retrieved from /opt/airflow/dags/fraud_detection_training_dag.py
[2025-10-07T01:46:27.052+0000] {logging_mixin.py:190} INFO - [2025-10-07T01:46:27.051+0000] {dag.py:3239} INFO - Sync 1 DAGs
[2025-10-07T01:46:27.073+0000] {logging_mixin.py:190} INFO - [2025-10-07T01:46:27.073+0000] {dag.py:4180} INFO - Setting next_dagrun for fraud_detection_training to 2025-10-05 03:00:00+00:00, run_after=2025-10-06 03:00:00+00:00
[2025-10-07T01:46:27.086+0000] {processor.py:208} INFO - Processing /opt/airflow/dags/fraud_detection_training_dag.py took 0.090 seconds
[2025-10-07T01:46:57.390+0000] {processor.py:186} INFO - Started process (PID=1038) to work on /opt/airflow/dags/fraud_detection_training_dag.py
[2025-10-07T01:46:57.392+0000] {processor.py:914} INFO - Processing file /opt/airflow/dags/fraud_detection_training_dag.py for tasks to queue
[2025-10-07T01:46:57.396+0000] {logging_mixin.py:190} INFO - [2025-10-07T01:46:57.395+0000] {dagbag.py:588} INFO - Filling up the DagBag from /opt/airflow/dags/fraud_detection_training_dag.py
[2025-10-07T01:46:57.419+0000] {processor.py:925} INFO - DAG(s) 'fraud_detection_training' retrieved from /opt/airflow/dags/fraud_detection_training_dag.py
[2025-10-07T01:46:57.455+0000] {logging_mixin.py:190} INFO - [2025-10-07T01:46:57.455+0000] {dag.py:3239} INFO - Sync 1 DAGs
[2025-10-07T01:46:57.477+0000] {logging_mixin.py:190} INFO - [2025-10-07T01:46:57.477+0000] {dag.py:4180} INFO - Setting next_dagrun for fraud_detection_training to 2025-10-05 03:00:00+00:00, run_after=2025-10-06 03:00:00+00:00
[2025-10-07T01:46:57.491+0000] {processor.py:208} INFO - Processing /opt/airflow/dags/fraud_detection_training_dag.py took 0.110 seconds
[2025-10-07T01:47:27.818+0000] {processor.py:186} INFO - Started process (PID=1045) to work on /opt/airflow/dags/fraud_detection_training_dag.py
[2025-10-07T01:47:27.819+0000] {processor.py:914} INFO - Processing file /opt/airflow/dags/fraud_detection_training_dag.py for tasks to queue
[2025-10-07T01:47:27.820+0000] {logging_mixin.py:190} INFO - [2025-10-07T01:47:27.820+0000] {dagbag.py:588} INFO - Filling up the DagBag from /opt/airflow/dags/fraud_detection_training_dag.py
[2025-10-07T01:47:27.839+0000] {processor.py:925} INFO - DAG(s) 'fraud_detection_training' retrieved from /opt/airflow/dags/fraud_detection_training_dag.py
[2025-10-07T01:47:27.874+0000] {logging_mixin.py:190} INFO - [2025-10-07T01:47:27.873+0000] {dag.py:3239} INFO - Sync 1 DAGs
[2025-10-07T01:47:27.901+0000] {logging_mixin.py:190} INFO - [2025-10-07T01:47:27.901+0000] {dag.py:4180} INFO - Setting next_dagrun for fraud_detection_training to 2025-10-05 03:00:00+00:00, run_after=2025-10-06 03:00:00+00:00
[2025-10-07T01:47:27.916+0000] {processor.py:208} INFO - Processing /opt/airflow/dags/fraud_detection_training_dag.py took 0.106 seconds
[2025-10-07T01:47:58.317+0000] {processor.py:186} INFO - Started process (PID=1052) to work on /opt/airflow/dags/fraud_detection_training_dag.py
[2025-10-07T01:47:58.318+0000] {processor.py:914} INFO - Processing file /opt/airflow/dags/fraud_detection_training_dag.py for tasks to queue
[2025-10-07T01:47:58.320+0000] {logging_mixin.py:190} INFO - [2025-10-07T01:47:58.319+0000] {dagbag.py:588} INFO - Filling up the DagBag from /opt/airflow/dags/fraud_detection_training_dag.py
[2025-10-07T01:47:58.350+0000] {processor.py:925} INFO - DAG(s) 'fraud_detection_training' retrieved from /opt/airflow/dags/fraud_detection_training_dag.py
[2025-10-07T01:47:58.387+0000] {logging_mixin.py:190} INFO - [2025-10-07T01:47:58.387+0000] {dag.py:3239} INFO - Sync 1 DAGs
[2025-10-07T01:47:58.415+0000] {logging_mixin.py:190} INFO - [2025-10-07T01:47:58.414+0000] {dag.py:4180} INFO - Setting next_dagrun for fraud_detection_training to 2025-10-05 03:00:00+00:00, run_after=2025-10-06 03:00:00+00:00
[2025-10-07T01:47:58.426+0000] {processor.py:208} INFO - Processing /opt/airflow/dags/fraud_detection_training_dag.py took 0.121 seconds
[2025-10-07T01:48:28.713+0000] {processor.py:186} INFO - Started process (PID=1059) to work on /opt/airflow/dags/fraud_detection_training_dag.py
[2025-10-07T01:48:28.714+0000] {processor.py:914} INFO - Processing file /opt/airflow/dags/fraud_detection_training_dag.py for tasks to queue
[2025-10-07T01:48:28.716+0000] {logging_mixin.py:190} INFO - [2025-10-07T01:48:28.715+0000] {dagbag.py:588} INFO - Filling up the DagBag from /opt/airflow/dags/fraud_detection_training_dag.py
[2025-10-07T01:48:28.735+0000] {processor.py:925} INFO - DAG(s) 'fraud_detection_training' retrieved from /opt/airflow/dags/fraud_detection_training_dag.py
[2025-10-07T01:48:28.767+0000] {logging_mixin.py:190} INFO - [2025-10-07T01:48:28.767+0000] {dag.py:3239} INFO - Sync 1 DAGs
[2025-10-07T01:48:28.791+0000] {logging_mixin.py:190} INFO - [2025-10-07T01:48:28.791+0000] {dag.py:4180} INFO - Setting next_dagrun for fraud_detection_training to 2025-10-05 03:00:00+00:00, run_after=2025-10-06 03:00:00+00:00
[2025-10-07T01:48:28.804+0000] {processor.py:208} INFO - Processing /opt/airflow/dags/fraud_detection_training_dag.py took 0.099 seconds
[2025-10-07T01:48:59.194+0000] {processor.py:186} INFO - Started process (PID=1066) to work on /opt/airflow/dags/fraud_detection_training_dag.py
[2025-10-07T01:48:59.197+0000] {processor.py:914} INFO - Processing file /opt/airflow/dags/fraud_detection_training_dag.py for tasks to queue
[2025-10-07T01:48:59.198+0000] {logging_mixin.py:190} INFO - [2025-10-07T01:48:59.198+0000] {dagbag.py:588} INFO - Filling up the DagBag from /opt/airflow/dags/fraud_detection_training_dag.py
[2025-10-07T01:48:59.222+0000] {processor.py:925} INFO - DAG(s) 'fraud_detection_training' retrieved from /opt/airflow/dags/fraud_detection_training_dag.py
[2025-10-07T01:48:59.264+0000] {logging_mixin.py:190} INFO - [2025-10-07T01:48:59.264+0000] {dag.py:3239} INFO - Sync 1 DAGs
[2025-10-07T01:48:59.287+0000] {logging_mixin.py:190} INFO - [2025-10-07T01:48:59.287+0000] {dag.py:4180} INFO - Setting next_dagrun for fraud_detection_training to 2025-10-05 03:00:00+00:00, run_after=2025-10-06 03:00:00+00:00
[2025-10-07T01:48:59.300+0000] {processor.py:208} INFO - Processing /opt/airflow/dags/fraud_detection_training_dag.py took 0.113 seconds
[2025-10-07T01:49:29.639+0000] {processor.py:186} INFO - Started process (PID=1073) to work on /opt/airflow/dags/fraud_detection_training_dag.py
[2025-10-07T01:49:29.642+0000] {processor.py:914} INFO - Processing file /opt/airflow/dags/fraud_detection_training_dag.py for tasks to queue
[2025-10-07T01:49:29.644+0000] {logging_mixin.py:190} INFO - [2025-10-07T01:49:29.644+0000] {dagbag.py:588} INFO - Filling up the DagBag from /opt/airflow/dags/fraud_detection_training_dag.py
[2025-10-07T01:49:29.659+0000] {processor.py:925} INFO - DAG(s) 'fraud_detection_training' retrieved from /opt/airflow/dags/fraud_detection_training_dag.py
[2025-10-07T01:49:29.694+0000] {logging_mixin.py:190} INFO - [2025-10-07T01:49:29.694+0000] {dag.py:3239} INFO - Sync 1 DAGs
[2025-10-07T01:49:29.723+0000] {logging_mixin.py:190} INFO - [2025-10-07T01:49:29.723+0000] {dag.py:4180} INFO - Setting next_dagrun for fraud_detection_training to 2025-10-05 03:00:00+00:00, run_after=2025-10-06 03:00:00+00:00
[2025-10-07T01:49:29.737+0000] {processor.py:208} INFO - Processing /opt/airflow/dags/fraud_detection_training_dag.py took 0.109 seconds
[2025-10-07T01:50:00.001+0000] {processor.py:186} INFO - Started process (PID=1080) to work on /opt/airflow/dags/fraud_detection_training_dag.py
[2025-10-07T01:50:00.004+0000] {processor.py:914} INFO - Processing file /opt/airflow/dags/fraud_detection_training_dag.py for tasks to queue
[2025-10-07T01:50:00.007+0000] {logging_mixin.py:190} INFO - [2025-10-07T01:50:00.005+0000] {dagbag.py:588} INFO - Filling up the DagBag from /opt/airflow/dags/fraud_detection_training_dag.py
[2025-10-07T01:50:00.030+0000] {processor.py:925} INFO - DAG(s) 'fraud_detection_training' retrieved from /opt/airflow/dags/fraud_detection_training_dag.py
[2025-10-07T01:50:00.058+0000] {logging_mixin.py:190} INFO - [2025-10-07T01:50:00.058+0000] {dag.py:3239} INFO - Sync 1 DAGs
[2025-10-07T01:50:00.081+0000] {logging_mixin.py:190} INFO - [2025-10-07T01:50:00.081+0000] {dag.py:4180} INFO - Setting next_dagrun for fraud_detection_training to 2025-10-05 03:00:00+00:00, run_after=2025-10-06 03:00:00+00:00
[2025-10-07T01:50:00.092+0000] {processor.py:208} INFO - Processing /opt/airflow/dags/fraud_detection_training_dag.py took 0.097 seconds
[2025-10-07T01:50:30.393+0000] {processor.py:186} INFO - Started process (PID=1087) to work on /opt/airflow/dags/fraud_detection_training_dag.py
[2025-10-07T01:50:30.395+0000] {processor.py:914} INFO - Processing file /opt/airflow/dags/fraud_detection_training_dag.py for tasks to queue
[2025-10-07T01:50:30.400+0000] {logging_mixin.py:190} INFO - [2025-10-07T01:50:30.400+0000] {dagbag.py:588} INFO - Filling up the DagBag from /opt/airflow/dags/fraud_detection_training_dag.py
[2025-10-07T01:50:30.417+0000] {processor.py:925} INFO - DAG(s) 'fraud_detection_training' retrieved from /opt/airflow/dags/fraud_detection_training_dag.py
[2025-10-07T01:50:30.447+0000] {logging_mixin.py:190} INFO - [2025-10-07T01:50:30.447+0000] {dag.py:3239} INFO - Sync 1 DAGs
[2025-10-07T01:50:30.466+0000] {logging_mixin.py:190} INFO - [2025-10-07T01:50:30.466+0000] {dag.py:4180} INFO - Setting next_dagrun for fraud_detection_training to 2025-10-05 03:00:00+00:00, run_after=2025-10-06 03:00:00+00:00
[2025-10-07T01:50:30.481+0000] {processor.py:208} INFO - Processing /opt/airflow/dags/fraud_detection_training_dag.py took 0.097 seconds
[2025-10-07T01:51:00.726+0000] {processor.py:186} INFO - Started process (PID=1094) to work on /opt/airflow/dags/fraud_detection_training_dag.py
[2025-10-07T01:51:00.727+0000] {processor.py:914} INFO - Processing file /opt/airflow/dags/fraud_detection_training_dag.py for tasks to queue
[2025-10-07T01:51:00.728+0000] {logging_mixin.py:190} INFO - [2025-10-07T01:51:00.728+0000] {dagbag.py:588} INFO - Filling up the DagBag from /opt/airflow/dags/fraud_detection_training_dag.py
[2025-10-07T01:51:00.744+0000] {processor.py:925} INFO - DAG(s) 'fraud_detection_training' retrieved from /opt/airflow/dags/fraud_detection_training_dag.py
[2025-10-07T01:51:00.766+0000] {logging_mixin.py:190} INFO - [2025-10-07T01:51:00.765+0000] {dag.py:3239} INFO - Sync 1 DAGs
[2025-10-07T01:51:00.780+0000] {logging_mixin.py:190} INFO - [2025-10-07T01:51:00.780+0000] {dag.py:4180} INFO - Setting next_dagrun for fraud_detection_training to 2025-10-05 03:00:00+00:00, run_after=2025-10-06 03:00:00+00:00
[2025-10-07T01:51:00.790+0000] {processor.py:208} INFO - Processing /opt/airflow/dags/fraud_detection_training_dag.py took 0.074 seconds
[2025-10-07T01:51:31.117+0000] {processor.py:186} INFO - Started process (PID=1101) to work on /opt/airflow/dags/fraud_detection_training_dag.py
[2025-10-07T01:51:31.118+0000] {processor.py:914} INFO - Processing file /opt/airflow/dags/fraud_detection_training_dag.py for tasks to queue
[2025-10-07T01:51:31.119+0000] {logging_mixin.py:190} INFO - [2025-10-07T01:51:31.119+0000] {dagbag.py:588} INFO - Filling up the DagBag from /opt/airflow/dags/fraud_detection_training_dag.py
[2025-10-07T01:51:31.141+0000] {processor.py:925} INFO - DAG(s) 'fraud_detection_training' retrieved from /opt/airflow/dags/fraud_detection_training_dag.py
[2025-10-07T01:51:31.176+0000] {logging_mixin.py:190} INFO - [2025-10-07T01:51:31.175+0000] {dag.py:3239} INFO - Sync 1 DAGs
[2025-10-07T01:51:31.198+0000] {logging_mixin.py:190} INFO - [2025-10-07T01:51:31.198+0000] {dag.py:4180} INFO - Setting next_dagrun for fraud_detection_training to 2025-10-05 03:00:00+00:00, run_after=2025-10-06 03:00:00+00:00
[2025-10-07T01:51:31.208+0000] {processor.py:208} INFO - Processing /opt/airflow/dags/fraud_detection_training_dag.py took 0.096 seconds
[2025-10-07T01:52:01.604+0000] {processor.py:186} INFO - Started process (PID=1108) to work on /opt/airflow/dags/fraud_detection_training_dag.py
[2025-10-07T01:52:01.605+0000] {processor.py:914} INFO - Processing file /opt/airflow/dags/fraud_detection_training_dag.py for tasks to queue
[2025-10-07T01:52:01.607+0000] {logging_mixin.py:190} INFO - [2025-10-07T01:52:01.606+0000] {dagbag.py:588} INFO - Filling up the DagBag from /opt/airflow/dags/fraud_detection_training_dag.py
[2025-10-07T01:52:01.635+0000] {processor.py:925} INFO - DAG(s) 'fraud_detection_training' retrieved from /opt/airflow/dags/fraud_detection_training_dag.py
[2025-10-07T01:52:01.673+0000] {logging_mixin.py:190} INFO - [2025-10-07T01:52:01.673+0000] {dag.py:3239} INFO - Sync 1 DAGs
[2025-10-07T01:52:01.697+0000] {logging_mixin.py:190} INFO - [2025-10-07T01:52:01.696+0000] {dag.py:4180} INFO - Setting next_dagrun for fraud_detection_training to 2025-10-05 03:00:00+00:00, run_after=2025-10-06 03:00:00+00:00
[2025-10-07T01:52:01.708+0000] {processor.py:208} INFO - Processing /opt/airflow/dags/fraud_detection_training_dag.py took 0.117 seconds
[2025-10-07T01:52:31.964+0000] {processor.py:186} INFO - Started process (PID=1115) to work on /opt/airflow/dags/fraud_detection_training_dag.py
[2025-10-07T01:52:31.965+0000] {processor.py:914} INFO - Processing file /opt/airflow/dags/fraud_detection_training_dag.py for tasks to queue
[2025-10-07T01:52:31.966+0000] {logging_mixin.py:190} INFO - [2025-10-07T01:52:31.966+0000] {dagbag.py:588} INFO - Filling up the DagBag from /opt/airflow/dags/fraud_detection_training_dag.py
[2025-10-07T01:52:31.991+0000] {processor.py:925} INFO - DAG(s) 'fraud_detection_training' retrieved from /opt/airflow/dags/fraud_detection_training_dag.py
[2025-10-07T01:52:32.027+0000] {logging_mixin.py:190} INFO - [2025-10-07T01:52:32.027+0000] {dag.py:3239} INFO - Sync 1 DAGs
[2025-10-07T01:52:32.052+0000] {logging_mixin.py:190} INFO - [2025-10-07T01:52:32.052+0000] {dag.py:4180} INFO - Setting next_dagrun for fraud_detection_training to 2025-10-05 03:00:00+00:00, run_after=2025-10-06 03:00:00+00:00
[2025-10-07T01:52:32.066+0000] {processor.py:208} INFO - Processing /opt/airflow/dags/fraud_detection_training_dag.py took 0.112 seconds
[2025-10-07T01:53:02.411+0000] {processor.py:186} INFO - Started process (PID=1122) to work on /opt/airflow/dags/fraud_detection_training_dag.py
[2025-10-07T01:53:02.413+0000] {processor.py:914} INFO - Processing file /opt/airflow/dags/fraud_detection_training_dag.py for tasks to queue
[2025-10-07T01:53:02.415+0000] {logging_mixin.py:190} INFO - [2025-10-07T01:53:02.414+0000] {dagbag.py:588} INFO - Filling up the DagBag from /opt/airflow/dags/fraud_detection_training_dag.py
[2025-10-07T01:53:02.432+0000] {processor.py:925} INFO - DAG(s) 'fraud_detection_training' retrieved from /opt/airflow/dags/fraud_detection_training_dag.py
[2025-10-07T01:53:02.462+0000] {logging_mixin.py:190} INFO - [2025-10-07T01:53:02.462+0000] {dag.py:3239} INFO - Sync 1 DAGs
[2025-10-07T01:53:02.481+0000] {logging_mixin.py:190} INFO - [2025-10-07T01:53:02.481+0000] {dag.py:4180} INFO - Setting next_dagrun for fraud_detection_training to 2025-10-05 03:00:00+00:00, run_after=2025-10-06 03:00:00+00:00
[2025-10-07T01:53:02.491+0000] {processor.py:208} INFO - Processing /opt/airflow/dags/fraud_detection_training_dag.py took 0.088 seconds
[2025-10-07T01:53:32.821+0000] {processor.py:186} INFO - Started process (PID=1129) to work on /opt/airflow/dags/fraud_detection_training_dag.py
[2025-10-07T01:53:32.822+0000] {processor.py:914} INFO - Processing file /opt/airflow/dags/fraud_detection_training_dag.py for tasks to queue
[2025-10-07T01:53:32.823+0000] {logging_mixin.py:190} INFO - [2025-10-07T01:53:32.823+0000] {dagbag.py:588} INFO - Filling up the DagBag from /opt/airflow/dags/fraud_detection_training_dag.py
[2025-10-07T01:53:32.840+0000] {processor.py:925} INFO - DAG(s) 'fraud_detection_training' retrieved from /opt/airflow/dags/fraud_detection_training_dag.py
[2025-10-07T01:53:32.875+0000] {logging_mixin.py:190} INFO - [2025-10-07T01:53:32.875+0000] {dag.py:3239} INFO - Sync 1 DAGs
[2025-10-07T01:53:32.900+0000] {logging_mixin.py:190} INFO - [2025-10-07T01:53:32.899+0000] {dag.py:4180} INFO - Setting next_dagrun for fraud_detection_training to 2025-10-05 03:00:00+00:00, run_after=2025-10-06 03:00:00+00:00
[2025-10-07T01:53:32.913+0000] {processor.py:208} INFO - Processing /opt/airflow/dags/fraud_detection_training_dag.py took 0.100 seconds
[2025-10-07T01:54:03.271+0000] {processor.py:186} INFO - Started process (PID=1136) to work on /opt/airflow/dags/fraud_detection_training_dag.py
[2025-10-07T01:54:03.272+0000] {processor.py:914} INFO - Processing file /opt/airflow/dags/fraud_detection_training_dag.py for tasks to queue
[2025-10-07T01:54:03.273+0000] {logging_mixin.py:190} INFO - [2025-10-07T01:54:03.273+0000] {dagbag.py:588} INFO - Filling up the DagBag from /opt/airflow/dags/fraud_detection_training_dag.py
[2025-10-07T01:54:03.297+0000] {processor.py:925} INFO - DAG(s) 'fraud_detection_training' retrieved from /opt/airflow/dags/fraud_detection_training_dag.py
[2025-10-07T01:54:03.330+0000] {logging_mixin.py:190} INFO - [2025-10-07T01:54:03.330+0000] {dag.py:3239} INFO - Sync 1 DAGs
[2025-10-07T01:54:03.356+0000] {logging_mixin.py:190} INFO - [2025-10-07T01:54:03.356+0000] {dag.py:4180} INFO - Setting next_dagrun for fraud_detection_training to 2025-10-05 03:00:00+00:00, run_after=2025-10-06 03:00:00+00:00
[2025-10-07T01:54:03.366+0000] {processor.py:208} INFO - Processing /opt/airflow/dags/fraud_detection_training_dag.py took 0.107 seconds
[2025-10-07T01:54:33.692+0000] {processor.py:186} INFO - Started process (PID=1143) to work on /opt/airflow/dags/fraud_detection_training_dag.py
[2025-10-07T01:54:33.693+0000] {processor.py:914} INFO - Processing file /opt/airflow/dags/fraud_detection_training_dag.py for tasks to queue
[2025-10-07T01:54:33.695+0000] {logging_mixin.py:190} INFO - [2025-10-07T01:54:33.695+0000] {dagbag.py:588} INFO - Filling up the DagBag from /opt/airflow/dags/fraud_detection_training_dag.py
[2025-10-07T01:54:33.716+0000] {processor.py:925} INFO - DAG(s) 'fraud_detection_training' retrieved from /opt/airflow/dags/fraud_detection_training_dag.py
[2025-10-07T01:54:33.753+0000] {logging_mixin.py:190} INFO - [2025-10-07T01:54:33.753+0000] {dag.py:3239} INFO - Sync 1 DAGs
[2025-10-07T01:54:33.778+0000] {logging_mixin.py:190} INFO - [2025-10-07T01:54:33.778+0000] {dag.py:4180} INFO - Setting next_dagrun for fraud_detection_training to 2025-10-05 03:00:00+00:00, run_after=2025-10-06 03:00:00+00:00
[2025-10-07T01:54:33.789+0000] {processor.py:208} INFO - Processing /opt/airflow/dags/fraud_detection_training_dag.py took 0.109 seconds
[2025-10-07T01:55:04.074+0000] {processor.py:186} INFO - Started process (PID=1150) to work on /opt/airflow/dags/fraud_detection_training_dag.py
[2025-10-07T01:55:04.076+0000] {processor.py:914} INFO - Processing file /opt/airflow/dags/fraud_detection_training_dag.py for tasks to queue
[2025-10-07T01:55:04.077+0000] {logging_mixin.py:190} INFO - [2025-10-07T01:55:04.076+0000] {dagbag.py:588} INFO - Filling up the DagBag from /opt/airflow/dags/fraud_detection_training_dag.py
[2025-10-07T01:55:04.101+0000] {processor.py:925} INFO - DAG(s) 'fraud_detection_training' retrieved from /opt/airflow/dags/fraud_detection_training_dag.py
[2025-10-07T01:55:04.135+0000] {logging_mixin.py:190} INFO - [2025-10-07T01:55:04.135+0000] {dag.py:3239} INFO - Sync 1 DAGs
[2025-10-07T01:55:04.159+0000] {logging_mixin.py:190} INFO - [2025-10-07T01:55:04.159+0000] {dag.py:4180} INFO - Setting next_dagrun for fraud_detection_training to 2025-10-05 03:00:00+00:00, run_after=2025-10-06 03:00:00+00:00
[2025-10-07T01:55:04.171+0000] {processor.py:208} INFO - Processing /opt/airflow/dags/fraud_detection_training_dag.py took 0.108 seconds
[2025-10-07T01:55:34.429+0000] {processor.py:186} INFO - Started process (PID=1157) to work on /opt/airflow/dags/fraud_detection_training_dag.py
[2025-10-07T01:55:34.430+0000] {processor.py:914} INFO - Processing file /opt/airflow/dags/fraud_detection_training_dag.py for tasks to queue
[2025-10-07T01:55:34.431+0000] {logging_mixin.py:190} INFO - [2025-10-07T01:55:34.431+0000] {dagbag.py:588} INFO - Filling up the DagBag from /opt/airflow/dags/fraud_detection_training_dag.py
[2025-10-07T01:55:34.447+0000] {processor.py:925} INFO - DAG(s) 'fraud_detection_training' retrieved from /opt/airflow/dags/fraud_detection_training_dag.py
[2025-10-07T01:55:34.474+0000] {logging_mixin.py:190} INFO - [2025-10-07T01:55:34.474+0000] {dag.py:3239} INFO - Sync 1 DAGs
[2025-10-07T01:55:34.492+0000] {logging_mixin.py:190} INFO - [2025-10-07T01:55:34.492+0000] {dag.py:4180} INFO - Setting next_dagrun for fraud_detection_training to 2025-10-05 03:00:00+00:00, run_after=2025-10-06 03:00:00+00:00
[2025-10-07T01:55:34.502+0000] {processor.py:208} INFO - Processing /opt/airflow/dags/fraud_detection_training_dag.py took 0.082 seconds
[2025-10-07T01:56:04.986+0000] {processor.py:186} INFO - Started process (PID=1164) to work on /opt/airflow/dags/fraud_detection_training_dag.py
[2025-10-07T01:56:04.987+0000] {processor.py:914} INFO - Processing file /opt/airflow/dags/fraud_detection_training_dag.py for tasks to queue
[2025-10-07T01:56:04.989+0000] {logging_mixin.py:190} INFO - [2025-10-07T01:56:04.989+0000] {dagbag.py:588} INFO - Filling up the DagBag from /opt/airflow/dags/fraud_detection_training_dag.py
[2025-10-07T01:56:05.006+0000] {processor.py:925} INFO - DAG(s) 'fraud_detection_training' retrieved from /opt/airflow/dags/fraud_detection_training_dag.py
[2025-10-07T01:56:05.036+0000] {logging_mixin.py:190} INFO - [2025-10-07T01:56:05.036+0000] {dag.py:3239} INFO - Sync 1 DAGs
[2025-10-07T01:56:05.056+0000] {logging_mixin.py:190} INFO - [2025-10-07T01:56:05.056+0000] {dag.py:4180} INFO - Setting next_dagrun for fraud_detection_training to 2025-10-05 03:00:00+00:00, run_after=2025-10-06 03:00:00+00:00
[2025-10-07T01:56:05.066+0000] {processor.py:208} INFO - Processing /opt/airflow/dags/fraud_detection_training_dag.py took 0.090 seconds
[2025-10-07T01:56:35.388+0000] {processor.py:186} INFO - Started process (PID=1171) to work on /opt/airflow/dags/fraud_detection_training_dag.py
[2025-10-07T01:56:35.390+0000] {processor.py:914} INFO - Processing file /opt/airflow/dags/fraud_detection_training_dag.py for tasks to queue
[2025-10-07T01:56:35.391+0000] {logging_mixin.py:190} INFO - [2025-10-07T01:56:35.390+0000] {dagbag.py:588} INFO - Filling up the DagBag from /opt/airflow/dags/fraud_detection_training_dag.py
[2025-10-07T01:56:35.411+0000] {processor.py:925} INFO - DAG(s) 'fraud_detection_training' retrieved from /opt/airflow/dags/fraud_detection_training_dag.py
[2025-10-07T01:56:35.444+0000] {logging_mixin.py:190} INFO - [2025-10-07T01:56:35.444+0000] {dag.py:3239} INFO - Sync 1 DAGs
[2025-10-07T01:56:35.467+0000] {logging_mixin.py:190} INFO - [2025-10-07T01:56:35.467+0000] {dag.py:4180} INFO - Setting next_dagrun for fraud_detection_training to 2025-10-05 03:00:00+00:00, run_after=2025-10-06 03:00:00+00:00
[2025-10-07T01:56:35.477+0000] {processor.py:208} INFO - Processing /opt/airflow/dags/fraud_detection_training_dag.py took 0.100 seconds
[2025-10-07T01:57:05.786+0000] {processor.py:186} INFO - Started process (PID=1178) to work on /opt/airflow/dags/fraud_detection_training_dag.py
[2025-10-07T01:57:05.788+0000] {processor.py:914} INFO - Processing file /opt/airflow/dags/fraud_detection_training_dag.py for tasks to queue
[2025-10-07T01:57:05.789+0000] {logging_mixin.py:190} INFO - [2025-10-07T01:57:05.789+0000] {dagbag.py:588} INFO - Filling up the DagBag from /opt/airflow/dags/fraud_detection_training_dag.py
[2025-10-07T01:57:05.810+0000] {processor.py:925} INFO - DAG(s) 'fraud_detection_training' retrieved from /opt/airflow/dags/fraud_detection_training_dag.py
[2025-10-07T01:57:05.845+0000] {logging_mixin.py:190} INFO - [2025-10-07T01:57:05.844+0000] {dag.py:3239} INFO - Sync 1 DAGs
[2025-10-07T01:57:05.869+0000] {logging_mixin.py:190} INFO - [2025-10-07T01:57:05.869+0000] {dag.py:4180} INFO - Setting next_dagrun for fraud_detection_training to 2025-10-05 03:00:00+00:00, run_after=2025-10-06 03:00:00+00:00
[2025-10-07T01:57:05.880+0000] {processor.py:208} INFO - Processing /opt/airflow/dags/fraud_detection_training_dag.py took 0.105 seconds
[2025-10-07T01:57:36.173+0000] {processor.py:186} INFO - Started process (PID=1185) to work on /opt/airflow/dags/fraud_detection_training_dag.py
[2025-10-07T01:57:36.175+0000] {processor.py:914} INFO - Processing file /opt/airflow/dags/fraud_detection_training_dag.py for tasks to queue
[2025-10-07T01:57:36.177+0000] {logging_mixin.py:190} INFO - [2025-10-07T01:57:36.176+0000] {dagbag.py:588} INFO - Filling up the DagBag from /opt/airflow/dags/fraud_detection_training_dag.py
[2025-10-07T01:57:36.198+0000] {processor.py:925} INFO - DAG(s) 'fraud_detection_training' retrieved from /opt/airflow/dags/fraud_detection_training_dag.py
[2025-10-07T01:57:36.233+0000] {logging_mixin.py:190} INFO - [2025-10-07T01:57:36.233+0000] {dag.py:3239} INFO - Sync 1 DAGs
[2025-10-07T01:57:36.257+0000] {logging_mixin.py:190} INFO - [2025-10-07T01:57:36.257+0000] {dag.py:4180} INFO - Setting next_dagrun for fraud_detection_training to 2025-10-05 03:00:00+00:00, run_after=2025-10-06 03:00:00+00:00
[2025-10-07T01:57:36.272+0000] {processor.py:208} INFO - Processing /opt/airflow/dags/fraud_detection_training_dag.py took 0.109 seconds
[2025-10-07T01:58:06.608+0000] {processor.py:186} INFO - Started process (PID=1192) to work on /opt/airflow/dags/fraud_detection_training_dag.py
[2025-10-07T01:58:06.609+0000] {processor.py:914} INFO - Processing file /opt/airflow/dags/fraud_detection_training_dag.py for tasks to queue
[2025-10-07T01:58:06.611+0000] {logging_mixin.py:190} INFO - [2025-10-07T01:58:06.610+0000] {dagbag.py:588} INFO - Filling up the DagBag from /opt/airflow/dags/fraud_detection_training_dag.py
[2025-10-07T01:58:06.636+0000] {processor.py:925} INFO - DAG(s) 'fraud_detection_training' retrieved from /opt/airflow/dags/fraud_detection_training_dag.py
[2025-10-07T01:58:06.695+0000] {logging_mixin.py:190} INFO - [2025-10-07T01:58:06.694+0000] {dag.py:3239} INFO - Sync 1 DAGs
[2025-10-07T01:58:06.734+0000] {logging_mixin.py:190} INFO - [2025-10-07T01:58:06.734+0000] {dag.py:4180} INFO - Setting next_dagrun for fraud_detection_training to 2025-10-05 03:00:00+00:00, run_after=2025-10-06 03:00:00+00:00
[2025-10-07T01:58:06.766+0000] {processor.py:208} INFO - Processing /opt/airflow/dags/fraud_detection_training_dag.py took 0.170 seconds
[2025-10-07T01:58:37.007+0000] {processor.py:186} INFO - Started process (PID=1199) to work on /opt/airflow/dags/fraud_detection_training_dag.py
[2025-10-07T01:58:37.008+0000] {processor.py:914} INFO - Processing file /opt/airflow/dags/fraud_detection_training_dag.py for tasks to queue
[2025-10-07T01:58:37.009+0000] {logging_mixin.py:190} INFO - [2025-10-07T01:58:37.009+0000] {dagbag.py:588} INFO - Filling up the DagBag from /opt/airflow/dags/fraud_detection_training_dag.py
[2025-10-07T01:58:37.032+0000] {processor.py:925} INFO - DAG(s) 'fraud_detection_training' retrieved from /opt/airflow/dags/fraud_detection_training_dag.py
[2025-10-07T01:58:37.074+0000] {logging_mixin.py:190} INFO - [2025-10-07T01:58:37.074+0000] {dag.py:3239} INFO - Sync 1 DAGs
[2025-10-07T01:58:37.102+0000] {logging_mixin.py:190} INFO - [2025-10-07T01:58:37.101+0000] {dag.py:4180} INFO - Setting next_dagrun for fraud_detection_training to 2025-10-05 03:00:00+00:00, run_after=2025-10-06 03:00:00+00:00
[2025-10-07T01:58:37.113+0000] {processor.py:208} INFO - Processing /opt/airflow/dags/fraud_detection_training_dag.py took 0.118 seconds
[2025-10-07T01:59:07.457+0000] {processor.py:186} INFO - Started process (PID=1206) to work on /opt/airflow/dags/fraud_detection_training_dag.py
[2025-10-07T01:59:07.458+0000] {processor.py:914} INFO - Processing file /opt/airflow/dags/fraud_detection_training_dag.py for tasks to queue
[2025-10-07T01:59:07.459+0000] {logging_mixin.py:190} INFO - [2025-10-07T01:59:07.459+0000] {dagbag.py:588} INFO - Filling up the DagBag from /opt/airflow/dags/fraud_detection_training_dag.py
[2025-10-07T01:59:07.480+0000] {processor.py:925} INFO - DAG(s) 'fraud_detection_training' retrieved from /opt/airflow/dags/fraud_detection_training_dag.py
[2025-10-07T01:59:07.515+0000] {logging_mixin.py:190} INFO - [2025-10-07T01:59:07.514+0000] {dag.py:3239} INFO - Sync 1 DAGs
[2025-10-07T01:59:07.538+0000] {logging_mixin.py:190} INFO - [2025-10-07T01:59:07.538+0000] {dag.py:4180} INFO - Setting next_dagrun for fraud_detection_training to 2025-10-05 03:00:00+00:00, run_after=2025-10-06 03:00:00+00:00
[2025-10-07T01:59:07.549+0000] {processor.py:208} INFO - Processing /opt/airflow/dags/fraud_detection_training_dag.py took 0.101 seconds
[2025-10-07T01:59:37.886+0000] {processor.py:186} INFO - Started process (PID=1213) to work on /opt/airflow/dags/fraud_detection_training_dag.py
[2025-10-07T01:59:37.887+0000] {processor.py:914} INFO - Processing file /opt/airflow/dags/fraud_detection_training_dag.py for tasks to queue
[2025-10-07T01:59:37.888+0000] {logging_mixin.py:190} INFO - [2025-10-07T01:59:37.888+0000] {dagbag.py:588} INFO - Filling up the DagBag from /opt/airflow/dags/fraud_detection_training_dag.py
[2025-10-07T01:59:37.901+0000] {processor.py:925} INFO - DAG(s) 'fraud_detection_training' retrieved from /opt/airflow/dags/fraud_detection_training_dag.py
[2025-10-07T01:59:37.928+0000] {logging_mixin.py:190} INFO - [2025-10-07T01:59:37.927+0000] {dag.py:3239} INFO - Sync 1 DAGs
[2025-10-07T01:59:37.958+0000] {logging_mixin.py:190} INFO - [2025-10-07T01:59:37.958+0000] {dag.py:4180} INFO - Setting next_dagrun for fraud_detection_training to 2025-10-05 03:00:00+00:00, run_after=2025-10-06 03:00:00+00:00
[2025-10-07T01:59:37.969+0000] {processor.py:208} INFO - Processing /opt/airflow/dags/fraud_detection_training_dag.py took 0.088 seconds
[2025-10-07T02:00:08.308+0000] {processor.py:186} INFO - Started process (PID=1219) to work on /opt/airflow/dags/fraud_detection_training_dag.py
[2025-10-07T02:00:08.309+0000] {processor.py:914} INFO - Processing file /opt/airflow/dags/fraud_detection_training_dag.py for tasks to queue
[2025-10-07T02:00:08.311+0000] {logging_mixin.py:190} INFO - [2025-10-07T02:00:08.311+0000] {dagbag.py:588} INFO - Filling up the DagBag from /opt/airflow/dags/fraud_detection_training_dag.py
[2025-10-07T02:00:08.329+0000] {processor.py:925} INFO - DAG(s) 'fraud_detection_training' retrieved from /opt/airflow/dags/fraud_detection_training_dag.py
[2025-10-07T02:00:08.357+0000] {logging_mixin.py:190} INFO - [2025-10-07T02:00:08.356+0000] {dag.py:3239} INFO - Sync 1 DAGs
[2025-10-07T02:00:08.379+0000] {logging_mixin.py:190} INFO - [2025-10-07T02:00:08.379+0000] {dag.py:4180} INFO - Setting next_dagrun for fraud_detection_training to 2025-10-05 03:00:00+00:00, run_after=2025-10-06 03:00:00+00:00
[2025-10-07T02:00:08.389+0000] {processor.py:208} INFO - Processing /opt/airflow/dags/fraud_detection_training_dag.py took 0.088 seconds
[2025-10-07T02:00:38.690+0000] {processor.py:186} INFO - Started process (PID=1226) to work on /opt/airflow/dags/fraud_detection_training_dag.py
[2025-10-07T02:00:38.691+0000] {processor.py:914} INFO - Processing file /opt/airflow/dags/fraud_detection_training_dag.py for tasks to queue
[2025-10-07T02:00:38.692+0000] {logging_mixin.py:190} INFO - [2025-10-07T02:00:38.692+0000] {dagbag.py:588} INFO - Filling up the DagBag from /opt/airflow/dags/fraud_detection_training_dag.py
[2025-10-07T02:00:38.712+0000] {processor.py:925} INFO - DAG(s) 'fraud_detection_training' retrieved from /opt/airflow/dags/fraud_detection_training_dag.py
[2025-10-07T02:00:38.743+0000] {logging_mixin.py:190} INFO - [2025-10-07T02:00:38.742+0000] {dag.py:3239} INFO - Sync 1 DAGs
[2025-10-07T02:00:38.766+0000] {logging_mixin.py:190} INFO - [2025-10-07T02:00:38.766+0000] {dag.py:4180} INFO - Setting next_dagrun for fraud_detection_training to 2025-10-05 03:00:00+00:00, run_after=2025-10-06 03:00:00+00:00
[2025-10-07T02:00:38.778+0000] {processor.py:208} INFO - Processing /opt/airflow/dags/fraud_detection_training_dag.py took 0.099 seconds
[2025-10-07T02:01:08.994+0000] {processor.py:186} INFO - Started process (PID=1233) to work on /opt/airflow/dags/fraud_detection_training_dag.py
[2025-10-07T02:01:08.996+0000] {processor.py:914} INFO - Processing file /opt/airflow/dags/fraud_detection_training_dag.py for tasks to queue
[2025-10-07T02:01:08.997+0000] {logging_mixin.py:190} INFO - [2025-10-07T02:01:08.996+0000] {dagbag.py:588} INFO - Filling up the DagBag from /opt/airflow/dags/fraud_detection_training_dag.py
[2025-10-07T02:01:09.018+0000] {processor.py:925} INFO - DAG(s) 'fraud_detection_training' retrieved from /opt/airflow/dags/fraud_detection_training_dag.py
[2025-10-07T02:01:09.053+0000] {logging_mixin.py:190} INFO - [2025-10-07T02:01:09.053+0000] {dag.py:3239} INFO - Sync 1 DAGs
[2025-10-07T02:01:09.071+0000] {logging_mixin.py:190} INFO - [2025-10-07T02:01:09.071+0000] {dag.py:4180} INFO - Setting next_dagrun for fraud_detection_training to 2025-10-05 03:00:00+00:00, run_after=2025-10-06 03:00:00+00:00
[2025-10-07T02:01:09.080+0000] {processor.py:208} INFO - Processing /opt/airflow/dags/fraud_detection_training_dag.py took 0.099 seconds
[2025-10-07T02:01:39.413+0000] {processor.py:186} INFO - Started process (PID=1240) to work on /opt/airflow/dags/fraud_detection_training_dag.py
[2025-10-07T02:01:39.415+0000] {processor.py:914} INFO - Processing file /opt/airflow/dags/fraud_detection_training_dag.py for tasks to queue
[2025-10-07T02:01:39.415+0000] {logging_mixin.py:190} INFO - [2025-10-07T02:01:39.415+0000] {dagbag.py:588} INFO - Filling up the DagBag from /opt/airflow/dags/fraud_detection_training_dag.py
[2025-10-07T02:01:39.439+0000] {processor.py:925} INFO - DAG(s) 'fraud_detection_training' retrieved from /opt/airflow/dags/fraud_detection_training_dag.py
[2025-10-07T02:01:39.467+0000] {logging_mixin.py:190} INFO - [2025-10-07T02:01:39.466+0000] {dag.py:3239} INFO - Sync 1 DAGs
[2025-10-07T02:01:39.487+0000] {logging_mixin.py:190} INFO - [2025-10-07T02:01:39.487+0000] {dag.py:4180} INFO - Setting next_dagrun for fraud_detection_training to 2025-10-05 03:00:00+00:00, run_after=2025-10-06 03:00:00+00:00
[2025-10-07T02:01:39.496+0000] {processor.py:208} INFO - Processing /opt/airflow/dags/fraud_detection_training_dag.py took 0.089 seconds
[2025-10-07T02:02:09.849+0000] {processor.py:186} INFO - Started process (PID=1247) to work on /opt/airflow/dags/fraud_detection_training_dag.py
[2025-10-07T02:02:09.851+0000] {processor.py:914} INFO - Processing file /opt/airflow/dags/fraud_detection_training_dag.py for tasks to queue
[2025-10-07T02:02:09.852+0000] {logging_mixin.py:190} INFO - [2025-10-07T02:02:09.852+0000] {dagbag.py:588} INFO - Filling up the DagBag from /opt/airflow/dags/fraud_detection_training_dag.py
[2025-10-07T02:02:09.884+0000] {processor.py:925} INFO - DAG(s) 'fraud_detection_training' retrieved from /opt/airflow/dags/fraud_detection_training_dag.py
[2025-10-07T02:02:09.942+0000] {logging_mixin.py:190} INFO - [2025-10-07T02:02:09.942+0000] {dag.py:3239} INFO - Sync 1 DAGs
[2025-10-07T02:02:09.983+0000] {logging_mixin.py:190} INFO - [2025-10-07T02:02:09.983+0000] {dag.py:4180} INFO - Setting next_dagrun for fraud_detection_training to 2025-10-05 03:00:00+00:00, run_after=2025-10-06 03:00:00+00:00
[2025-10-07T02:02:09.999+0000] {processor.py:208} INFO - Processing /opt/airflow/dags/fraud_detection_training_dag.py took 0.162 seconds
[2025-10-07T02:02:40.181+0000] {processor.py:186} INFO - Started process (PID=1254) to work on /opt/airflow/dags/fraud_detection_training_dag.py
[2025-10-07T02:02:40.182+0000] {processor.py:914} INFO - Processing file /opt/airflow/dags/fraud_detection_training_dag.py for tasks to queue
[2025-10-07T02:02:40.184+0000] {logging_mixin.py:190} INFO - [2025-10-07T02:02:40.183+0000] {dagbag.py:588} INFO - Filling up the DagBag from /opt/airflow/dags/fraud_detection_training_dag.py
[2025-10-07T02:02:40.209+0000] {processor.py:925} INFO - DAG(s) 'fraud_detection_training' retrieved from /opt/airflow/dags/fraud_detection_training_dag.py
[2025-10-07T02:02:40.266+0000] {logging_mixin.py:190} INFO - [2025-10-07T02:02:40.266+0000] {dag.py:3239} INFO - Sync 1 DAGs
[2025-10-07T02:02:40.295+0000] {logging_mixin.py:190} INFO - [2025-10-07T02:02:40.295+0000] {dag.py:4180} INFO - Setting next_dagrun for fraud_detection_training to 2025-10-05 03:00:00+00:00, run_after=2025-10-06 03:00:00+00:00
[2025-10-07T02:02:40.309+0000] {processor.py:208} INFO - Processing /opt/airflow/dags/fraud_detection_training_dag.py took 0.142 seconds
[2025-10-07T02:03:10.662+0000] {processor.py:186} INFO - Started process (PID=1261) to work on /opt/airflow/dags/fraud_detection_training_dag.py
[2025-10-07T02:03:10.663+0000] {processor.py:914} INFO - Processing file /opt/airflow/dags/fraud_detection_training_dag.py for tasks to queue
[2025-10-07T02:03:10.664+0000] {logging_mixin.py:190} INFO - [2025-10-07T02:03:10.664+0000] {dagbag.py:588} INFO - Filling up the DagBag from /opt/airflow/dags/fraud_detection_training_dag.py
[2025-10-07T02:03:10.685+0000] {processor.py:925} INFO - DAG(s) 'fraud_detection_training' retrieved from /opt/airflow/dags/fraud_detection_training_dag.py
[2025-10-07T02:03:10.721+0000] {logging_mixin.py:190} INFO - [2025-10-07T02:03:10.721+0000] {dag.py:3239} INFO - Sync 1 DAGs
[2025-10-07T02:03:10.750+0000] {logging_mixin.py:190} INFO - [2025-10-07T02:03:10.750+0000] {dag.py:4180} INFO - Setting next_dagrun for fraud_detection_training to 2025-10-05 03:00:00+00:00, run_after=2025-10-06 03:00:00+00:00
[2025-10-07T02:03:10.762+0000] {processor.py:208} INFO - Processing /opt/airflow/dags/fraud_detection_training_dag.py took 0.107 seconds
[2025-10-07T02:03:40.997+0000] {processor.py:186} INFO - Started process (PID=1268) to work on /opt/airflow/dags/fraud_detection_training_dag.py
[2025-10-07T02:03:40.998+0000] {processor.py:914} INFO - Processing file /opt/airflow/dags/fraud_detection_training_dag.py for tasks to queue
[2025-10-07T02:03:40.999+0000] {logging_mixin.py:190} INFO - [2025-10-07T02:03:40.999+0000] {dagbag.py:588} INFO - Filling up the DagBag from /opt/airflow/dags/fraud_detection_training_dag.py
[2025-10-07T02:03:41.021+0000] {processor.py:925} INFO - DAG(s) 'fraud_detection_training' retrieved from /opt/airflow/dags/fraud_detection_training_dag.py
[2025-10-07T02:03:41.054+0000] {logging_mixin.py:190} INFO - [2025-10-07T02:03:41.054+0000] {dag.py:3239} INFO - Sync 1 DAGs
[2025-10-07T02:03:41.078+0000] {logging_mixin.py:190} INFO - [2025-10-07T02:03:41.078+0000] {dag.py:4180} INFO - Setting next_dagrun for fraud_detection_training to 2025-10-05 03:00:00+00:00, run_after=2025-10-06 03:00:00+00:00
[2025-10-07T02:03:41.089+0000] {processor.py:208} INFO - Processing /opt/airflow/dags/fraud_detection_training_dag.py took 0.103 seconds
[2025-10-07T02:04:11.402+0000] {processor.py:186} INFO - Started process (PID=1275) to work on /opt/airflow/dags/fraud_detection_training_dag.py
[2025-10-07T02:04:11.404+0000] {processor.py:914} INFO - Processing file /opt/airflow/dags/fraud_detection_training_dag.py for tasks to queue
[2025-10-07T02:04:11.406+0000] {logging_mixin.py:190} INFO - [2025-10-07T02:04:11.405+0000] {dagbag.py:588} INFO - Filling up the DagBag from /opt/airflow/dags/fraud_detection_training_dag.py
[2025-10-07T02:04:11.427+0000] {processor.py:925} INFO - DAG(s) 'fraud_detection_training' retrieved from /opt/airflow/dags/fraud_detection_training_dag.py
[2025-10-07T02:04:11.463+0000] {logging_mixin.py:190} INFO - [2025-10-07T02:04:11.463+0000] {dag.py:3239} INFO - Sync 1 DAGs
[2025-10-07T02:04:11.487+0000] {logging_mixin.py:190} INFO - [2025-10-07T02:04:11.487+0000] {dag.py:4180} INFO - Setting next_dagrun for fraud_detection_training to 2025-10-05 03:00:00+00:00, run_after=2025-10-06 03:00:00+00:00
[2025-10-07T02:04:11.498+0000] {processor.py:208} INFO - Processing /opt/airflow/dags/fraud_detection_training_dag.py took 0.102 seconds
[2025-10-07T02:04:41.844+0000] {processor.py:186} INFO - Started process (PID=1282) to work on /opt/airflow/dags/fraud_detection_training_dag.py
[2025-10-07T02:04:41.845+0000] {processor.py:914} INFO - Processing file /opt/airflow/dags/fraud_detection_training_dag.py for tasks to queue
[2025-10-07T02:04:41.846+0000] {logging_mixin.py:190} INFO - [2025-10-07T02:04:41.846+0000] {dagbag.py:588} INFO - Filling up the DagBag from /opt/airflow/dags/fraud_detection_training_dag.py
[2025-10-07T02:04:41.867+0000] {processor.py:925} INFO - DAG(s) 'fraud_detection_training' retrieved from /opt/airflow/dags/fraud_detection_training_dag.py
[2025-10-07T02:04:41.907+0000] {logging_mixin.py:190} INFO - [2025-10-07T02:04:41.906+0000] {dag.py:3239} INFO - Sync 1 DAGs
[2025-10-07T02:04:41.930+0000] {logging_mixin.py:190} INFO - [2025-10-07T02:04:41.930+0000] {dag.py:4180} INFO - Setting next_dagrun for fraud_detection_training to 2025-10-05 03:00:00+00:00, run_after=2025-10-06 03:00:00+00:00
[2025-10-07T02:04:41.943+0000] {processor.py:208} INFO - Processing /opt/airflow/dags/fraud_detection_training_dag.py took 0.112 seconds
[2025-10-07T02:05:12.255+0000] {processor.py:186} INFO - Started process (PID=1289) to work on /opt/airflow/dags/fraud_detection_training_dag.py
[2025-10-07T02:05:12.256+0000] {processor.py:914} INFO - Processing file /opt/airflow/dags/fraud_detection_training_dag.py for tasks to queue
[2025-10-07T02:05:12.258+0000] {logging_mixin.py:190} INFO - [2025-10-07T02:05:12.257+0000] {dagbag.py:588} INFO - Filling up the DagBag from /opt/airflow/dags/fraud_detection_training_dag.py
[2025-10-07T02:05:12.275+0000] {processor.py:925} INFO - DAG(s) 'fraud_detection_training' retrieved from /opt/airflow/dags/fraud_detection_training_dag.py
[2025-10-07T02:05:12.304+0000] {logging_mixin.py:190} INFO - [2025-10-07T02:05:12.304+0000] {dag.py:3239} INFO - Sync 1 DAGs
[2025-10-07T02:05:12.326+0000] {logging_mixin.py:190} INFO - [2025-10-07T02:05:12.326+0000] {dag.py:4180} INFO - Setting next_dagrun for fraud_detection_training to 2025-10-05 03:00:00+00:00, run_after=2025-10-06 03:00:00+00:00
[2025-10-07T02:05:12.337+0000] {processor.py:208} INFO - Processing /opt/airflow/dags/fraud_detection_training_dag.py took 0.092 seconds
[2025-10-07T02:05:42.731+0000] {processor.py:186} INFO - Started process (PID=1296) to work on /opt/airflow/dags/fraud_detection_training_dag.py
[2025-10-07T02:05:42.732+0000] {processor.py:914} INFO - Processing file /opt/airflow/dags/fraud_detection_training_dag.py for tasks to queue
[2025-10-07T02:05:42.734+0000] {logging_mixin.py:190} INFO - [2025-10-07T02:05:42.733+0000] {dagbag.py:588} INFO - Filling up the DagBag from /opt/airflow/dags/fraud_detection_training_dag.py
[2025-10-07T02:05:42.750+0000] {processor.py:925} INFO - DAG(s) 'fraud_detection_training' retrieved from /opt/airflow/dags/fraud_detection_training_dag.py
[2025-10-07T02:05:42.782+0000] {logging_mixin.py:190} INFO - [2025-10-07T02:05:42.782+0000] {dag.py:3239} INFO - Sync 1 DAGs
[2025-10-07T02:05:42.802+0000] {logging_mixin.py:190} INFO - [2025-10-07T02:05:42.802+0000] {dag.py:4180} INFO - Setting next_dagrun for fraud_detection_training to 2025-10-05 03:00:00+00:00, run_after=2025-10-06 03:00:00+00:00
[2025-10-07T02:05:42.812+0000] {processor.py:208} INFO - Processing /opt/airflow/dags/fraud_detection_training_dag.py took 0.090 seconds
[2025-10-07T02:06:13.196+0000] {processor.py:186} INFO - Started process (PID=1303) to work on /opt/airflow/dags/fraud_detection_training_dag.py
[2025-10-07T02:06:13.199+0000] {processor.py:914} INFO - Processing file /opt/airflow/dags/fraud_detection_training_dag.py for tasks to queue
[2025-10-07T02:06:13.200+0000] {logging_mixin.py:190} INFO - [2025-10-07T02:06:13.200+0000] {dagbag.py:588} INFO - Filling up the DagBag from /opt/airflow/dags/fraud_detection_training_dag.py
[2025-10-07T02:06:13.221+0000] {processor.py:925} INFO - DAG(s) 'fraud_detection_training' retrieved from /opt/airflow/dags/fraud_detection_training_dag.py
[2025-10-07T02:06:13.256+0000] {logging_mixin.py:190} INFO - [2025-10-07T02:06:13.255+0000] {dag.py:3239} INFO - Sync 1 DAGs
[2025-10-07T02:06:13.286+0000] {logging_mixin.py:190} INFO - [2025-10-07T02:06:13.286+0000] {dag.py:4180} INFO - Setting next_dagrun for fraud_detection_training to 2025-10-05 03:00:00+00:00, run_after=2025-10-06 03:00:00+00:00
[2025-10-07T02:06:13.301+0000] {processor.py:208} INFO - Processing /opt/airflow/dags/fraud_detection_training_dag.py took 0.116 seconds
[2025-10-07T02:06:43.693+0000] {processor.py:186} INFO - Started process (PID=1310) to work on /opt/airflow/dags/fraud_detection_training_dag.py
[2025-10-07T02:06:43.697+0000] {processor.py:914} INFO - Processing file /opt/airflow/dags/fraud_detection_training_dag.py for tasks to queue
[2025-10-07T02:06:43.699+0000] {logging_mixin.py:190} INFO - [2025-10-07T02:06:43.698+0000] {dagbag.py:588} INFO - Filling up the DagBag from /opt/airflow/dags/fraud_detection_training_dag.py
[2025-10-07T02:06:43.727+0000] {processor.py:925} INFO - DAG(s) 'fraud_detection_training' retrieved from /opt/airflow/dags/fraud_detection_training_dag.py
[2025-10-07T02:06:43.769+0000] {logging_mixin.py:190} INFO - [2025-10-07T02:06:43.769+0000] {dag.py:3239} INFO - Sync 1 DAGs
[2025-10-07T02:06:43.806+0000] {logging_mixin.py:190} INFO - [2025-10-07T02:06:43.806+0000] {dag.py:4180} INFO - Setting next_dagrun for fraud_detection_training to 2025-10-05 03:00:00+00:00, run_after=2025-10-06 03:00:00+00:00
[2025-10-07T02:06:43.820+0000] {processor.py:208} INFO - Processing /opt/airflow/dags/fraud_detection_training_dag.py took 0.140 seconds
[2025-10-07T02:07:14.176+0000] {processor.py:186} INFO - Started process (PID=1317) to work on /opt/airflow/dags/fraud_detection_training_dag.py
[2025-10-07T02:07:14.177+0000] {processor.py:914} INFO - Processing file /opt/airflow/dags/fraud_detection_training_dag.py for tasks to queue
[2025-10-07T02:07:14.178+0000] {logging_mixin.py:190} INFO - [2025-10-07T02:07:14.178+0000] {dagbag.py:588} INFO - Filling up the DagBag from /opt/airflow/dags/fraud_detection_training_dag.py
[2025-10-07T02:07:14.197+0000] {processor.py:925} INFO - DAG(s) 'fraud_detection_training' retrieved from /opt/airflow/dags/fraud_detection_training_dag.py
[2025-10-07T02:07:14.229+0000] {logging_mixin.py:190} INFO - [2025-10-07T02:07:14.229+0000] {dag.py:3239} INFO - Sync 1 DAGs
[2025-10-07T02:07:14.252+0000] {logging_mixin.py:190} INFO - [2025-10-07T02:07:14.252+0000] {dag.py:4180} INFO - Setting next_dagrun for fraud_detection_training to 2025-10-05 03:00:00+00:00, run_after=2025-10-06 03:00:00+00:00
[2025-10-07T02:07:14.264+0000] {processor.py:208} INFO - Processing /opt/airflow/dags/fraud_detection_training_dag.py took 0.097 seconds
[2025-10-07T02:07:44.583+0000] {processor.py:186} INFO - Started process (PID=1330) to work on /opt/airflow/dags/fraud_detection_training_dag.py
[2025-10-07T02:07:44.587+0000] {processor.py:914} INFO - Processing file /opt/airflow/dags/fraud_detection_training_dag.py for tasks to queue
[2025-10-07T02:07:44.589+0000] {logging_mixin.py:190} INFO - [2025-10-07T02:07:44.588+0000] {dagbag.py:588} INFO - Filling up the DagBag from /opt/airflow/dags/fraud_detection_training_dag.py
[2025-10-07T02:07:44.607+0000] {processor.py:925} INFO - DAG(s) 'fraud_detection_training' retrieved from /opt/airflow/dags/fraud_detection_training_dag.py
[2025-10-07T02:07:44.642+0000] {logging_mixin.py:190} INFO - [2025-10-07T02:07:44.642+0000] {dag.py:3239} INFO - Sync 1 DAGs
[2025-10-07T02:07:44.664+0000] {logging_mixin.py:190} INFO - [2025-10-07T02:07:44.664+0000] {dag.py:4180} INFO - Setting next_dagrun for fraud_detection_training to 2025-10-05 03:00:00+00:00, run_after=2025-10-06 03:00:00+00:00
[2025-10-07T02:07:44.675+0000] {processor.py:208} INFO - Processing /opt/airflow/dags/fraud_detection_training_dag.py took 0.100 seconds
[2025-10-07T02:08:15.032+0000] {processor.py:186} INFO - Started process (PID=1337) to work on /opt/airflow/dags/fraud_detection_training_dag.py
[2025-10-07T02:08:15.033+0000] {processor.py:914} INFO - Processing file /opt/airflow/dags/fraud_detection_training_dag.py for tasks to queue
[2025-10-07T02:08:15.034+0000] {logging_mixin.py:190} INFO - [2025-10-07T02:08:15.034+0000] {dagbag.py:588} INFO - Filling up the DagBag from /opt/airflow/dags/fraud_detection_training_dag.py
[2025-10-07T02:08:15.050+0000] {processor.py:925} INFO - DAG(s) 'fraud_detection_training' retrieved from /opt/airflow/dags/fraud_detection_training_dag.py
[2025-10-07T02:08:15.077+0000] {logging_mixin.py:190} INFO - [2025-10-07T02:08:15.076+0000] {dag.py:3239} INFO - Sync 1 DAGs
[2025-10-07T02:08:15.095+0000] {logging_mixin.py:190} INFO - [2025-10-07T02:08:15.095+0000] {dag.py:4180} INFO - Setting next_dagrun for fraud_detection_training to 2025-10-05 03:00:00+00:00, run_after=2025-10-06 03:00:00+00:00
[2025-10-07T02:08:15.105+0000] {processor.py:208} INFO - Processing /opt/airflow/dags/fraud_detection_training_dag.py took 0.081 seconds
[2025-10-07T02:08:45.393+0000] {processor.py:186} INFO - Started process (PID=1344) to work on /opt/airflow/dags/fraud_detection_training_dag.py
[2025-10-07T02:08:45.394+0000] {processor.py:914} INFO - Processing file /opt/airflow/dags/fraud_detection_training_dag.py for tasks to queue
[2025-10-07T02:08:45.396+0000] {logging_mixin.py:190} INFO - [2025-10-07T02:08:45.395+0000] {dagbag.py:588} INFO - Filling up the DagBag from /opt/airflow/dags/fraud_detection_training_dag.py
[2025-10-07T02:08:45.411+0000] {processor.py:925} INFO - DAG(s) 'fraud_detection_training' retrieved from /opt/airflow/dags/fraud_detection_training_dag.py
[2025-10-07T02:08:45.439+0000] {logging_mixin.py:190} INFO - [2025-10-07T02:08:45.439+0000] {dag.py:3239} INFO - Sync 1 DAGs
[2025-10-07T02:08:45.457+0000] {logging_mixin.py:190} INFO - [2025-10-07T02:08:45.457+0000] {dag.py:4180} INFO - Setting next_dagrun for fraud_detection_training to 2025-10-05 03:00:00+00:00, run_after=2025-10-06 03:00:00+00:00
[2025-10-07T02:08:45.467+0000] {processor.py:208} INFO - Processing /opt/airflow/dags/fraud_detection_training_dag.py took 0.080 seconds
[2025-10-07T02:09:15.891+0000] {processor.py:186} INFO - Started process (PID=1351) to work on /opt/airflow/dags/fraud_detection_training_dag.py
[2025-10-07T02:09:15.893+0000] {processor.py:914} INFO - Processing file /opt/airflow/dags/fraud_detection_training_dag.py for tasks to queue
[2025-10-07T02:09:15.894+0000] {logging_mixin.py:190} INFO - [2025-10-07T02:09:15.894+0000] {dagbag.py:588} INFO - Filling up the DagBag from /opt/airflow/dags/fraud_detection_training_dag.py
[2025-10-07T02:09:15.918+0000] {processor.py:925} INFO - DAG(s) 'fraud_detection_training' retrieved from /opt/airflow/dags/fraud_detection_training_dag.py
[2025-10-07T02:09:15.958+0000] {logging_mixin.py:190} INFO - [2025-10-07T02:09:15.957+0000] {dag.py:3239} INFO - Sync 1 DAGs
[2025-10-07T02:09:15.983+0000] {logging_mixin.py:190} INFO - [2025-10-07T02:09:15.983+0000] {dag.py:4180} INFO - Setting next_dagrun for fraud_detection_training to 2025-10-05 03:00:00+00:00, run_after=2025-10-06 03:00:00+00:00
[2025-10-07T02:09:15.993+0000] {processor.py:208} INFO - Processing /opt/airflow/dags/fraud_detection_training_dag.py took 0.117 seconds
[2025-10-07T02:09:46.262+0000] {processor.py:186} INFO - Started process (PID=1358) to work on /opt/airflow/dags/fraud_detection_training_dag.py
[2025-10-07T02:09:46.263+0000] {processor.py:914} INFO - Processing file /opt/airflow/dags/fraud_detection_training_dag.py for tasks to queue
[2025-10-07T02:09:46.264+0000] {logging_mixin.py:190} INFO - [2025-10-07T02:09:46.264+0000] {dagbag.py:588} INFO - Filling up the DagBag from /opt/airflow/dags/fraud_detection_training_dag.py
[2025-10-07T02:09:46.275+0000] {processor.py:925} INFO - DAG(s) 'fraud_detection_training' retrieved from /opt/airflow/dags/fraud_detection_training_dag.py
[2025-10-07T02:09:46.302+0000] {logging_mixin.py:190} INFO - [2025-10-07T02:09:46.302+0000] {dag.py:3239} INFO - Sync 1 DAGs
[2025-10-07T02:09:46.319+0000] {logging_mixin.py:190} INFO - [2025-10-07T02:09:46.319+0000] {dag.py:4180} INFO - Setting next_dagrun for fraud_detection_training to 2025-10-05 03:00:00+00:00, run_after=2025-10-06 03:00:00+00:00
[2025-10-07T02:09:46.329+0000] {processor.py:208} INFO - Processing /opt/airflow/dags/fraud_detection_training_dag.py took 0.072 seconds
[2025-10-07T02:10:16.709+0000] {processor.py:186} INFO - Started process (PID=1365) to work on /opt/airflow/dags/fraud_detection_training_dag.py
[2025-10-07T02:10:16.710+0000] {processor.py:914} INFO - Processing file /opt/airflow/dags/fraud_detection_training_dag.py for tasks to queue
[2025-10-07T02:10:16.713+0000] {logging_mixin.py:190} INFO - [2025-10-07T02:10:16.712+0000] {dagbag.py:588} INFO - Filling up the DagBag from /opt/airflow/dags/fraud_detection_training_dag.py
[2025-10-07T02:10:16.730+0000] {processor.py:925} INFO - DAG(s) 'fraud_detection_training' retrieved from /opt/airflow/dags/fraud_detection_training_dag.py
[2025-10-07T02:10:16.756+0000] {logging_mixin.py:190} INFO - [2025-10-07T02:10:16.756+0000] {dag.py:3239} INFO - Sync 1 DAGs
[2025-10-07T02:10:16.784+0000] {logging_mixin.py:190} INFO - [2025-10-07T02:10:16.784+0000] {dag.py:4180} INFO - Setting next_dagrun for fraud_detection_training to 2025-10-05 03:00:00+00:00, run_after=2025-10-06 03:00:00+00:00
[2025-10-07T02:10:16.796+0000] {processor.py:208} INFO - Processing /opt/airflow/dags/fraud_detection_training_dag.py took 0.097 seconds
[2025-10-07T02:10:47.111+0000] {processor.py:186} INFO - Started process (PID=1372) to work on /opt/airflow/dags/fraud_detection_training_dag.py
[2025-10-07T02:10:47.113+0000] {processor.py:914} INFO - Processing file /opt/airflow/dags/fraud_detection_training_dag.py for tasks to queue
[2025-10-07T02:10:47.116+0000] {logging_mixin.py:190} INFO - [2025-10-07T02:10:47.116+0000] {dagbag.py:588} INFO - Filling up the DagBag from /opt/airflow/dags/fraud_detection_training_dag.py
[2025-10-07T02:10:47.138+0000] {processor.py:925} INFO - DAG(s) 'fraud_detection_training' retrieved from /opt/airflow/dags/fraud_detection_training_dag.py
[2025-10-07T02:10:47.185+0000] {logging_mixin.py:190} INFO - [2025-10-07T02:10:47.184+0000] {dag.py:3239} INFO - Sync 1 DAGs
[2025-10-07T02:10:47.214+0000] {logging_mixin.py:190} INFO - [2025-10-07T02:10:47.213+0000] {dag.py:4180} INFO - Setting next_dagrun for fraud_detection_training to 2025-10-05 03:00:00+00:00, run_after=2025-10-06 03:00:00+00:00
[2025-10-07T02:10:47.249+0000] {processor.py:208} INFO - Processing /opt/airflow/dags/fraud_detection_training_dag.py took 0.146 seconds
[2025-10-07T02:11:17.511+0000] {processor.py:186} INFO - Started process (PID=1379) to work on /opt/airflow/dags/fraud_detection_training_dag.py
[2025-10-07T02:11:17.512+0000] {processor.py:914} INFO - Processing file /opt/airflow/dags/fraud_detection_training_dag.py for tasks to queue
[2025-10-07T02:11:17.514+0000] {logging_mixin.py:190} INFO - [2025-10-07T02:11:17.513+0000] {dagbag.py:588} INFO - Filling up the DagBag from /opt/airflow/dags/fraud_detection_training_dag.py
[2025-10-07T02:11:17.534+0000] {processor.py:925} INFO - DAG(s) 'fraud_detection_training' retrieved from /opt/airflow/dags/fraud_detection_training_dag.py
[2025-10-07T02:11:17.568+0000] {logging_mixin.py:190} INFO - [2025-10-07T02:11:17.567+0000] {dag.py:3239} INFO - Sync 1 DAGs
[2025-10-07T02:11:17.595+0000] {logging_mixin.py:190} INFO - [2025-10-07T02:11:17.594+0000] {dag.py:4180} INFO - Setting next_dagrun for fraud_detection_training to 2025-10-05 03:00:00+00:00, run_after=2025-10-06 03:00:00+00:00
[2025-10-07T02:11:17.604+0000] {processor.py:208} INFO - Processing /opt/airflow/dags/fraud_detection_training_dag.py took 0.102 seconds
[2025-10-07T02:11:47.883+0000] {processor.py:186} INFO - Started process (PID=1386) to work on /opt/airflow/dags/fraud_detection_training_dag.py
[2025-10-07T02:11:47.884+0000] {processor.py:914} INFO - Processing file /opt/airflow/dags/fraud_detection_training_dag.py for tasks to queue
[2025-10-07T02:11:47.885+0000] {logging_mixin.py:190} INFO - [2025-10-07T02:11:47.885+0000] {dagbag.py:588} INFO - Filling up the DagBag from /opt/airflow/dags/fraud_detection_training_dag.py
[2025-10-07T02:11:47.899+0000] {processor.py:925} INFO - DAG(s) 'fraud_detection_training' retrieved from /opt/airflow/dags/fraud_detection_training_dag.py
[2025-10-07T02:11:47.927+0000] {logging_mixin.py:190} INFO - [2025-10-07T02:11:47.927+0000] {dag.py:3239} INFO - Sync 1 DAGs
[2025-10-07T02:11:47.948+0000] {logging_mixin.py:190} INFO - [2025-10-07T02:11:47.948+0000] {dag.py:4180} INFO - Setting next_dagrun for fraud_detection_training to 2025-10-05 03:00:00+00:00, run_after=2025-10-06 03:00:00+00:00
[2025-10-07T02:11:47.966+0000] {processor.py:208} INFO - Processing /opt/airflow/dags/fraud_detection_training_dag.py took 0.094 seconds
[2025-10-07T02:12:18.307+0000] {processor.py:186} INFO - Started process (PID=1393) to work on /opt/airflow/dags/fraud_detection_training_dag.py
[2025-10-07T02:12:18.308+0000] {processor.py:914} INFO - Processing file /opt/airflow/dags/fraud_detection_training_dag.py for tasks to queue
[2025-10-07T02:12:18.313+0000] {logging_mixin.py:190} INFO - [2025-10-07T02:12:18.313+0000] {dagbag.py:588} INFO - Filling up the DagBag from /opt/airflow/dags/fraud_detection_training_dag.py
[2025-10-07T02:12:18.338+0000] {processor.py:925} INFO - DAG(s) 'fraud_detection_training' retrieved from /opt/airflow/dags/fraud_detection_training_dag.py
[2025-10-07T02:12:18.376+0000] {logging_mixin.py:190} INFO - [2025-10-07T02:12:18.376+0000] {dag.py:3239} INFO - Sync 1 DAGs
[2025-10-07T02:12:18.409+0000] {logging_mixin.py:190} INFO - [2025-10-07T02:12:18.408+0000] {dag.py:4180} INFO - Setting next_dagrun for fraud_detection_training to 2025-10-05 03:00:00+00:00, run_after=2025-10-06 03:00:00+00:00
[2025-10-07T02:12:18.427+0000] {processor.py:208} INFO - Processing /opt/airflow/dags/fraud_detection_training_dag.py took 0.137 seconds
[2025-10-07T02:12:48.680+0000] {processor.py:186} INFO - Started process (PID=1400) to work on /opt/airflow/dags/fraud_detection_training_dag.py
[2025-10-07T02:12:48.682+0000] {processor.py:914} INFO - Processing file /opt/airflow/dags/fraud_detection_training_dag.py for tasks to queue
[2025-10-07T02:12:48.683+0000] {logging_mixin.py:190} INFO - [2025-10-07T02:12:48.682+0000] {dagbag.py:588} INFO - Filling up the DagBag from /opt/airflow/dags/fraud_detection_training_dag.py
[2025-10-07T02:12:48.708+0000] {processor.py:925} INFO - DAG(s) 'fraud_detection_training' retrieved from /opt/airflow/dags/fraud_detection_training_dag.py
[2025-10-07T02:12:48.742+0000] {logging_mixin.py:190} INFO - [2025-10-07T02:12:48.742+0000] {dag.py:3239} INFO - Sync 1 DAGs
[2025-10-07T02:12:48.770+0000] {logging_mixin.py:190} INFO - [2025-10-07T02:12:48.770+0000] {dag.py:4180} INFO - Setting next_dagrun for fraud_detection_training to 2025-10-05 03:00:00+00:00, run_after=2025-10-06 03:00:00+00:00
[2025-10-07T02:12:48.782+0000] {processor.py:208} INFO - Processing /opt/airflow/dags/fraud_detection_training_dag.py took 0.112 seconds
[2025-10-07T02:13:19.091+0000] {processor.py:186} INFO - Started process (PID=1407) to work on /opt/airflow/dags/fraud_detection_training_dag.py
[2025-10-07T02:13:19.093+0000] {processor.py:914} INFO - Processing file /opt/airflow/dags/fraud_detection_training_dag.py for tasks to queue
[2025-10-07T02:13:19.096+0000] {logging_mixin.py:190} INFO - [2025-10-07T02:13:19.095+0000] {dagbag.py:588} INFO - Filling up the DagBag from /opt/airflow/dags/fraud_detection_training_dag.py
[2025-10-07T02:13:19.117+0000] {processor.py:925} INFO - DAG(s) 'fraud_detection_training' retrieved from /opt/airflow/dags/fraud_detection_training_dag.py
[2025-10-07T02:13:19.146+0000] {logging_mixin.py:190} INFO - [2025-10-07T02:13:19.146+0000] {dag.py:3239} INFO - Sync 1 DAGs
[2025-10-07T02:13:19.170+0000] {logging_mixin.py:190} INFO - [2025-10-07T02:13:19.170+0000] {dag.py:4180} INFO - Setting next_dagrun for fraud_detection_training to 2025-10-05 03:00:00+00:00, run_after=2025-10-06 03:00:00+00:00
[2025-10-07T02:13:19.181+0000] {processor.py:208} INFO - Processing /opt/airflow/dags/fraud_detection_training_dag.py took 0.101 seconds
[2025-10-07T02:13:49.505+0000] {processor.py:186} INFO - Started process (PID=1414) to work on /opt/airflow/dags/fraud_detection_training_dag.py
[2025-10-07T02:13:49.506+0000] {processor.py:914} INFO - Processing file /opt/airflow/dags/fraud_detection_training_dag.py for tasks to queue
[2025-10-07T02:13:49.508+0000] {logging_mixin.py:190} INFO - [2025-10-07T02:13:49.507+0000] {dagbag.py:588} INFO - Filling up the DagBag from /opt/airflow/dags/fraud_detection_training_dag.py
[2025-10-07T02:13:49.539+0000] {processor.py:925} INFO - DAG(s) 'fraud_detection_training' retrieved from /opt/airflow/dags/fraud_detection_training_dag.py
[2025-10-07T02:13:49.579+0000] {logging_mixin.py:190} INFO - [2025-10-07T02:13:49.579+0000] {dag.py:3239} INFO - Sync 1 DAGs
[2025-10-07T02:13:49.602+0000] {logging_mixin.py:190} INFO - [2025-10-07T02:13:49.602+0000] {dag.py:4180} INFO - Setting next_dagrun for fraud_detection_training to 2025-10-05 03:00:00+00:00, run_after=2025-10-06 03:00:00+00:00
[2025-10-07T02:13:49.618+0000] {processor.py:208} INFO - Processing /opt/airflow/dags/fraud_detection_training_dag.py took 0.126 seconds
[2025-10-07T02:14:19.973+0000] {processor.py:186} INFO - Started process (PID=1421) to work on /opt/airflow/dags/fraud_detection_training_dag.py
[2025-10-07T02:14:19.974+0000] {processor.py:914} INFO - Processing file /opt/airflow/dags/fraud_detection_training_dag.py for tasks to queue
[2025-10-07T02:14:19.976+0000] {logging_mixin.py:190} INFO - [2025-10-07T02:14:19.975+0000] {dagbag.py:588} INFO - Filling up the DagBag from /opt/airflow/dags/fraud_detection_training_dag.py
[2025-10-07T02:14:19.997+0000] {processor.py:925} INFO - DAG(s) 'fraud_detection_training' retrieved from /opt/airflow/dags/fraud_detection_training_dag.py
[2025-10-07T02:14:20.065+0000] {logging_mixin.py:190} INFO - [2025-10-07T02:14:20.065+0000] {dag.py:3239} INFO - Sync 1 DAGs
[2025-10-07T02:14:20.092+0000] {logging_mixin.py:190} INFO - [2025-10-07T02:14:20.092+0000] {dag.py:4180} INFO - Setting next_dagrun for fraud_detection_training to 2025-10-05 03:00:00+00:00, run_after=2025-10-06 03:00:00+00:00
[2025-10-07T02:14:20.102+0000] {processor.py:208} INFO - Processing /opt/airflow/dags/fraud_detection_training_dag.py took 0.139 seconds
[2025-10-07T02:14:50.434+0000] {processor.py:186} INFO - Started process (PID=1428) to work on /opt/airflow/dags/fraud_detection_training_dag.py
[2025-10-07T02:14:50.437+0000] {processor.py:914} INFO - Processing file /opt/airflow/dags/fraud_detection_training_dag.py for tasks to queue
[2025-10-07T02:14:50.440+0000] {logging_mixin.py:190} INFO - [2025-10-07T02:14:50.439+0000] {dagbag.py:588} INFO - Filling up the DagBag from /opt/airflow/dags/fraud_detection_training_dag.py
[2025-10-07T02:14:50.460+0000] {processor.py:925} INFO - DAG(s) 'fraud_detection_training' retrieved from /opt/airflow/dags/fraud_detection_training_dag.py
[2025-10-07T02:14:50.503+0000] {logging_mixin.py:190} INFO - [2025-10-07T02:14:50.503+0000] {dag.py:3239} INFO - Sync 1 DAGs
[2025-10-07T02:14:50.531+0000] {logging_mixin.py:190} INFO - [2025-10-07T02:14:50.531+0000] {dag.py:4180} INFO - Setting next_dagrun for fraud_detection_training to 2025-10-05 03:00:00+00:00, run_after=2025-10-06 03:00:00+00:00
[2025-10-07T02:14:50.544+0000] {processor.py:208} INFO - Processing /opt/airflow/dags/fraud_detection_training_dag.py took 0.126 seconds
[2025-10-07T02:15:20.869+0000] {processor.py:186} INFO - Started process (PID=1435) to work on /opt/airflow/dags/fraud_detection_training_dag.py
[2025-10-07T02:15:20.871+0000] {processor.py:914} INFO - Processing file /opt/airflow/dags/fraud_detection_training_dag.py for tasks to queue
[2025-10-07T02:15:20.872+0000] {logging_mixin.py:190} INFO - [2025-10-07T02:15:20.872+0000] {dagbag.py:588} INFO - Filling up the DagBag from /opt/airflow/dags/fraud_detection_training_dag.py
[2025-10-07T02:15:20.889+0000] {processor.py:925} INFO - DAG(s) 'fraud_detection_training' retrieved from /opt/airflow/dags/fraud_detection_training_dag.py
[2025-10-07T02:15:20.918+0000] {logging_mixin.py:190} INFO - [2025-10-07T02:15:20.918+0000] {dag.py:3239} INFO - Sync 1 DAGs
[2025-10-07T02:15:20.939+0000] {logging_mixin.py:190} INFO - [2025-10-07T02:15:20.938+0000] {dag.py:4180} INFO - Setting next_dagrun for fraud_detection_training to 2025-10-05 03:00:00+00:00, run_after=2025-10-06 03:00:00+00:00
[2025-10-07T02:15:20.949+0000] {processor.py:208} INFO - Processing /opt/airflow/dags/fraud_detection_training_dag.py took 0.089 seconds
[2025-10-07T02:15:51.286+0000] {processor.py:186} INFO - Started process (PID=1442) to work on /opt/airflow/dags/fraud_detection_training_dag.py
[2025-10-07T02:15:51.288+0000] {processor.py:914} INFO - Processing file /opt/airflow/dags/fraud_detection_training_dag.py for tasks to queue
[2025-10-07T02:15:51.289+0000] {logging_mixin.py:190} INFO - [2025-10-07T02:15:51.289+0000] {dagbag.py:588} INFO - Filling up the DagBag from /opt/airflow/dags/fraud_detection_training_dag.py
[2025-10-07T02:15:51.311+0000] {processor.py:925} INFO - DAG(s) 'fraud_detection_training' retrieved from /opt/airflow/dags/fraud_detection_training_dag.py
[2025-10-07T02:15:51.347+0000] {logging_mixin.py:190} INFO - [2025-10-07T02:15:51.347+0000] {dag.py:3239} INFO - Sync 1 DAGs
[2025-10-07T02:15:51.372+0000] {logging_mixin.py:190} INFO - [2025-10-07T02:15:51.372+0000] {dag.py:4180} INFO - Setting next_dagrun for fraud_detection_training to 2025-10-05 03:00:00+00:00, run_after=2025-10-06 03:00:00+00:00
[2025-10-07T02:15:51.382+0000] {processor.py:208} INFO - Processing /opt/airflow/dags/fraud_detection_training_dag.py took 0.108 seconds
[2025-10-07T02:16:21.741+0000] {processor.py:186} INFO - Started process (PID=1449) to work on /opt/airflow/dags/fraud_detection_training_dag.py
[2025-10-07T02:16:21.744+0000] {processor.py:914} INFO - Processing file /opt/airflow/dags/fraud_detection_training_dag.py for tasks to queue
[2025-10-07T02:16:21.745+0000] {logging_mixin.py:190} INFO - [2025-10-07T02:16:21.745+0000] {dagbag.py:588} INFO - Filling up the DagBag from /opt/airflow/dags/fraud_detection_training_dag.py
[2025-10-07T02:16:21.776+0000] {processor.py:925} INFO - DAG(s) 'fraud_detection_training' retrieved from /opt/airflow/dags/fraud_detection_training_dag.py
[2025-10-07T02:16:21.813+0000] {logging_mixin.py:190} INFO - [2025-10-07T02:16:21.813+0000] {dag.py:3239} INFO - Sync 1 DAGs
[2025-10-07T02:16:21.835+0000] {logging_mixin.py:190} INFO - [2025-10-07T02:16:21.835+0000] {dag.py:4180} INFO - Setting next_dagrun for fraud_detection_training to 2025-10-05 03:00:00+00:00, run_after=2025-10-06 03:00:00+00:00
[2025-10-07T02:16:21.845+0000] {processor.py:208} INFO - Processing /opt/airflow/dags/fraud_detection_training_dag.py took 0.115 seconds
[2025-10-07T02:16:52.113+0000] {processor.py:186} INFO - Started process (PID=1456) to work on /opt/airflow/dags/fraud_detection_training_dag.py
[2025-10-07T02:16:52.114+0000] {processor.py:914} INFO - Processing file /opt/airflow/dags/fraud_detection_training_dag.py for tasks to queue
[2025-10-07T02:16:52.116+0000] {logging_mixin.py:190} INFO - [2025-10-07T02:16:52.116+0000] {dagbag.py:588} INFO - Filling up the DagBag from /opt/airflow/dags/fraud_detection_training_dag.py
[2025-10-07T02:16:52.137+0000] {processor.py:925} INFO - DAG(s) 'fraud_detection_training' retrieved from /opt/airflow/dags/fraud_detection_training_dag.py
[2025-10-07T02:16:52.178+0000] {logging_mixin.py:190} INFO - [2025-10-07T02:16:52.178+0000] {dag.py:3239} INFO - Sync 1 DAGs
[2025-10-07T02:16:52.203+0000] {logging_mixin.py:190} INFO - [2025-10-07T02:16:52.203+0000] {dag.py:4180} INFO - Setting next_dagrun for fraud_detection_training to 2025-10-05 03:00:00+00:00, run_after=2025-10-06 03:00:00+00:00
[2025-10-07T02:16:52.218+0000] {processor.py:208} INFO - Processing /opt/airflow/dags/fraud_detection_training_dag.py took 0.115 seconds
[2025-10-07T02:17:22.504+0000] {processor.py:186} INFO - Started process (PID=1463) to work on /opt/airflow/dags/fraud_detection_training_dag.py
[2025-10-07T02:17:22.506+0000] {processor.py:914} INFO - Processing file /opt/airflow/dags/fraud_detection_training_dag.py for tasks to queue
[2025-10-07T02:17:22.511+0000] {logging_mixin.py:190} INFO - [2025-10-07T02:17:22.509+0000] {dagbag.py:588} INFO - Filling up the DagBag from /opt/airflow/dags/fraud_detection_training_dag.py
[2025-10-07T02:17:22.535+0000] {processor.py:925} INFO - DAG(s) 'fraud_detection_training' retrieved from /opt/airflow/dags/fraud_detection_training_dag.py
[2025-10-07T02:17:22.568+0000] {logging_mixin.py:190} INFO - [2025-10-07T02:17:22.568+0000] {dag.py:3239} INFO - Sync 1 DAGs
[2025-10-07T02:17:22.592+0000] {logging_mixin.py:190} INFO - [2025-10-07T02:17:22.592+0000] {dag.py:4180} INFO - Setting next_dagrun for fraud_detection_training to 2025-10-05 03:00:00+00:00, run_after=2025-10-06 03:00:00+00:00
[2025-10-07T02:17:22.604+0000] {processor.py:208} INFO - Processing /opt/airflow/dags/fraud_detection_training_dag.py took 0.106 seconds
[2025-10-07T02:17:52.945+0000] {processor.py:186} INFO - Started process (PID=1470) to work on /opt/airflow/dags/fraud_detection_training_dag.py
[2025-10-07T02:17:52.947+0000] {processor.py:914} INFO - Processing file /opt/airflow/dags/fraud_detection_training_dag.py for tasks to queue
[2025-10-07T02:17:52.949+0000] {logging_mixin.py:190} INFO - [2025-10-07T02:17:52.948+0000] {dagbag.py:588} INFO - Filling up the DagBag from /opt/airflow/dags/fraud_detection_training_dag.py
[2025-10-07T02:17:52.972+0000] {processor.py:925} INFO - DAG(s) 'fraud_detection_training' retrieved from /opt/airflow/dags/fraud_detection_training_dag.py
[2025-10-07T02:17:53.005+0000] {logging_mixin.py:190} INFO - [2025-10-07T02:17:53.005+0000] {dag.py:3239} INFO - Sync 1 DAGs
[2025-10-07T02:17:53.031+0000] {logging_mixin.py:190} INFO - [2025-10-07T02:17:53.031+0000] {dag.py:4180} INFO - Setting next_dagrun for fraud_detection_training to 2025-10-05 03:00:00+00:00, run_after=2025-10-06 03:00:00+00:00
[2025-10-07T02:17:53.043+0000] {processor.py:208} INFO - Processing /opt/airflow/dags/fraud_detection_training_dag.py took 0.106 seconds
[2025-10-07T02:18:23.379+0000] {processor.py:186} INFO - Started process (PID=1477) to work on /opt/airflow/dags/fraud_detection_training_dag.py
[2025-10-07T02:18:23.381+0000] {processor.py:914} INFO - Processing file /opt/airflow/dags/fraud_detection_training_dag.py for tasks to queue
[2025-10-07T02:18:23.383+0000] {logging_mixin.py:190} INFO - [2025-10-07T02:18:23.382+0000] {dagbag.py:588} INFO - Filling up the DagBag from /opt/airflow/dags/fraud_detection_training_dag.py
[2025-10-07T02:18:23.400+0000] {processor.py:925} INFO - DAG(s) 'fraud_detection_training' retrieved from /opt/airflow/dags/fraud_detection_training_dag.py
[2025-10-07T02:18:23.428+0000] {logging_mixin.py:190} INFO - [2025-10-07T02:18:23.427+0000] {dag.py:3239} INFO - Sync 1 DAGs
[2025-10-07T02:18:23.447+0000] {logging_mixin.py:190} INFO - [2025-10-07T02:18:23.447+0000] {dag.py:4180} INFO - Setting next_dagrun for fraud_detection_training to 2025-10-05 03:00:00+00:00, run_after=2025-10-06 03:00:00+00:00
[2025-10-07T02:18:23.457+0000] {processor.py:208} INFO - Processing /opt/airflow/dags/fraud_detection_training_dag.py took 0.086 seconds
[2025-10-07T02:18:53.808+0000] {processor.py:186} INFO - Started process (PID=1484) to work on /opt/airflow/dags/fraud_detection_training_dag.py
[2025-10-07T02:18:53.810+0000] {processor.py:914} INFO - Processing file /opt/airflow/dags/fraud_detection_training_dag.py for tasks to queue
[2025-10-07T02:18:53.812+0000] {logging_mixin.py:190} INFO - [2025-10-07T02:18:53.811+0000] {dagbag.py:588} INFO - Filling up the DagBag from /opt/airflow/dags/fraud_detection_training_dag.py
[2025-10-07T02:18:53.838+0000] {processor.py:925} INFO - DAG(s) 'fraud_detection_training' retrieved from /opt/airflow/dags/fraud_detection_training_dag.py
[2025-10-07T02:18:53.876+0000] {logging_mixin.py:190} INFO - [2025-10-07T02:18:53.876+0000] {dag.py:3239} INFO - Sync 1 DAGs
[2025-10-07T02:18:53.901+0000] {logging_mixin.py:190} INFO - [2025-10-07T02:18:53.901+0000] {dag.py:4180} INFO - Setting next_dagrun for fraud_detection_training to 2025-10-05 03:00:00+00:00, run_after=2025-10-06 03:00:00+00:00
[2025-10-07T02:18:53.912+0000] {processor.py:208} INFO - Processing /opt/airflow/dags/fraud_detection_training_dag.py took 0.115 seconds
[2025-10-07T02:19:24.250+0000] {processor.py:186} INFO - Started process (PID=1491) to work on /opt/airflow/dags/fraud_detection_training_dag.py
[2025-10-07T02:19:24.251+0000] {processor.py:914} INFO - Processing file /opt/airflow/dags/fraud_detection_training_dag.py for tasks to queue
[2025-10-07T02:19:24.252+0000] {logging_mixin.py:190} INFO - [2025-10-07T02:19:24.252+0000] {dagbag.py:588} INFO - Filling up the DagBag from /opt/airflow/dags/fraud_detection_training_dag.py
[2025-10-07T02:19:24.277+0000] {processor.py:925} INFO - DAG(s) 'fraud_detection_training' retrieved from /opt/airflow/dags/fraud_detection_training_dag.py
[2025-10-07T02:19:24.316+0000] {logging_mixin.py:190} INFO - [2025-10-07T02:19:24.315+0000] {dag.py:3239} INFO - Sync 1 DAGs
[2025-10-07T02:19:24.340+0000] {logging_mixin.py:190} INFO - [2025-10-07T02:19:24.340+0000] {dag.py:4180} INFO - Setting next_dagrun for fraud_detection_training to 2025-10-05 03:00:00+00:00, run_after=2025-10-06 03:00:00+00:00
[2025-10-07T02:19:24.356+0000] {processor.py:208} INFO - Processing /opt/airflow/dags/fraud_detection_training_dag.py took 0.115 seconds
[2025-10-07T02:19:54.624+0000] {processor.py:186} INFO - Started process (PID=1498) to work on /opt/airflow/dags/fraud_detection_training_dag.py
[2025-10-07T02:19:54.626+0000] {processor.py:914} INFO - Processing file /opt/airflow/dags/fraud_detection_training_dag.py for tasks to queue
[2025-10-07T02:19:54.627+0000] {logging_mixin.py:190} INFO - [2025-10-07T02:19:54.627+0000] {dagbag.py:588} INFO - Filling up the DagBag from /opt/airflow/dags/fraud_detection_training_dag.py
[2025-10-07T02:19:54.647+0000] {processor.py:925} INFO - DAG(s) 'fraud_detection_training' retrieved from /opt/airflow/dags/fraud_detection_training_dag.py
[2025-10-07T02:19:54.678+0000] {logging_mixin.py:190} INFO - [2025-10-07T02:19:54.678+0000] {dag.py:3239} INFO - Sync 1 DAGs
[2025-10-07T02:19:54.699+0000] {logging_mixin.py:190} INFO - [2025-10-07T02:19:54.699+0000] {dag.py:4180} INFO - Setting next_dagrun for fraud_detection_training to 2025-10-05 03:00:00+00:00, run_after=2025-10-06 03:00:00+00:00
[2025-10-07T02:19:54.714+0000] {processor.py:208} INFO - Processing /opt/airflow/dags/fraud_detection_training_dag.py took 0.103 seconds
[2025-10-07T02:20:25.020+0000] {processor.py:186} INFO - Started process (PID=1505) to work on /opt/airflow/dags/fraud_detection_training_dag.py
[2025-10-07T02:20:25.021+0000] {processor.py:914} INFO - Processing file /opt/airflow/dags/fraud_detection_training_dag.py for tasks to queue
[2025-10-07T02:20:25.023+0000] {logging_mixin.py:190} INFO - [2025-10-07T02:20:25.022+0000] {dagbag.py:588} INFO - Filling up the DagBag from /opt/airflow/dags/fraud_detection_training_dag.py
[2025-10-07T02:20:25.039+0000] {processor.py:925} INFO - DAG(s) 'fraud_detection_training' retrieved from /opt/airflow/dags/fraud_detection_training_dag.py
[2025-10-07T02:20:25.069+0000] {logging_mixin.py:190} INFO - [2025-10-07T02:20:25.069+0000] {dag.py:3239} INFO - Sync 1 DAGs
[2025-10-07T02:20:25.091+0000] {logging_mixin.py:190} INFO - [2025-10-07T02:20:25.091+0000] {dag.py:4180} INFO - Setting next_dagrun for fraud_detection_training to 2025-10-05 03:00:00+00:00, run_after=2025-10-06 03:00:00+00:00
[2025-10-07T02:20:25.102+0000] {processor.py:208} INFO - Processing /opt/airflow/dags/fraud_detection_training_dag.py took 0.089 seconds
[2025-10-07T02:20:55.428+0000] {processor.py:186} INFO - Started process (PID=1512) to work on /opt/airflow/dags/fraud_detection_training_dag.py
[2025-10-07T02:20:55.428+0000] {processor.py:914} INFO - Processing file /opt/airflow/dags/fraud_detection_training_dag.py for tasks to queue
[2025-10-07T02:20:55.429+0000] {logging_mixin.py:190} INFO - [2025-10-07T02:20:55.429+0000] {dagbag.py:588} INFO - Filling up the DagBag from /opt/airflow/dags/fraud_detection_training_dag.py
[2025-10-07T02:20:55.446+0000] {processor.py:925} INFO - DAG(s) 'fraud_detection_training' retrieved from /opt/airflow/dags/fraud_detection_training_dag.py
[2025-10-07T02:20:55.467+0000] {logging_mixin.py:190} INFO - [2025-10-07T02:20:55.467+0000] {dag.py:3239} INFO - Sync 1 DAGs
[2025-10-07T02:20:55.486+0000] {logging_mixin.py:190} INFO - [2025-10-07T02:20:55.486+0000] {dag.py:4180} INFO - Setting next_dagrun for fraud_detection_training to 2025-10-05 03:00:00+00:00, run_after=2025-10-06 03:00:00+00:00
[2025-10-07T02:20:55.500+0000] {processor.py:208} INFO - Processing /opt/airflow/dags/fraud_detection_training_dag.py took 0.081 seconds
[2025-10-07T02:21:25.804+0000] {processor.py:186} INFO - Started process (PID=1519) to work on /opt/airflow/dags/fraud_detection_training_dag.py
[2025-10-07T02:21:25.805+0000] {processor.py:914} INFO - Processing file /opt/airflow/dags/fraud_detection_training_dag.py for tasks to queue
[2025-10-07T02:21:25.807+0000] {logging_mixin.py:190} INFO - [2025-10-07T02:21:25.806+0000] {dagbag.py:588} INFO - Filling up the DagBag from /opt/airflow/dags/fraud_detection_training_dag.py
[2025-10-07T02:21:25.827+0000] {processor.py:925} INFO - DAG(s) 'fraud_detection_training' retrieved from /opt/airflow/dags/fraud_detection_training_dag.py
[2025-10-07T02:21:25.849+0000] {logging_mixin.py:190} INFO - [2025-10-07T02:21:25.849+0000] {dag.py:3239} INFO - Sync 1 DAGs
[2025-10-07T02:21:25.870+0000] {logging_mixin.py:190} INFO - [2025-10-07T02:21:25.870+0000] {dag.py:4180} INFO - Setting next_dagrun for fraud_detection_training to 2025-10-05 03:00:00+00:00, run_after=2025-10-06 03:00:00+00:00
[2025-10-07T02:21:25.880+0000] {processor.py:208} INFO - Processing /opt/airflow/dags/fraud_detection_training_dag.py took 0.082 seconds
[2025-10-07T02:21:56.248+0000] {processor.py:186} INFO - Started process (PID=1526) to work on /opt/airflow/dags/fraud_detection_training_dag.py
[2025-10-07T02:21:56.250+0000] {processor.py:914} INFO - Processing file /opt/airflow/dags/fraud_detection_training_dag.py for tasks to queue
[2025-10-07T02:21:56.252+0000] {logging_mixin.py:190} INFO - [2025-10-07T02:21:56.251+0000] {dagbag.py:588} INFO - Filling up the DagBag from /opt/airflow/dags/fraud_detection_training_dag.py
[2025-10-07T02:21:56.280+0000] {processor.py:925} INFO - DAG(s) 'fraud_detection_training' retrieved from /opt/airflow/dags/fraud_detection_training_dag.py
[2025-10-07T02:21:56.321+0000] {logging_mixin.py:190} INFO - [2025-10-07T02:21:56.321+0000] {dag.py:3239} INFO - Sync 1 DAGs
[2025-10-07T02:21:56.347+0000] {logging_mixin.py:190} INFO - [2025-10-07T02:21:56.347+0000] {dag.py:4180} INFO - Setting next_dagrun for fraud_detection_training to 2025-10-05 03:00:00+00:00, run_after=2025-10-06 03:00:00+00:00
[2025-10-07T02:21:56.367+0000] {processor.py:208} INFO - Processing /opt/airflow/dags/fraud_detection_training_dag.py took 0.126 seconds
[2025-10-07T02:22:26.730+0000] {processor.py:186} INFO - Started process (PID=1533) to work on /opt/airflow/dags/fraud_detection_training_dag.py
[2025-10-07T02:22:26.732+0000] {processor.py:914} INFO - Processing file /opt/airflow/dags/fraud_detection_training_dag.py for tasks to queue
[2025-10-07T02:22:26.733+0000] {logging_mixin.py:190} INFO - [2025-10-07T02:22:26.733+0000] {dagbag.py:588} INFO - Filling up the DagBag from /opt/airflow/dags/fraud_detection_training_dag.py
[2025-10-07T02:22:26.752+0000] {processor.py:925} INFO - DAG(s) 'fraud_detection_training' retrieved from /opt/airflow/dags/fraud_detection_training_dag.py
[2025-10-07T02:22:26.787+0000] {logging_mixin.py:190} INFO - [2025-10-07T02:22:26.787+0000] {dag.py:3239} INFO - Sync 1 DAGs
[2025-10-07T02:22:26.826+0000] {logging_mixin.py:190} INFO - [2025-10-07T02:22:26.826+0000] {dag.py:4180} INFO - Setting next_dagrun for fraud_detection_training to 2025-10-05 03:00:00+00:00, run_after=2025-10-06 03:00:00+00:00
[2025-10-07T02:22:26.844+0000] {processor.py:208} INFO - Processing /opt/airflow/dags/fraud_detection_training_dag.py took 0.127 seconds
[2025-10-07T02:22:57.099+0000] {processor.py:186} INFO - Started process (PID=1540) to work on /opt/airflow/dags/fraud_detection_training_dag.py
[2025-10-07T02:22:57.101+0000] {processor.py:914} INFO - Processing file /opt/airflow/dags/fraud_detection_training_dag.py for tasks to queue
[2025-10-07T02:22:57.105+0000] {logging_mixin.py:190} INFO - [2025-10-07T02:22:57.102+0000] {dagbag.py:588} INFO - Filling up the DagBag from /opt/airflow/dags/fraud_detection_training_dag.py
[2025-10-07T02:22:57.125+0000] {processor.py:925} INFO - DAG(s) 'fraud_detection_training' retrieved from /opt/airflow/dags/fraud_detection_training_dag.py
[2025-10-07T02:22:57.161+0000] {logging_mixin.py:190} INFO - [2025-10-07T02:22:57.161+0000] {dag.py:3239} INFO - Sync 1 DAGs
[2025-10-07T02:22:57.192+0000] {logging_mixin.py:190} INFO - [2025-10-07T02:22:57.192+0000] {dag.py:4180} INFO - Setting next_dagrun for fraud_detection_training to 2025-10-05 03:00:00+00:00, run_after=2025-10-06 03:00:00+00:00
[2025-10-07T02:22:57.206+0000] {processor.py:208} INFO - Processing /opt/airflow/dags/fraud_detection_training_dag.py took 0.119 seconds
[2025-10-07T02:23:27.700+0000] {processor.py:186} INFO - Started process (PID=1547) to work on /opt/airflow/dags/fraud_detection_training_dag.py
[2025-10-07T02:23:27.703+0000] {processor.py:914} INFO - Processing file /opt/airflow/dags/fraud_detection_training_dag.py for tasks to queue
[2025-10-07T02:23:27.706+0000] {logging_mixin.py:190} INFO - [2025-10-07T02:23:27.705+0000] {dagbag.py:588} INFO - Filling up the DagBag from /opt/airflow/dags/fraud_detection_training_dag.py
[2025-10-07T02:23:27.735+0000] {processor.py:925} INFO - DAG(s) 'fraud_detection_training' retrieved from /opt/airflow/dags/fraud_detection_training_dag.py
[2025-10-07T02:23:27.781+0000] {logging_mixin.py:190} INFO - [2025-10-07T02:23:27.781+0000] {dag.py:3239} INFO - Sync 1 DAGs
[2025-10-07T02:23:27.810+0000] {logging_mixin.py:190} INFO - [2025-10-07T02:23:27.810+0000] {dag.py:4180} INFO - Setting next_dagrun for fraud_detection_training to 2025-10-05 03:00:00+00:00, run_after=2025-10-06 03:00:00+00:00
[2025-10-07T02:23:27.831+0000] {processor.py:208} INFO - Processing /opt/airflow/dags/fraud_detection_training_dag.py took 0.174 seconds
[2025-10-07T02:23:58.100+0000] {processor.py:186} INFO - Started process (PID=1554) to work on /opt/airflow/dags/fraud_detection_training_dag.py
[2025-10-07T02:23:58.101+0000] {processor.py:914} INFO - Processing file /opt/airflow/dags/fraud_detection_training_dag.py for tasks to queue
[2025-10-07T02:23:58.102+0000] {logging_mixin.py:190} INFO - [2025-10-07T02:23:58.102+0000] {dagbag.py:588} INFO - Filling up the DagBag from /opt/airflow/dags/fraud_detection_training_dag.py
[2025-10-07T02:23:58.123+0000] {processor.py:925} INFO - DAG(s) 'fraud_detection_training' retrieved from /opt/airflow/dags/fraud_detection_training_dag.py
[2025-10-07T02:23:58.159+0000] {logging_mixin.py:190} INFO - [2025-10-07T02:23:58.158+0000] {dag.py:3239} INFO - Sync 1 DAGs
[2025-10-07T02:23:58.184+0000] {logging_mixin.py:190} INFO - [2025-10-07T02:23:58.184+0000] {dag.py:4180} INFO - Setting next_dagrun for fraud_detection_training to 2025-10-05 03:00:00+00:00, run_after=2025-10-06 03:00:00+00:00
[2025-10-07T02:23:58.202+0000] {processor.py:208} INFO - Processing /opt/airflow/dags/fraud_detection_training_dag.py took 0.110 seconds
[2025-10-07T02:24:28.590+0000] {processor.py:186} INFO - Started process (PID=1561) to work on /opt/airflow/dags/fraud_detection_training_dag.py
[2025-10-07T02:24:28.593+0000] {processor.py:914} INFO - Processing file /opt/airflow/dags/fraud_detection_training_dag.py for tasks to queue
[2025-10-07T02:24:28.596+0000] {logging_mixin.py:190} INFO - [2025-10-07T02:24:28.595+0000] {dagbag.py:588} INFO - Filling up the DagBag from /opt/airflow/dags/fraud_detection_training_dag.py
[2025-10-07T02:24:28.617+0000] {processor.py:925} INFO - DAG(s) 'fraud_detection_training' retrieved from /opt/airflow/dags/fraud_detection_training_dag.py
[2025-10-07T02:24:28.651+0000] {logging_mixin.py:190} INFO - [2025-10-07T02:24:28.651+0000] {dag.py:3239} INFO - Sync 1 DAGs
[2025-10-07T02:24:28.669+0000] {logging_mixin.py:190} INFO - [2025-10-07T02:24:28.669+0000] {dag.py:4180} INFO - Setting next_dagrun for fraud_detection_training to 2025-10-05 03:00:00+00:00, run_after=2025-10-06 03:00:00+00:00
[2025-10-07T02:24:28.679+0000] {processor.py:208} INFO - Processing /opt/airflow/dags/fraud_detection_training_dag.py took 0.097 seconds
[2025-10-07T02:24:59.024+0000] {processor.py:186} INFO - Started process (PID=1568) to work on /opt/airflow/dags/fraud_detection_training_dag.py
[2025-10-07T02:24:59.026+0000] {processor.py:914} INFO - Processing file /opt/airflow/dags/fraud_detection_training_dag.py for tasks to queue
[2025-10-07T02:24:59.028+0000] {logging_mixin.py:190} INFO - [2025-10-07T02:24:59.028+0000] {dagbag.py:588} INFO - Filling up the DagBag from /opt/airflow/dags/fraud_detection_training_dag.py
[2025-10-07T02:24:59.060+0000] {processor.py:925} INFO - DAG(s) 'fraud_detection_training' retrieved from /opt/airflow/dags/fraud_detection_training_dag.py
[2025-10-07T02:24:59.105+0000] {logging_mixin.py:190} INFO - [2025-10-07T02:24:59.105+0000] {dag.py:3239} INFO - Sync 1 DAGs
[2025-10-07T02:24:59.137+0000] {logging_mixin.py:190} INFO - [2025-10-07T02:24:59.137+0000] {dag.py:4180} INFO - Setting next_dagrun for fraud_detection_training to 2025-10-05 03:00:00+00:00, run_after=2025-10-06 03:00:00+00:00
[2025-10-07T02:24:59.151+0000] {processor.py:208} INFO - Processing /opt/airflow/dags/fraud_detection_training_dag.py took 0.140 seconds
[2025-10-07T02:25:29.532+0000] {processor.py:186} INFO - Started process (PID=1575) to work on /opt/airflow/dags/fraud_detection_training_dag.py
[2025-10-07T02:25:29.533+0000] {processor.py:914} INFO - Processing file /opt/airflow/dags/fraud_detection_training_dag.py for tasks to queue
[2025-10-07T02:25:29.534+0000] {logging_mixin.py:190} INFO - [2025-10-07T02:25:29.534+0000] {dagbag.py:588} INFO - Filling up the DagBag from /opt/airflow/dags/fraud_detection_training_dag.py
[2025-10-07T02:25:29.556+0000] {processor.py:925} INFO - DAG(s) 'fraud_detection_training' retrieved from /opt/airflow/dags/fraud_detection_training_dag.py
[2025-10-07T02:25:29.602+0000] {logging_mixin.py:190} INFO - [2025-10-07T02:25:29.602+0000] {dag.py:3239} INFO - Sync 1 DAGs
[2025-10-07T02:25:29.635+0000] {logging_mixin.py:190} INFO - [2025-10-07T02:25:29.634+0000] {dag.py:4180} INFO - Setting next_dagrun for fraud_detection_training to 2025-10-05 03:00:00+00:00, run_after=2025-10-06 03:00:00+00:00
[2025-10-07T02:25:29.649+0000] {processor.py:208} INFO - Processing /opt/airflow/dags/fraud_detection_training_dag.py took 0.128 seconds
[2025-10-07T02:25:59.986+0000] {processor.py:186} INFO - Started process (PID=1582) to work on /opt/airflow/dags/fraud_detection_training_dag.py
[2025-10-07T02:25:59.988+0000] {processor.py:914} INFO - Processing file /opt/airflow/dags/fraud_detection_training_dag.py for tasks to queue
[2025-10-07T02:25:59.991+0000] {logging_mixin.py:190} INFO - [2025-10-07T02:25:59.989+0000] {dagbag.py:588} INFO - Filling up the DagBag from /opt/airflow/dags/fraud_detection_training_dag.py
[2025-10-07T02:26:00.023+0000] {processor.py:925} INFO - DAG(s) 'fraud_detection_training' retrieved from /opt/airflow/dags/fraud_detection_training_dag.py
[2025-10-07T02:26:00.065+0000] {logging_mixin.py:190} INFO - [2025-10-07T02:26:00.064+0000] {dag.py:3239} INFO - Sync 1 DAGs
[2025-10-07T02:26:00.092+0000] {logging_mixin.py:190} INFO - [2025-10-07T02:26:00.092+0000] {dag.py:4180} INFO - Setting next_dagrun for fraud_detection_training to 2025-10-05 03:00:00+00:00, run_after=2025-10-06 03:00:00+00:00
[2025-10-07T02:26:00.104+0000] {processor.py:208} INFO - Processing /opt/airflow/dags/fraud_detection_training_dag.py took 0.126 seconds
[2025-10-07T02:26:30.427+0000] {processor.py:186} INFO - Started process (PID=1589) to work on /opt/airflow/dags/fraud_detection_training_dag.py
[2025-10-07T02:26:30.428+0000] {processor.py:914} INFO - Processing file /opt/airflow/dags/fraud_detection_training_dag.py for tasks to queue
[2025-10-07T02:26:30.430+0000] {logging_mixin.py:190} INFO - [2025-10-07T02:26:30.429+0000] {dagbag.py:588} INFO - Filling up the DagBag from /opt/airflow/dags/fraud_detection_training_dag.py
[2025-10-07T02:26:30.448+0000] {processor.py:925} INFO - DAG(s) 'fraud_detection_training' retrieved from /opt/airflow/dags/fraud_detection_training_dag.py
[2025-10-07T02:26:30.481+0000] {logging_mixin.py:190} INFO - [2025-10-07T02:26:30.481+0000] {dag.py:3239} INFO - Sync 1 DAGs
[2025-10-07T02:26:30.508+0000] {logging_mixin.py:190} INFO - [2025-10-07T02:26:30.508+0000] {dag.py:4180} INFO - Setting next_dagrun for fraud_detection_training to 2025-10-05 03:00:00+00:00, run_after=2025-10-06 03:00:00+00:00
[2025-10-07T02:26:30.523+0000] {processor.py:208} INFO - Processing /opt/airflow/dags/fraud_detection_training_dag.py took 0.103 seconds
[2025-10-07T02:27:00.970+0000] {processor.py:186} INFO - Started process (PID=1596) to work on /opt/airflow/dags/fraud_detection_training_dag.py
[2025-10-07T02:27:00.972+0000] {processor.py:914} INFO - Processing file /opt/airflow/dags/fraud_detection_training_dag.py for tasks to queue
[2025-10-07T02:27:00.974+0000] {logging_mixin.py:190} INFO - [2025-10-07T02:27:00.973+0000] {dagbag.py:588} INFO - Filling up the DagBag from /opt/airflow/dags/fraud_detection_training_dag.py
[2025-10-07T02:27:00.998+0000] {processor.py:925} INFO - DAG(s) 'fraud_detection_training' retrieved from /opt/airflow/dags/fraud_detection_training_dag.py
[2025-10-07T02:27:01.046+0000] {logging_mixin.py:190} INFO - [2025-10-07T02:27:01.045+0000] {dag.py:3239} INFO - Sync 1 DAGs
[2025-10-07T02:27:01.076+0000] {logging_mixin.py:190} INFO - [2025-10-07T02:27:01.076+0000] {dag.py:4180} INFO - Setting next_dagrun for fraud_detection_training to 2025-10-05 03:00:00+00:00, run_after=2025-10-06 03:00:00+00:00
[2025-10-07T02:27:01.087+0000] {processor.py:208} INFO - Processing /opt/airflow/dags/fraud_detection_training_dag.py took 0.130 seconds
[2025-10-07T02:27:31.394+0000] {processor.py:186} INFO - Started process (PID=1603) to work on /opt/airflow/dags/fraud_detection_training_dag.py
[2025-10-07T02:27:31.397+0000] {processor.py:914} INFO - Processing file /opt/airflow/dags/fraud_detection_training_dag.py for tasks to queue
[2025-10-07T02:27:31.399+0000] {logging_mixin.py:190} INFO - [2025-10-07T02:27:31.398+0000] {dagbag.py:588} INFO - Filling up the DagBag from /opt/airflow/dags/fraud_detection_training_dag.py
[2025-10-07T02:27:31.421+0000] {processor.py:925} INFO - DAG(s) 'fraud_detection_training' retrieved from /opt/airflow/dags/fraud_detection_training_dag.py
[2025-10-07T02:27:31.462+0000] {logging_mixin.py:190} INFO - [2025-10-07T02:27:31.462+0000] {dag.py:3239} INFO - Sync 1 DAGs
[2025-10-07T02:27:31.484+0000] {logging_mixin.py:190} INFO - [2025-10-07T02:27:31.484+0000] {dag.py:4180} INFO - Setting next_dagrun for fraud_detection_training to 2025-10-05 03:00:00+00:00, run_after=2025-10-06 03:00:00+00:00
[2025-10-07T02:27:31.500+0000] {processor.py:208} INFO - Processing /opt/airflow/dags/fraud_detection_training_dag.py took 0.115 seconds
[2025-10-07T02:28:01.847+0000] {processor.py:186} INFO - Started process (PID=1610) to work on /opt/airflow/dags/fraud_detection_training_dag.py
[2025-10-07T02:28:01.849+0000] {processor.py:914} INFO - Processing file /opt/airflow/dags/fraud_detection_training_dag.py for tasks to queue
[2025-10-07T02:28:01.851+0000] {logging_mixin.py:190} INFO - [2025-10-07T02:28:01.850+0000] {dagbag.py:588} INFO - Filling up the DagBag from /opt/airflow/dags/fraud_detection_training_dag.py
[2025-10-07T02:28:01.871+0000] {processor.py:925} INFO - DAG(s) 'fraud_detection_training' retrieved from /opt/airflow/dags/fraud_detection_training_dag.py
[2025-10-07T02:28:01.907+0000] {logging_mixin.py:190} INFO - [2025-10-07T02:28:01.907+0000] {dag.py:3239} INFO - Sync 1 DAGs
[2025-10-07T02:28:01.933+0000] {logging_mixin.py:190} INFO - [2025-10-07T02:28:01.933+0000] {dag.py:4180} INFO - Setting next_dagrun for fraud_detection_training to 2025-10-05 03:00:00+00:00, run_after=2025-10-06 03:00:00+00:00
[2025-10-07T02:28:01.943+0000] {processor.py:208} INFO - Processing /opt/airflow/dags/fraud_detection_training_dag.py took 0.105 seconds
[2025-10-07T02:28:32.278+0000] {processor.py:186} INFO - Started process (PID=1617) to work on /opt/airflow/dags/fraud_detection_training_dag.py
[2025-10-07T02:28:32.280+0000] {processor.py:914} INFO - Processing file /opt/airflow/dags/fraud_detection_training_dag.py for tasks to queue
[2025-10-07T02:28:32.281+0000] {logging_mixin.py:190} INFO - [2025-10-07T02:28:32.281+0000] {dagbag.py:588} INFO - Filling up the DagBag from /opt/airflow/dags/fraud_detection_training_dag.py
[2025-10-07T02:28:32.303+0000] {processor.py:925} INFO - DAG(s) 'fraud_detection_training' retrieved from /opt/airflow/dags/fraud_detection_training_dag.py
[2025-10-07T02:28:32.335+0000] {logging_mixin.py:190} INFO - [2025-10-07T02:28:32.335+0000] {dag.py:3239} INFO - Sync 1 DAGs
[2025-10-07T02:28:32.361+0000] {logging_mixin.py:190} INFO - [2025-10-07T02:28:32.360+0000] {dag.py:4180} INFO - Setting next_dagrun for fraud_detection_training to 2025-10-05 03:00:00+00:00, run_after=2025-10-06 03:00:00+00:00
[2025-10-07T02:28:32.375+0000] {processor.py:208} INFO - Processing /opt/airflow/dags/fraud_detection_training_dag.py took 0.108 seconds
[2025-10-07T02:29:02.727+0000] {processor.py:186} INFO - Started process (PID=1624) to work on /opt/airflow/dags/fraud_detection_training_dag.py
[2025-10-07T02:29:02.728+0000] {processor.py:914} INFO - Processing file /opt/airflow/dags/fraud_detection_training_dag.py for tasks to queue
[2025-10-07T02:29:02.730+0000] {logging_mixin.py:190} INFO - [2025-10-07T02:29:02.729+0000] {dagbag.py:588} INFO - Filling up the DagBag from /opt/airflow/dags/fraud_detection_training_dag.py
[2025-10-07T02:29:02.754+0000] {processor.py:925} INFO - DAG(s) 'fraud_detection_training' retrieved from /opt/airflow/dags/fraud_detection_training_dag.py
[2025-10-07T02:29:02.793+0000] {logging_mixin.py:190} INFO - [2025-10-07T02:29:02.792+0000] {dag.py:3239} INFO - Sync 1 DAGs
[2025-10-07T02:29:02.816+0000] {logging_mixin.py:190} INFO - [2025-10-07T02:29:02.816+0000] {dag.py:4180} INFO - Setting next_dagrun for fraud_detection_training to 2025-10-05 03:00:00+00:00, run_after=2025-10-06 03:00:00+00:00
[2025-10-07T02:29:02.825+0000] {processor.py:208} INFO - Processing /opt/airflow/dags/fraud_detection_training_dag.py took 0.108 seconds
[2025-10-07T02:29:33.156+0000] {processor.py:186} INFO - Started process (PID=1631) to work on /opt/airflow/dags/fraud_detection_training_dag.py
[2025-10-07T02:29:33.158+0000] {processor.py:914} INFO - Processing file /opt/airflow/dags/fraud_detection_training_dag.py for tasks to queue
[2025-10-07T02:29:33.159+0000] {logging_mixin.py:190} INFO - [2025-10-07T02:29:33.159+0000] {dagbag.py:588} INFO - Filling up the DagBag from /opt/airflow/dags/fraud_detection_training_dag.py
[2025-10-07T02:29:33.179+0000] {processor.py:925} INFO - DAG(s) 'fraud_detection_training' retrieved from /opt/airflow/dags/fraud_detection_training_dag.py
[2025-10-07T02:29:33.215+0000] {logging_mixin.py:190} INFO - [2025-10-07T02:29:33.214+0000] {dag.py:3239} INFO - Sync 1 DAGs
[2025-10-07T02:29:33.233+0000] {logging_mixin.py:190} INFO - [2025-10-07T02:29:33.233+0000] {dag.py:4180} INFO - Setting next_dagrun for fraud_detection_training to 2025-10-05 03:00:00+00:00, run_after=2025-10-06 03:00:00+00:00
[2025-10-07T02:29:33.243+0000] {processor.py:208} INFO - Processing /opt/airflow/dags/fraud_detection_training_dag.py took 0.094 seconds
[2025-10-07T02:30:03.492+0000] {processor.py:186} INFO - Started process (PID=1638) to work on /opt/airflow/dags/fraud_detection_training_dag.py
[2025-10-07T02:30:03.495+0000] {processor.py:914} INFO - Processing file /opt/airflow/dags/fraud_detection_training_dag.py for tasks to queue
[2025-10-07T02:30:03.496+0000] {logging_mixin.py:190} INFO - [2025-10-07T02:30:03.495+0000] {dagbag.py:588} INFO - Filling up the DagBag from /opt/airflow/dags/fraud_detection_training_dag.py
[2025-10-07T02:30:03.512+0000] {processor.py:925} INFO - DAG(s) 'fraud_detection_training' retrieved from /opt/airflow/dags/fraud_detection_training_dag.py
[2025-10-07T02:30:03.543+0000] {logging_mixin.py:190} INFO - [2025-10-07T02:30:03.542+0000] {dag.py:3239} INFO - Sync 1 DAGs
[2025-10-07T02:30:03.562+0000] {logging_mixin.py:190} INFO - [2025-10-07T02:30:03.562+0000] {dag.py:4180} INFO - Setting next_dagrun for fraud_detection_training to 2025-10-05 03:00:00+00:00, run_after=2025-10-06 03:00:00+00:00
[2025-10-07T02:30:03.571+0000] {processor.py:208} INFO - Processing /opt/airflow/dags/fraud_detection_training_dag.py took 0.087 seconds
[2025-10-07T02:30:33.855+0000] {processor.py:186} INFO - Started process (PID=1645) to work on /opt/airflow/dags/fraud_detection_training_dag.py
[2025-10-07T02:30:33.857+0000] {processor.py:914} INFO - Processing file /opt/airflow/dags/fraud_detection_training_dag.py for tasks to queue
[2025-10-07T02:30:33.858+0000] {logging_mixin.py:190} INFO - [2025-10-07T02:30:33.858+0000] {dagbag.py:588} INFO - Filling up the DagBag from /opt/airflow/dags/fraud_detection_training_dag.py
[2025-10-07T02:30:33.875+0000] {processor.py:925} INFO - DAG(s) 'fraud_detection_training' retrieved from /opt/airflow/dags/fraud_detection_training_dag.py
[2025-10-07T02:30:33.902+0000] {logging_mixin.py:190} INFO - [2025-10-07T02:30:33.902+0000] {dag.py:3239} INFO - Sync 1 DAGs
[2025-10-07T02:30:33.919+0000] {logging_mixin.py:190} INFO - [2025-10-07T02:30:33.919+0000] {dag.py:4180} INFO - Setting next_dagrun for fraud_detection_training to 2025-10-05 03:00:00+00:00, run_after=2025-10-06 03:00:00+00:00
[2025-10-07T02:30:33.929+0000] {processor.py:208} INFO - Processing /opt/airflow/dags/fraud_detection_training_dag.py took 0.082 seconds
[2025-10-07T02:31:04.244+0000] {processor.py:186} INFO - Started process (PID=1652) to work on /opt/airflow/dags/fraud_detection_training_dag.py
[2025-10-07T02:31:04.245+0000] {processor.py:914} INFO - Processing file /opt/airflow/dags/fraud_detection_training_dag.py for tasks to queue
[2025-10-07T02:31:04.246+0000] {logging_mixin.py:190} INFO - [2025-10-07T02:31:04.246+0000] {dagbag.py:588} INFO - Filling up the DagBag from /opt/airflow/dags/fraud_detection_training_dag.py
[2025-10-07T02:31:04.268+0000] {processor.py:925} INFO - DAG(s) 'fraud_detection_training' retrieved from /opt/airflow/dags/fraud_detection_training_dag.py
[2025-10-07T02:31:04.298+0000] {logging_mixin.py:190} INFO - [2025-10-07T02:31:04.298+0000] {dag.py:3239} INFO - Sync 1 DAGs
[2025-10-07T02:31:04.318+0000] {logging_mixin.py:190} INFO - [2025-10-07T02:31:04.318+0000] {dag.py:4180} INFO - Setting next_dagrun for fraud_detection_training to 2025-10-05 03:00:00+00:00, run_after=2025-10-06 03:00:00+00:00
[2025-10-07T02:31:04.327+0000] {processor.py:208} INFO - Processing /opt/airflow/dags/fraud_detection_training_dag.py took 0.090 seconds
[2025-10-07T02:31:34.648+0000] {processor.py:186} INFO - Started process (PID=1659) to work on /opt/airflow/dags/fraud_detection_training_dag.py
[2025-10-07T02:31:34.648+0000] {processor.py:914} INFO - Processing file /opt/airflow/dags/fraud_detection_training_dag.py for tasks to queue
[2025-10-07T02:31:34.649+0000] {logging_mixin.py:190} INFO - [2025-10-07T02:31:34.649+0000] {dagbag.py:588} INFO - Filling up the DagBag from /opt/airflow/dags/fraud_detection_training_dag.py
[2025-10-07T02:31:34.664+0000] {processor.py:925} INFO - DAG(s) 'fraud_detection_training' retrieved from /opt/airflow/dags/fraud_detection_training_dag.py
[2025-10-07T02:31:34.686+0000] {logging_mixin.py:190} INFO - [2025-10-07T02:31:34.686+0000] {dag.py:3239} INFO - Sync 1 DAGs
[2025-10-07T02:31:34.706+0000] {logging_mixin.py:190} INFO - [2025-10-07T02:31:34.706+0000] {dag.py:4180} INFO - Setting next_dagrun for fraud_detection_training to 2025-10-05 03:00:00+00:00, run_after=2025-10-06 03:00:00+00:00
[2025-10-07T02:31:34.715+0000] {processor.py:208} INFO - Processing /opt/airflow/dags/fraud_detection_training_dag.py took 0.074 seconds
[2025-10-07T02:32:05.062+0000] {processor.py:186} INFO - Started process (PID=1666) to work on /opt/airflow/dags/fraud_detection_training_dag.py
[2025-10-07T02:32:05.064+0000] {processor.py:914} INFO - Processing file /opt/airflow/dags/fraud_detection_training_dag.py for tasks to queue
[2025-10-07T02:32:05.065+0000] {logging_mixin.py:190} INFO - [2025-10-07T02:32:05.064+0000] {dagbag.py:588} INFO - Filling up the DagBag from /opt/airflow/dags/fraud_detection_training_dag.py
[2025-10-07T02:32:05.080+0000] {processor.py:925} INFO - DAG(s) 'fraud_detection_training' retrieved from /opt/airflow/dags/fraud_detection_training_dag.py
[2025-10-07T02:32:05.105+0000] {logging_mixin.py:190} INFO - [2025-10-07T02:32:05.105+0000] {dag.py:3239} INFO - Sync 1 DAGs
[2025-10-07T02:32:05.121+0000] {logging_mixin.py:190} INFO - [2025-10-07T02:32:05.120+0000] {dag.py:4180} INFO - Setting next_dagrun for fraud_detection_training to 2025-10-05 03:00:00+00:00, run_after=2025-10-06 03:00:00+00:00
[2025-10-07T02:32:05.129+0000] {processor.py:208} INFO - Processing /opt/airflow/dags/fraud_detection_training_dag.py took 0.072 seconds
[2025-10-07T02:32:35.474+0000] {processor.py:186} INFO - Started process (PID=1672) to work on /opt/airflow/dags/fraud_detection_training_dag.py
[2025-10-07T02:32:35.477+0000] {processor.py:914} INFO - Processing file /opt/airflow/dags/fraud_detection_training_dag.py for tasks to queue
[2025-10-07T02:32:35.481+0000] {logging_mixin.py:190} INFO - [2025-10-07T02:32:35.480+0000] {dagbag.py:588} INFO - Filling up the DagBag from /opt/airflow/dags/fraud_detection_training_dag.py
[2025-10-07T02:32:35.504+0000] {processor.py:925} INFO - DAG(s) 'fraud_detection_training' retrieved from /opt/airflow/dags/fraud_detection_training_dag.py
[2025-10-07T02:32:35.543+0000] {logging_mixin.py:190} INFO - [2025-10-07T02:32:35.543+0000] {dag.py:3239} INFO - Sync 1 DAGs
[2025-10-07T02:32:35.566+0000] {logging_mixin.py:190} INFO - [2025-10-07T02:32:35.566+0000] {dag.py:4180} INFO - Setting next_dagrun for fraud_detection_training to 2025-10-05 03:00:00+00:00, run_after=2025-10-06 03:00:00+00:00
[2025-10-07T02:32:35.586+0000] {processor.py:208} INFO - Processing /opt/airflow/dags/fraud_detection_training_dag.py took 0.119 seconds
[2025-10-07T02:33:05.880+0000] {processor.py:186} INFO - Started process (PID=1679) to work on /opt/airflow/dags/fraud_detection_training_dag.py
[2025-10-07T02:33:05.882+0000] {processor.py:914} INFO - Processing file /opt/airflow/dags/fraud_detection_training_dag.py for tasks to queue
[2025-10-07T02:33:05.884+0000] {logging_mixin.py:190} INFO - [2025-10-07T02:33:05.883+0000] {dagbag.py:588} INFO - Filling up the DagBag from /opt/airflow/dags/fraud_detection_training_dag.py
[2025-10-07T02:33:05.903+0000] {processor.py:925} INFO - DAG(s) 'fraud_detection_training' retrieved from /opt/airflow/dags/fraud_detection_training_dag.py
[2025-10-07T02:33:05.934+0000] {logging_mixin.py:190} INFO - [2025-10-07T02:33:05.934+0000] {dag.py:3239} INFO - Sync 1 DAGs
[2025-10-07T02:33:05.957+0000] {logging_mixin.py:190} INFO - [2025-10-07T02:33:05.957+0000] {dag.py:4180} INFO - Setting next_dagrun for fraud_detection_training to 2025-10-05 03:00:00+00:00, run_after=2025-10-06 03:00:00+00:00
[2025-10-07T02:33:05.966+0000] {processor.py:208} INFO - Processing /opt/airflow/dags/fraud_detection_training_dag.py took 0.096 seconds
[2025-10-07T02:33:36.355+0000] {processor.py:186} INFO - Started process (PID=1686) to work on /opt/airflow/dags/fraud_detection_training_dag.py
[2025-10-07T02:33:36.357+0000] {processor.py:914} INFO - Processing file /opt/airflow/dags/fraud_detection_training_dag.py for tasks to queue
[2025-10-07T02:33:36.360+0000] {logging_mixin.py:190} INFO - [2025-10-07T02:33:36.357+0000] {dagbag.py:588} INFO - Filling up the DagBag from /opt/airflow/dags/fraud_detection_training_dag.py
[2025-10-07T02:33:36.378+0000] {processor.py:925} INFO - DAG(s) 'fraud_detection_training' retrieved from /opt/airflow/dags/fraud_detection_training_dag.py
[2025-10-07T02:33:36.419+0000] {logging_mixin.py:190} INFO - [2025-10-07T02:33:36.419+0000] {dag.py:3239} INFO - Sync 1 DAGs
[2025-10-07T02:33:36.444+0000] {logging_mixin.py:190} INFO - [2025-10-07T02:33:36.444+0000] {dag.py:4180} INFO - Setting next_dagrun for fraud_detection_training to 2025-10-05 03:00:00+00:00, run_after=2025-10-06 03:00:00+00:00
[2025-10-07T02:33:36.459+0000] {processor.py:208} INFO - Processing /opt/airflow/dags/fraud_detection_training_dag.py took 0.119 seconds
[2025-10-07T02:34:06.793+0000] {processor.py:186} INFO - Started process (PID=1693) to work on /opt/airflow/dags/fraud_detection_training_dag.py
[2025-10-07T02:34:06.795+0000] {processor.py:914} INFO - Processing file /opt/airflow/dags/fraud_detection_training_dag.py for tasks to queue
[2025-10-07T02:34:06.796+0000] {logging_mixin.py:190} INFO - [2025-10-07T02:34:06.795+0000] {dagbag.py:588} INFO - Filling up the DagBag from /opt/airflow/dags/fraud_detection_training_dag.py
[2025-10-07T02:34:06.815+0000] {processor.py:925} INFO - DAG(s) 'fraud_detection_training' retrieved from /opt/airflow/dags/fraud_detection_training_dag.py
[2025-10-07T02:34:06.853+0000] {logging_mixin.py:190} INFO - [2025-10-07T02:34:06.853+0000] {dag.py:3239} INFO - Sync 1 DAGs
[2025-10-07T02:34:06.875+0000] {logging_mixin.py:190} INFO - [2025-10-07T02:34:06.875+0000] {dag.py:4180} INFO - Setting next_dagrun for fraud_detection_training to 2025-10-05 03:00:00+00:00, run_after=2025-10-06 03:00:00+00:00
[2025-10-07T02:34:06.889+0000] {processor.py:208} INFO - Processing /opt/airflow/dags/fraud_detection_training_dag.py took 0.105 seconds
[2025-10-07T02:34:37.292+0000] {processor.py:186} INFO - Started process (PID=1700) to work on /opt/airflow/dags/fraud_detection_training_dag.py
[2025-10-07T02:34:37.294+0000] {processor.py:914} INFO - Processing file /opt/airflow/dags/fraud_detection_training_dag.py for tasks to queue
[2025-10-07T02:34:37.296+0000] {logging_mixin.py:190} INFO - [2025-10-07T02:34:37.295+0000] {dagbag.py:588} INFO - Filling up the DagBag from /opt/airflow/dags/fraud_detection_training_dag.py
[2025-10-07T02:34:37.341+0000] {processor.py:925} INFO - DAG(s) 'fraud_detection_training' retrieved from /opt/airflow/dags/fraud_detection_training_dag.py
[2025-10-07T02:34:37.377+0000] {logging_mixin.py:190} INFO - [2025-10-07T02:34:37.377+0000] {dag.py:3239} INFO - Sync 1 DAGs
[2025-10-07T02:34:37.401+0000] {logging_mixin.py:190} INFO - [2025-10-07T02:34:37.400+0000] {dag.py:4180} INFO - Setting next_dagrun for fraud_detection_training to 2025-10-05 03:00:00+00:00, run_after=2025-10-06 03:00:00+00:00
[2025-10-07T02:34:38.072+0000] {processor.py:208} INFO - Processing /opt/airflow/dags/fraud_detection_training_dag.py took 0.789 seconds
[2025-10-07T02:35:08.500+0000] {processor.py:186} INFO - Started process (PID=1707) to work on /opt/airflow/dags/fraud_detection_training_dag.py
[2025-10-07T02:35:08.501+0000] {processor.py:914} INFO - Processing file /opt/airflow/dags/fraud_detection_training_dag.py for tasks to queue
[2025-10-07T02:35:08.505+0000] {logging_mixin.py:190} INFO - [2025-10-07T02:35:08.504+0000] {dagbag.py:588} INFO - Filling up the DagBag from /opt/airflow/dags/fraud_detection_training_dag.py
[2025-10-07T02:35:08.526+0000] {processor.py:925} INFO - DAG(s) 'fraud_detection_training' retrieved from /opt/airflow/dags/fraud_detection_training_dag.py
[2025-10-07T02:35:08.571+0000] {logging_mixin.py:190} INFO - [2025-10-07T02:35:08.571+0000] {dag.py:3239} INFO - Sync 1 DAGs
[2025-10-07T02:35:08.599+0000] {logging_mixin.py:190} INFO - [2025-10-07T02:35:08.599+0000] {dag.py:4180} INFO - Setting next_dagrun for fraud_detection_training to 2025-10-05 03:00:00+00:00, run_after=2025-10-06 03:00:00+00:00
[2025-10-07T02:35:08.613+0000] {processor.py:208} INFO - Processing /opt/airflow/dags/fraud_detection_training_dag.py took 0.119 seconds
[2025-10-07T02:35:39.048+0000] {processor.py:186} INFO - Started process (PID=1714) to work on /opt/airflow/dags/fraud_detection_training_dag.py
[2025-10-07T02:35:39.049+0000] {processor.py:914} INFO - Processing file /opt/airflow/dags/fraud_detection_training_dag.py for tasks to queue
[2025-10-07T02:35:39.051+0000] {logging_mixin.py:190} INFO - [2025-10-07T02:35:39.050+0000] {dagbag.py:588} INFO - Filling up the DagBag from /opt/airflow/dags/fraud_detection_training_dag.py
[2025-10-07T02:35:39.076+0000] {processor.py:925} INFO - DAG(s) 'fraud_detection_training' retrieved from /opt/airflow/dags/fraud_detection_training_dag.py
[2025-10-07T02:35:39.115+0000] {logging_mixin.py:190} INFO - [2025-10-07T02:35:39.115+0000] {dag.py:3239} INFO - Sync 1 DAGs
[2025-10-07T02:35:39.138+0000] {logging_mixin.py:190} INFO - [2025-10-07T02:35:39.138+0000] {dag.py:4180} INFO - Setting next_dagrun for fraud_detection_training to 2025-10-05 03:00:00+00:00, run_after=2025-10-06 03:00:00+00:00
[2025-10-07T02:35:39.148+0000] {processor.py:208} INFO - Processing /opt/airflow/dags/fraud_detection_training_dag.py took 0.109 seconds
[2025-10-07T02:36:09.415+0000] {processor.py:186} INFO - Started process (PID=1721) to work on /opt/airflow/dags/fraud_detection_training_dag.py
[2025-10-07T02:36:09.416+0000] {processor.py:914} INFO - Processing file /opt/airflow/dags/fraud_detection_training_dag.py for tasks to queue
[2025-10-07T02:36:09.417+0000] {logging_mixin.py:190} INFO - [2025-10-07T02:36:09.417+0000] {dagbag.py:588} INFO - Filling up the DagBag from /opt/airflow/dags/fraud_detection_training_dag.py
[2025-10-07T02:36:09.439+0000] {processor.py:925} INFO - DAG(s) 'fraud_detection_training' retrieved from /opt/airflow/dags/fraud_detection_training_dag.py
[2025-10-07T02:36:09.479+0000] {logging_mixin.py:190} INFO - [2025-10-07T02:36:09.479+0000] {dag.py:3239} INFO - Sync 1 DAGs
[2025-10-07T02:36:09.502+0000] {logging_mixin.py:190} INFO - [2025-10-07T02:36:09.502+0000] {dag.py:4180} INFO - Setting next_dagrun for fraud_detection_training to 2025-10-05 03:00:00+00:00, run_after=2025-10-06 03:00:00+00:00
[2025-10-07T02:36:09.514+0000] {processor.py:208} INFO - Processing /opt/airflow/dags/fraud_detection_training_dag.py took 0.109 seconds
[2025-10-07T02:36:39.862+0000] {processor.py:186} INFO - Started process (PID=1729) to work on /opt/airflow/dags/fraud_detection_training_dag.py
[2025-10-07T02:36:39.864+0000] {processor.py:914} INFO - Processing file /opt/airflow/dags/fraud_detection_training_dag.py for tasks to queue
[2025-10-07T02:36:39.865+0000] {logging_mixin.py:190} INFO - [2025-10-07T02:36:39.865+0000] {dagbag.py:588} INFO - Filling up the DagBag from /opt/airflow/dags/fraud_detection_training_dag.py
[2025-10-07T02:36:39.881+0000] {processor.py:925} INFO - DAG(s) 'fraud_detection_training' retrieved from /opt/airflow/dags/fraud_detection_training_dag.py
[2025-10-07T02:36:39.907+0000] {logging_mixin.py:190} INFO - [2025-10-07T02:36:39.906+0000] {dag.py:3239} INFO - Sync 1 DAGs
[2025-10-07T02:36:39.926+0000] {logging_mixin.py:190} INFO - [2025-10-07T02:36:39.926+0000] {dag.py:4180} INFO - Setting next_dagrun for fraud_detection_training to 2025-10-05 03:00:00+00:00, run_after=2025-10-06 03:00:00+00:00
[2025-10-07T02:36:39.936+0000] {processor.py:208} INFO - Processing /opt/airflow/dags/fraud_detection_training_dag.py took 0.082 seconds
[2025-10-07T02:37:10.228+0000] {processor.py:186} INFO - Started process (PID=1736) to work on /opt/airflow/dags/fraud_detection_training_dag.py
[2025-10-07T02:37:10.230+0000] {processor.py:914} INFO - Processing file /opt/airflow/dags/fraud_detection_training_dag.py for tasks to queue
[2025-10-07T02:37:10.231+0000] {logging_mixin.py:190} INFO - [2025-10-07T02:37:10.231+0000] {dagbag.py:588} INFO - Filling up the DagBag from /opt/airflow/dags/fraud_detection_training_dag.py
[2025-10-07T02:37:10.253+0000] {processor.py:925} INFO - DAG(s) 'fraud_detection_training' retrieved from /opt/airflow/dags/fraud_detection_training_dag.py
[2025-10-07T02:37:10.288+0000] {logging_mixin.py:190} INFO - [2025-10-07T02:37:10.288+0000] {dag.py:3239} INFO - Sync 1 DAGs
[2025-10-07T02:37:10.341+0000] {logging_mixin.py:190} INFO - [2025-10-07T02:37:10.341+0000] {dag.py:4180} INFO - Setting next_dagrun for fraud_detection_training to 2025-10-05 03:00:00+00:00, run_after=2025-10-06 03:00:00+00:00
[2025-10-07T02:37:10.370+0000] {processor.py:208} INFO - Processing /opt/airflow/dags/fraud_detection_training_dag.py took 0.153 seconds
[2025-10-07T02:37:40.613+0000] {processor.py:186} INFO - Started process (PID=1744) to work on /opt/airflow/dags/fraud_detection_training_dag.py
[2025-10-07T02:37:40.615+0000] {processor.py:914} INFO - Processing file /opt/airflow/dags/fraud_detection_training_dag.py for tasks to queue
[2025-10-07T02:37:40.616+0000] {logging_mixin.py:190} INFO - [2025-10-07T02:37:40.616+0000] {dagbag.py:588} INFO - Filling up the DagBag from /opt/airflow/dags/fraud_detection_training_dag.py
[2025-10-07T02:37:40.634+0000] {processor.py:925} INFO - DAG(s) 'fraud_detection_training' retrieved from /opt/airflow/dags/fraud_detection_training_dag.py
[2025-10-07T02:37:40.665+0000] {logging_mixin.py:190} INFO - [2025-10-07T02:37:40.664+0000] {dag.py:3239} INFO - Sync 1 DAGs
[2025-10-07T02:37:40.690+0000] {logging_mixin.py:190} INFO - [2025-10-07T02:37:40.690+0000] {dag.py:4180} INFO - Setting next_dagrun for fraud_detection_training to 2025-10-05 03:00:00+00:00, run_after=2025-10-06 03:00:00+00:00
[2025-10-07T02:37:40.873+0000] {processor.py:208} INFO - Processing /opt/airflow/dags/fraud_detection_training_dag.py took 0.267 seconds
[2025-10-07T02:38:11.068+0000] {processor.py:186} INFO - Started process (PID=1751) to work on /opt/airflow/dags/fraud_detection_training_dag.py
[2025-10-07T02:38:11.070+0000] {processor.py:914} INFO - Processing file /opt/airflow/dags/fraud_detection_training_dag.py for tasks to queue
[2025-10-07T02:38:11.089+0000] {logging_mixin.py:190} INFO - [2025-10-07T02:38:11.080+0000] {dagbag.py:588} INFO - Filling up the DagBag from /opt/airflow/dags/fraud_detection_training_dag.py
[2025-10-07T02:38:11.139+0000] {processor.py:925} INFO - DAG(s) 'fraud_detection_training' retrieved from /opt/airflow/dags/fraud_detection_training_dag.py
[2025-10-07T02:38:11.185+0000] {logging_mixin.py:190} INFO - [2025-10-07T02:38:11.184+0000] {dag.py:3239} INFO - Sync 1 DAGs
[2025-10-07T02:38:11.217+0000] {logging_mixin.py:190} INFO - [2025-10-07T02:38:11.216+0000] {dag.py:4180} INFO - Setting next_dagrun for fraud_detection_training to 2025-10-05 03:00:00+00:00, run_after=2025-10-06 03:00:00+00:00
[2025-10-07T02:38:11.231+0000] {processor.py:208} INFO - Processing /opt/airflow/dags/fraud_detection_training_dag.py took 0.183 seconds
[2025-10-07T02:38:41.643+0000] {processor.py:186} INFO - Started process (PID=1758) to work on /opt/airflow/dags/fraud_detection_training_dag.py
[2025-10-07T02:38:41.645+0000] {processor.py:914} INFO - Processing file /opt/airflow/dags/fraud_detection_training_dag.py for tasks to queue
[2025-10-07T02:38:41.647+0000] {logging_mixin.py:190} INFO - [2025-10-07T02:38:41.646+0000] {dagbag.py:588} INFO - Filling up the DagBag from /opt/airflow/dags/fraud_detection_training_dag.py
[2025-10-07T02:38:41.668+0000] {processor.py:925} INFO - DAG(s) 'fraud_detection_training' retrieved from /opt/airflow/dags/fraud_detection_training_dag.py
[2025-10-07T02:38:41.701+0000] {logging_mixin.py:190} INFO - [2025-10-07T02:38:41.701+0000] {dag.py:3239} INFO - Sync 1 DAGs
[2025-10-07T02:38:41.726+0000] {logging_mixin.py:190} INFO - [2025-10-07T02:38:41.725+0000] {dag.py:4180} INFO - Setting next_dagrun for fraud_detection_training to 2025-10-05 03:00:00+00:00, run_after=2025-10-06 03:00:00+00:00
[2025-10-07T02:38:41.738+0000] {processor.py:208} INFO - Processing /opt/airflow/dags/fraud_detection_training_dag.py took 0.105 seconds
[2025-10-07T02:39:12.044+0000] {processor.py:186} INFO - Started process (PID=1765) to work on /opt/airflow/dags/fraud_detection_training_dag.py
[2025-10-07T02:39:12.046+0000] {processor.py:914} INFO - Processing file /opt/airflow/dags/fraud_detection_training_dag.py for tasks to queue
[2025-10-07T02:39:12.047+0000] {logging_mixin.py:190} INFO - [2025-10-07T02:39:12.047+0000] {dagbag.py:588} INFO - Filling up the DagBag from /opt/airflow/dags/fraud_detection_training_dag.py
[2025-10-07T02:39:12.070+0000] {processor.py:925} INFO - DAG(s) 'fraud_detection_training' retrieved from /opt/airflow/dags/fraud_detection_training_dag.py
[2025-10-07T02:39:12.100+0000] {logging_mixin.py:190} INFO - [2025-10-07T02:39:12.100+0000] {dag.py:3239} INFO - Sync 1 DAGs
[2025-10-07T02:39:12.122+0000] {logging_mixin.py:190} INFO - [2025-10-07T02:39:12.122+0000] {dag.py:4180} INFO - Setting next_dagrun for fraud_detection_training to 2025-10-05 03:00:00+00:00, run_after=2025-10-06 03:00:00+00:00
[2025-10-07T02:39:12.135+0000] {processor.py:208} INFO - Processing /opt/airflow/dags/fraud_detection_training_dag.py took 0.101 seconds
[2025-10-07T02:39:42.405+0000] {processor.py:186} INFO - Started process (PID=1772) to work on /opt/airflow/dags/fraud_detection_training_dag.py
[2025-10-07T02:39:42.407+0000] {processor.py:914} INFO - Processing file /opt/airflow/dags/fraud_detection_training_dag.py for tasks to queue
[2025-10-07T02:39:42.408+0000] {logging_mixin.py:190} INFO - [2025-10-07T02:39:42.408+0000] {dagbag.py:588} INFO - Filling up the DagBag from /opt/airflow/dags/fraud_detection_training_dag.py
[2025-10-07T02:39:42.425+0000] {processor.py:925} INFO - DAG(s) 'fraud_detection_training' retrieved from /opt/airflow/dags/fraud_detection_training_dag.py
[2025-10-07T02:39:42.455+0000] {logging_mixin.py:190} INFO - [2025-10-07T02:39:42.454+0000] {dag.py:3239} INFO - Sync 1 DAGs
[2025-10-07T02:39:42.475+0000] {logging_mixin.py:190} INFO - [2025-10-07T02:39:42.475+0000] {dag.py:4180} INFO - Setting next_dagrun for fraud_detection_training to 2025-10-05 03:00:00+00:00, run_after=2025-10-06 03:00:00+00:00
[2025-10-07T02:39:42.486+0000] {processor.py:208} INFO - Processing /opt/airflow/dags/fraud_detection_training_dag.py took 0.089 seconds
[2025-10-07T02:40:12.822+0000] {processor.py:186} INFO - Started process (PID=1779) to work on /opt/airflow/dags/fraud_detection_training_dag.py
[2025-10-07T02:40:12.824+0000] {processor.py:914} INFO - Processing file /opt/airflow/dags/fraud_detection_training_dag.py for tasks to queue
[2025-10-07T02:40:12.826+0000] {logging_mixin.py:190} INFO - [2025-10-07T02:40:12.825+0000] {dagbag.py:588} INFO - Filling up the DagBag from /opt/airflow/dags/fraud_detection_training_dag.py
[2025-10-07T02:40:12.843+0000] {processor.py:925} INFO - DAG(s) 'fraud_detection_training' retrieved from /opt/airflow/dags/fraud_detection_training_dag.py
[2025-10-07T02:40:12.875+0000] {logging_mixin.py:190} INFO - [2025-10-07T02:40:12.875+0000] {dag.py:3239} INFO - Sync 1 DAGs
[2025-10-07T02:40:12.899+0000] {logging_mixin.py:190} INFO - [2025-10-07T02:40:12.898+0000] {dag.py:4180} INFO - Setting next_dagrun for fraud_detection_training to 2025-10-05 03:00:00+00:00, run_after=2025-10-06 03:00:00+00:00
[2025-10-07T02:40:13.095+0000] {processor.py:208} INFO - Processing /opt/airflow/dags/fraud_detection_training_dag.py took 0.287 seconds
[2025-10-07T02:40:43.230+0000] {processor.py:186} INFO - Started process (PID=1786) to work on /opt/airflow/dags/fraud_detection_training_dag.py
[2025-10-07T02:40:43.231+0000] {processor.py:914} INFO - Processing file /opt/airflow/dags/fraud_detection_training_dag.py for tasks to queue
[2025-10-07T02:40:43.232+0000] {logging_mixin.py:190} INFO - [2025-10-07T02:40:43.232+0000] {dagbag.py:588} INFO - Filling up the DagBag from /opt/airflow/dags/fraud_detection_training_dag.py
[2025-10-07T02:40:43.248+0000] {processor.py:925} INFO - DAG(s) 'fraud_detection_training' retrieved from /opt/airflow/dags/fraud_detection_training_dag.py
[2025-10-07T02:40:43.281+0000] {logging_mixin.py:190} INFO - [2025-10-07T02:40:43.281+0000] {dag.py:3239} INFO - Sync 1 DAGs
[2025-10-07T02:40:43.306+0000] {logging_mixin.py:190} INFO - [2025-10-07T02:40:43.305+0000] {dag.py:4180} INFO - Setting next_dagrun for fraud_detection_training to 2025-10-05 03:00:00+00:00, run_after=2025-10-06 03:00:00+00:00
[2025-10-07T02:40:43.317+0000] {processor.py:208} INFO - Processing /opt/airflow/dags/fraud_detection_training_dag.py took 0.104 seconds
[2025-10-07T02:41:13.691+0000] {processor.py:186} INFO - Started process (PID=1793) to work on /opt/airflow/dags/fraud_detection_training_dag.py
[2025-10-07T02:41:13.693+0000] {processor.py:914} INFO - Processing file /opt/airflow/dags/fraud_detection_training_dag.py for tasks to queue
[2025-10-07T02:41:13.694+0000] {logging_mixin.py:190} INFO - [2025-10-07T02:41:13.694+0000] {dagbag.py:588} INFO - Filling up the DagBag from /opt/airflow/dags/fraud_detection_training_dag.py
[2025-10-07T02:41:13.714+0000] {processor.py:925} INFO - DAG(s) 'fraud_detection_training' retrieved from /opt/airflow/dags/fraud_detection_training_dag.py
[2025-10-07T02:41:13.747+0000] {logging_mixin.py:190} INFO - [2025-10-07T02:41:13.747+0000] {dag.py:3239} INFO - Sync 1 DAGs
[2025-10-07T02:41:13.769+0000] {logging_mixin.py:190} INFO - [2025-10-07T02:41:13.769+0000] {dag.py:4180} INFO - Setting next_dagrun for fraud_detection_training to 2025-10-05 03:00:00+00:00, run_after=2025-10-06 03:00:00+00:00
[2025-10-07T02:41:13.780+0000] {processor.py:208} INFO - Processing /opt/airflow/dags/fraud_detection_training_dag.py took 0.100 seconds
[2025-10-07T02:41:44.116+0000] {processor.py:186} INFO - Started process (PID=1800) to work on /opt/airflow/dags/fraud_detection_training_dag.py
[2025-10-07T02:41:44.117+0000] {processor.py:914} INFO - Processing file /opt/airflow/dags/fraud_detection_training_dag.py for tasks to queue
[2025-10-07T02:41:44.119+0000] {logging_mixin.py:190} INFO - [2025-10-07T02:41:44.118+0000] {dagbag.py:588} INFO - Filling up the DagBag from /opt/airflow/dags/fraud_detection_training_dag.py
[2025-10-07T02:41:44.141+0000] {processor.py:925} INFO - DAG(s) 'fraud_detection_training' retrieved from /opt/airflow/dags/fraud_detection_training_dag.py
[2025-10-07T02:41:44.175+0000] {logging_mixin.py:190} INFO - [2025-10-07T02:41:44.174+0000] {dag.py:3239} INFO - Sync 1 DAGs
[2025-10-07T02:41:44.195+0000] {logging_mixin.py:190} INFO - [2025-10-07T02:41:44.194+0000] {dag.py:4180} INFO - Setting next_dagrun for fraud_detection_training to 2025-10-05 03:00:00+00:00, run_after=2025-10-06 03:00:00+00:00
[2025-10-07T02:41:44.206+0000] {processor.py:208} INFO - Processing /opt/airflow/dags/fraud_detection_training_dag.py took 0.096 seconds
[2025-10-07T02:42:14.507+0000] {processor.py:186} INFO - Started process (PID=1807) to work on /opt/airflow/dags/fraud_detection_training_dag.py
[2025-10-07T02:42:14.508+0000] {processor.py:914} INFO - Processing file /opt/airflow/dags/fraud_detection_training_dag.py for tasks to queue
[2025-10-07T02:42:14.510+0000] {logging_mixin.py:190} INFO - [2025-10-07T02:42:14.509+0000] {dagbag.py:588} INFO - Filling up the DagBag from /opt/airflow/dags/fraud_detection_training_dag.py
[2025-10-07T02:42:14.524+0000] {processor.py:925} INFO - DAG(s) 'fraud_detection_training' retrieved from /opt/airflow/dags/fraud_detection_training_dag.py
[2025-10-07T02:42:14.547+0000] {logging_mixin.py:190} INFO - [2025-10-07T02:42:14.547+0000] {dag.py:3239} INFO - Sync 1 DAGs
[2025-10-07T02:42:14.566+0000] {logging_mixin.py:190} INFO - [2025-10-07T02:42:14.566+0000] {dag.py:4180} INFO - Setting next_dagrun for fraud_detection_training to 2025-10-05 03:00:00+00:00, run_after=2025-10-06 03:00:00+00:00
[2025-10-07T02:42:14.575+0000] {processor.py:208} INFO - Processing /opt/airflow/dags/fraud_detection_training_dag.py took 0.077 seconds
[2025-10-07T02:42:44.842+0000] {processor.py:186} INFO - Started process (PID=1813) to work on /opt/airflow/dags/fraud_detection_training_dag.py
[2025-10-07T02:42:44.844+0000] {processor.py:914} INFO - Processing file /opt/airflow/dags/fraud_detection_training_dag.py for tasks to queue
[2025-10-07T02:42:44.847+0000] {logging_mixin.py:190} INFO - [2025-10-07T02:42:44.846+0000] {dagbag.py:588} INFO - Filling up the DagBag from /opt/airflow/dags/fraud_detection_training_dag.py
[2025-10-07T02:42:44.865+0000] {processor.py:925} INFO - DAG(s) 'fraud_detection_training' retrieved from /opt/airflow/dags/fraud_detection_training_dag.py
[2025-10-07T02:42:44.899+0000] {logging_mixin.py:190} INFO - [2025-10-07T02:42:44.899+0000] {dag.py:3239} INFO - Sync 1 DAGs
[2025-10-07T02:42:44.922+0000] {logging_mixin.py:190} INFO - [2025-10-07T02:42:44.922+0000] {dag.py:4180} INFO - Setting next_dagrun for fraud_detection_training to 2025-10-05 03:00:00+00:00, run_after=2025-10-06 03:00:00+00:00
[2025-10-07T02:42:44.933+0000] {processor.py:208} INFO - Processing /opt/airflow/dags/fraud_detection_training_dag.py took 0.096 seconds
[2025-10-07T02:43:15.298+0000] {processor.py:186} INFO - Started process (PID=1820) to work on /opt/airflow/dags/fraud_detection_training_dag.py
[2025-10-07T02:43:15.300+0000] {processor.py:914} INFO - Processing file /opt/airflow/dags/fraud_detection_training_dag.py for tasks to queue
[2025-10-07T02:43:15.306+0000] {logging_mixin.py:190} INFO - [2025-10-07T02:43:15.304+0000] {dagbag.py:588} INFO - Filling up the DagBag from /opt/airflow/dags/fraud_detection_training_dag.py
[2025-10-07T02:43:15.343+0000] {processor.py:925} INFO - DAG(s) 'fraud_detection_training' retrieved from /opt/airflow/dags/fraud_detection_training_dag.py
[2025-10-07T02:43:15.424+0000] {logging_mixin.py:190} INFO - [2025-10-07T02:43:15.423+0000] {dag.py:3239} INFO - Sync 1 DAGs
[2025-10-07T02:43:15.522+0000] {logging_mixin.py:190} INFO - [2025-10-07T02:43:15.521+0000] {dag.py:4180} INFO - Setting next_dagrun for fraud_detection_training to 2025-10-05 03:00:00+00:00, run_after=2025-10-06 03:00:00+00:00
[2025-10-07T02:43:16.032+0000] {processor.py:208} INFO - Processing /opt/airflow/dags/fraud_detection_training_dag.py took 0.744 seconds
[2025-10-07T02:43:46.511+0000] {processor.py:186} INFO - Started process (PID=1827) to work on /opt/airflow/dags/fraud_detection_training_dag.py
[2025-10-07T02:43:46.517+0000] {processor.py:914} INFO - Processing file /opt/airflow/dags/fraud_detection_training_dag.py for tasks to queue
[2025-10-07T02:43:46.521+0000] {logging_mixin.py:190} INFO - [2025-10-07T02:43:46.520+0000] {dagbag.py:588} INFO - Filling up the DagBag from /opt/airflow/dags/fraud_detection_training_dag.py
[2025-10-07T02:43:46.539+0000] {processor.py:925} INFO - DAG(s) 'fraud_detection_training' retrieved from /opt/airflow/dags/fraud_detection_training_dag.py
[2025-10-07T02:43:46.575+0000] {logging_mixin.py:190} INFO - [2025-10-07T02:43:46.574+0000] {dag.py:3239} INFO - Sync 1 DAGs
[2025-10-07T02:43:46.602+0000] {logging_mixin.py:190} INFO - [2025-10-07T02:43:46.602+0000] {dag.py:4180} INFO - Setting next_dagrun for fraud_detection_training to 2025-10-05 03:00:00+00:00, run_after=2025-10-06 03:00:00+00:00
[2025-10-07T02:43:46.618+0000] {processor.py:208} INFO - Processing /opt/airflow/dags/fraud_detection_training_dag.py took 0.113 seconds
[2025-10-07T02:44:16.990+0000] {processor.py:186} INFO - Started process (PID=1834) to work on /opt/airflow/dags/fraud_detection_training_dag.py
[2025-10-07T02:44:16.991+0000] {processor.py:914} INFO - Processing file /opt/airflow/dags/fraud_detection_training_dag.py for tasks to queue
[2025-10-07T02:44:16.994+0000] {logging_mixin.py:190} INFO - [2025-10-07T02:44:16.993+0000] {dagbag.py:588} INFO - Filling up the DagBag from /opt/airflow/dags/fraud_detection_training_dag.py
[2025-10-07T02:44:17.013+0000] {processor.py:925} INFO - DAG(s) 'fraud_detection_training' retrieved from /opt/airflow/dags/fraud_detection_training_dag.py
[2025-10-07T02:44:17.049+0000] {logging_mixin.py:190} INFO - [2025-10-07T02:44:17.049+0000] {dag.py:3239} INFO - Sync 1 DAGs
[2025-10-07T02:44:17.073+0000] {logging_mixin.py:190} INFO - [2025-10-07T02:44:17.073+0000] {dag.py:4180} INFO - Setting next_dagrun for fraud_detection_training to 2025-10-05 03:00:00+00:00, run_after=2025-10-06 03:00:00+00:00
[2025-10-07T02:44:17.087+0000] {processor.py:208} INFO - Processing /opt/airflow/dags/fraud_detection_training_dag.py took 0.105 seconds
[2025-10-07T02:44:47.415+0000] {processor.py:186} INFO - Started process (PID=1841) to work on /opt/airflow/dags/fraud_detection_training_dag.py
[2025-10-07T02:44:47.416+0000] {processor.py:914} INFO - Processing file /opt/airflow/dags/fraud_detection_training_dag.py for tasks to queue
[2025-10-07T02:44:47.417+0000] {logging_mixin.py:190} INFO - [2025-10-07T02:44:47.417+0000] {dagbag.py:588} INFO - Filling up the DagBag from /opt/airflow/dags/fraud_detection_training_dag.py
[2025-10-07T02:44:47.434+0000] {processor.py:925} INFO - DAG(s) 'fraud_detection_training' retrieved from /opt/airflow/dags/fraud_detection_training_dag.py
[2025-10-07T02:44:47.468+0000] {logging_mixin.py:190} INFO - [2025-10-07T02:44:47.468+0000] {dag.py:3239} INFO - Sync 1 DAGs
[2025-10-07T02:44:47.487+0000] {logging_mixin.py:190} INFO - [2025-10-07T02:44:47.487+0000] {dag.py:4180} INFO - Setting next_dagrun for fraud_detection_training to 2025-10-05 03:00:00+00:00, run_after=2025-10-06 03:00:00+00:00
[2025-10-07T02:44:47.496+0000] {processor.py:208} INFO - Processing /opt/airflow/dags/fraud_detection_training_dag.py took 0.089 seconds
[2025-10-07T02:45:17.779+0000] {processor.py:186} INFO - Started process (PID=1848) to work on /opt/airflow/dags/fraud_detection_training_dag.py
[2025-10-07T02:45:17.780+0000] {processor.py:914} INFO - Processing file /opt/airflow/dags/fraud_detection_training_dag.py for tasks to queue
[2025-10-07T02:45:17.781+0000] {logging_mixin.py:190} INFO - [2025-10-07T02:45:17.780+0000] {dagbag.py:588} INFO - Filling up the DagBag from /opt/airflow/dags/fraud_detection_training_dag.py
[2025-10-07T02:45:17.800+0000] {processor.py:925} INFO - DAG(s) 'fraud_detection_training' retrieved from /opt/airflow/dags/fraud_detection_training_dag.py
[2025-10-07T02:45:17.837+0000] {logging_mixin.py:190} INFO - [2025-10-07T02:45:17.837+0000] {dag.py:3239} INFO - Sync 1 DAGs
[2025-10-07T02:45:17.868+0000] {logging_mixin.py:190} INFO - [2025-10-07T02:45:17.868+0000] {dag.py:4180} INFO - Setting next_dagrun for fraud_detection_training to 2025-10-05 03:00:00+00:00, run_after=2025-10-06 03:00:00+00:00
[2025-10-07T02:45:17.883+0000] {processor.py:208} INFO - Processing /opt/airflow/dags/fraud_detection_training_dag.py took 0.112 seconds
[2025-10-07T02:45:48.151+0000] {processor.py:186} INFO - Started process (PID=1854) to work on /opt/airflow/dags/fraud_detection_training_dag.py
[2025-10-07T02:45:48.152+0000] {processor.py:914} INFO - Processing file /opt/airflow/dags/fraud_detection_training_dag.py for tasks to queue
[2025-10-07T02:45:48.154+0000] {logging_mixin.py:190} INFO - [2025-10-07T02:45:48.153+0000] {dagbag.py:588} INFO - Filling up the DagBag from /opt/airflow/dags/fraud_detection_training_dag.py
[2025-10-07T02:45:48.171+0000] {processor.py:925} INFO - DAG(s) 'fraud_detection_training' retrieved from /opt/airflow/dags/fraud_detection_training_dag.py
[2025-10-07T02:45:48.203+0000] {logging_mixin.py:190} INFO - [2025-10-07T02:45:48.203+0000] {dag.py:3239} INFO - Sync 1 DAGs
[2025-10-07T02:45:48.224+0000] {logging_mixin.py:190} INFO - [2025-10-07T02:45:48.224+0000] {dag.py:4180} INFO - Setting next_dagrun for fraud_detection_training to 2025-10-05 03:00:00+00:00, run_after=2025-10-06 03:00:00+00:00
[2025-10-07T02:45:48.235+0000] {processor.py:208} INFO - Processing /opt/airflow/dags/fraud_detection_training_dag.py took 0.093 seconds
[2025-10-07T02:46:18.594+0000] {processor.py:186} INFO - Started process (PID=1861) to work on /opt/airflow/dags/fraud_detection_training_dag.py
[2025-10-07T02:46:18.595+0000] {processor.py:914} INFO - Processing file /opt/airflow/dags/fraud_detection_training_dag.py for tasks to queue
[2025-10-07T02:46:18.597+0000] {logging_mixin.py:190} INFO - [2025-10-07T02:46:18.596+0000] {dagbag.py:588} INFO - Filling up the DagBag from /opt/airflow/dags/fraud_detection_training_dag.py
[2025-10-07T02:46:18.620+0000] {processor.py:925} INFO - DAG(s) 'fraud_detection_training' retrieved from /opt/airflow/dags/fraud_detection_training_dag.py
[2025-10-07T02:46:18.652+0000] {logging_mixin.py:190} INFO - [2025-10-07T02:46:18.652+0000] {dag.py:3239} INFO - Sync 1 DAGs
[2025-10-07T02:46:18.678+0000] {logging_mixin.py:190} INFO - [2025-10-07T02:46:18.678+0000] {dag.py:4180} INFO - Setting next_dagrun for fraud_detection_training to 2025-10-05 03:00:00+00:00, run_after=2025-10-06 03:00:00+00:00
[2025-10-07T02:46:18.881+0000] {processor.py:208} INFO - Processing /opt/airflow/dags/fraud_detection_training_dag.py took 0.297 seconds
[2025-10-07T02:46:48.963+0000] {processor.py:186} INFO - Started process (PID=1868) to work on /opt/airflow/dags/fraud_detection_training_dag.py
[2025-10-07T02:46:48.966+0000] {processor.py:914} INFO - Processing file /opt/airflow/dags/fraud_detection_training_dag.py for tasks to queue
[2025-10-07T02:46:48.967+0000] {logging_mixin.py:190} INFO - [2025-10-07T02:46:48.967+0000] {dagbag.py:588} INFO - Filling up the DagBag from /opt/airflow/dags/fraud_detection_training_dag.py
[2025-10-07T02:46:48.988+0000] {processor.py:925} INFO - DAG(s) 'fraud_detection_training' retrieved from /opt/airflow/dags/fraud_detection_training_dag.py
[2025-10-07T02:46:49.023+0000] {logging_mixin.py:190} INFO - [2025-10-07T02:46:49.023+0000] {dag.py:3239} INFO - Sync 1 DAGs
[2025-10-07T02:46:49.047+0000] {logging_mixin.py:190} INFO - [2025-10-07T02:46:49.047+0000] {dag.py:4180} INFO - Setting next_dagrun for fraud_detection_training to 2025-10-05 03:00:00+00:00, run_after=2025-10-06 03:00:00+00:00
[2025-10-07T02:46:49.058+0000] {processor.py:208} INFO - Processing /opt/airflow/dags/fraud_detection_training_dag.py took 0.108 seconds
[2025-10-07T02:47:19.418+0000] {processor.py:186} INFO - Started process (PID=1875) to work on /opt/airflow/dags/fraud_detection_training_dag.py
[2025-10-07T02:47:19.419+0000] {processor.py:914} INFO - Processing file /opt/airflow/dags/fraud_detection_training_dag.py for tasks to queue
[2025-10-07T02:47:19.421+0000] {logging_mixin.py:190} INFO - [2025-10-07T02:47:19.420+0000] {dagbag.py:588} INFO - Filling up the DagBag from /opt/airflow/dags/fraud_detection_training_dag.py
[2025-10-07T02:47:19.440+0000] {processor.py:925} INFO - DAG(s) 'fraud_detection_training' retrieved from /opt/airflow/dags/fraud_detection_training_dag.py
[2025-10-07T02:47:19.471+0000] {logging_mixin.py:190} INFO - [2025-10-07T02:47:19.471+0000] {dag.py:3239} INFO - Sync 1 DAGs
[2025-10-07T02:47:19.492+0000] {logging_mixin.py:190} INFO - [2025-10-07T02:47:19.492+0000] {dag.py:4180} INFO - Setting next_dagrun for fraud_detection_training to 2025-10-05 03:00:00+00:00, run_after=2025-10-06 03:00:00+00:00
[2025-10-07T02:47:19.505+0000] {processor.py:208} INFO - Processing /opt/airflow/dags/fraud_detection_training_dag.py took 0.098 seconds
[2025-10-07T02:47:49.900+0000] {processor.py:186} INFO - Started process (PID=1882) to work on /opt/airflow/dags/fraud_detection_training_dag.py
[2025-10-07T02:47:49.903+0000] {processor.py:914} INFO - Processing file /opt/airflow/dags/fraud_detection_training_dag.py for tasks to queue
[2025-10-07T02:47:49.906+0000] {logging_mixin.py:190} INFO - [2025-10-07T02:47:49.905+0000] {dagbag.py:588} INFO - Filling up the DagBag from /opt/airflow/dags/fraud_detection_training_dag.py
[2025-10-07T02:47:49.929+0000] {processor.py:925} INFO - DAG(s) 'fraud_detection_training' retrieved from /opt/airflow/dags/fraud_detection_training_dag.py
[2025-10-07T02:47:49.967+0000] {logging_mixin.py:190} INFO - [2025-10-07T02:47:49.966+0000] {dag.py:3239} INFO - Sync 1 DAGs
[2025-10-07T02:47:49.994+0000] {logging_mixin.py:190} INFO - [2025-10-07T02:47:49.994+0000] {dag.py:4180} INFO - Setting next_dagrun for fraud_detection_training to 2025-10-05 03:00:00+00:00, run_after=2025-10-06 03:00:00+00:00
[2025-10-07T02:47:50.005+0000] {processor.py:208} INFO - Processing /opt/airflow/dags/fraud_detection_training_dag.py took 0.121 seconds
[2025-10-07T02:48:20.345+0000] {processor.py:186} INFO - Started process (PID=1889) to work on /opt/airflow/dags/fraud_detection_training_dag.py
[2025-10-07T02:48:20.346+0000] {processor.py:914} INFO - Processing file /opt/airflow/dags/fraud_detection_training_dag.py for tasks to queue
[2025-10-07T02:48:20.347+0000] {logging_mixin.py:190} INFO - [2025-10-07T02:48:20.347+0000] {dagbag.py:588} INFO - Filling up the DagBag from /opt/airflow/dags/fraud_detection_training_dag.py
[2025-10-07T02:48:20.375+0000] {processor.py:925} INFO - DAG(s) 'fraud_detection_training' retrieved from /opt/airflow/dags/fraud_detection_training_dag.py
[2025-10-07T02:48:20.416+0000] {logging_mixin.py:190} INFO - [2025-10-07T02:48:20.415+0000] {dag.py:3239} INFO - Sync 1 DAGs
[2025-10-07T02:48:20.445+0000] {logging_mixin.py:190} INFO - [2025-10-07T02:48:20.444+0000] {dag.py:4180} INFO - Setting next_dagrun for fraud_detection_training to 2025-10-05 03:00:00+00:00, run_after=2025-10-06 03:00:00+00:00
[2025-10-07T02:48:20.455+0000] {processor.py:208} INFO - Processing /opt/airflow/dags/fraud_detection_training_dag.py took 0.122 seconds
[2025-10-07T02:48:50.714+0000] {processor.py:186} INFO - Started process (PID=1896) to work on /opt/airflow/dags/fraud_detection_training_dag.py
[2025-10-07T02:48:50.716+0000] {processor.py:914} INFO - Processing file /opt/airflow/dags/fraud_detection_training_dag.py for tasks to queue
[2025-10-07T02:48:50.717+0000] {logging_mixin.py:190} INFO - [2025-10-07T02:48:50.717+0000] {dagbag.py:588} INFO - Filling up the DagBag from /opt/airflow/dags/fraud_detection_training_dag.py
[2025-10-07T02:48:50.742+0000] {processor.py:925} INFO - DAG(s) 'fraud_detection_training' retrieved from /opt/airflow/dags/fraud_detection_training_dag.py
[2025-10-07T02:48:50.780+0000] {logging_mixin.py:190} INFO - [2025-10-07T02:48:50.779+0000] {dag.py:3239} INFO - Sync 1 DAGs
[2025-10-07T02:48:50.798+0000] {logging_mixin.py:190} INFO - [2025-10-07T02:48:50.798+0000] {dag.py:4180} INFO - Setting next_dagrun for fraud_detection_training to 2025-10-05 03:00:00+00:00, run_after=2025-10-06 03:00:00+00:00
[2025-10-07T02:48:50.997+0000] {processor.py:208} INFO - Processing /opt/airflow/dags/fraud_detection_training_dag.py took 0.291 seconds
[2025-10-07T02:49:21.116+0000] {processor.py:186} INFO - Started process (PID=1903) to work on /opt/airflow/dags/fraud_detection_training_dag.py
[2025-10-07T02:49:21.119+0000] {processor.py:914} INFO - Processing file /opt/airflow/dags/fraud_detection_training_dag.py for tasks to queue
[2025-10-07T02:49:21.121+0000] {logging_mixin.py:190} INFO - [2025-10-07T02:49:21.120+0000] {dagbag.py:588} INFO - Filling up the DagBag from /opt/airflow/dags/fraud_detection_training_dag.py
[2025-10-07T02:49:21.138+0000] {processor.py:925} INFO - DAG(s) 'fraud_detection_training' retrieved from /opt/airflow/dags/fraud_detection_training_dag.py
[2025-10-07T02:49:21.172+0000] {logging_mixin.py:190} INFO - [2025-10-07T02:49:21.172+0000] {dag.py:3239} INFO - Sync 1 DAGs
[2025-10-07T02:49:21.192+0000] {logging_mixin.py:190} INFO - [2025-10-07T02:49:21.191+0000] {dag.py:4180} INFO - Setting next_dagrun for fraud_detection_training to 2025-10-05 03:00:00+00:00, run_after=2025-10-06 03:00:00+00:00
[2025-10-07T02:49:21.203+0000] {processor.py:208} INFO - Processing /opt/airflow/dags/fraud_detection_training_dag.py took 0.097 seconds
[2025-10-07T02:49:51.542+0000] {processor.py:186} INFO - Started process (PID=1910) to work on /opt/airflow/dags/fraud_detection_training_dag.py
[2025-10-07T02:49:51.547+0000] {processor.py:914} INFO - Processing file /opt/airflow/dags/fraud_detection_training_dag.py for tasks to queue
[2025-10-07T02:49:51.556+0000] {logging_mixin.py:190} INFO - [2025-10-07T02:49:51.554+0000] {dagbag.py:588} INFO - Filling up the DagBag from /opt/airflow/dags/fraud_detection_training_dag.py
[2025-10-07T02:49:51.593+0000] {processor.py:925} INFO - DAG(s) 'fraud_detection_training' retrieved from /opt/airflow/dags/fraud_detection_training_dag.py
[2025-10-07T02:49:51.632+0000] {logging_mixin.py:190} INFO - [2025-10-07T02:49:51.632+0000] {dag.py:3239} INFO - Sync 1 DAGs
[2025-10-07T02:49:51.657+0000] {logging_mixin.py:190} INFO - [2025-10-07T02:49:51.657+0000] {dag.py:4180} INFO - Setting next_dagrun for fraud_detection_training to 2025-10-05 03:00:00+00:00, run_after=2025-10-06 03:00:00+00:00
[2025-10-07T02:49:51.667+0000] {processor.py:208} INFO - Processing /opt/airflow/dags/fraud_detection_training_dag.py took 0.137 seconds
[2025-10-07T02:50:21.944+0000] {processor.py:186} INFO - Started process (PID=1918) to work on /opt/airflow/dags/fraud_detection_training_dag.py
[2025-10-07T02:50:21.945+0000] {processor.py:914} INFO - Processing file /opt/airflow/dags/fraud_detection_training_dag.py for tasks to queue
[2025-10-07T02:50:21.946+0000] {logging_mixin.py:190} INFO - [2025-10-07T02:50:21.946+0000] {dagbag.py:588} INFO - Filling up the DagBag from /opt/airflow/dags/fraud_detection_training_dag.py
[2025-10-07T02:50:21.964+0000] {processor.py:925} INFO - DAG(s) 'fraud_detection_training' retrieved from /opt/airflow/dags/fraud_detection_training_dag.py
[2025-10-07T02:50:21.998+0000] {logging_mixin.py:190} INFO - [2025-10-07T02:50:21.998+0000] {dag.py:3239} INFO - Sync 1 DAGs
[2025-10-07T02:50:22.022+0000] {logging_mixin.py:190} INFO - [2025-10-07T02:50:22.022+0000] {dag.py:4180} INFO - Setting next_dagrun for fraud_detection_training to 2025-10-05 03:00:00+00:00, run_after=2025-10-06 03:00:00+00:00
[2025-10-07T02:50:22.033+0000] {processor.py:208} INFO - Processing /opt/airflow/dags/fraud_detection_training_dag.py took 0.102 seconds
[2025-10-07T02:50:52.372+0000] {processor.py:186} INFO - Started process (PID=1925) to work on /opt/airflow/dags/fraud_detection_training_dag.py
[2025-10-07T02:50:52.374+0000] {processor.py:914} INFO - Processing file /opt/airflow/dags/fraud_detection_training_dag.py for tasks to queue
[2025-10-07T02:50:52.376+0000] {logging_mixin.py:190} INFO - [2025-10-07T02:50:52.375+0000] {dagbag.py:588} INFO - Filling up the DagBag from /opt/airflow/dags/fraud_detection_training_dag.py
[2025-10-07T02:50:52.397+0000] {processor.py:925} INFO - DAG(s) 'fraud_detection_training' retrieved from /opt/airflow/dags/fraud_detection_training_dag.py
[2025-10-07T02:50:52.448+0000] {logging_mixin.py:190} INFO - [2025-10-07T02:50:52.447+0000] {dag.py:3239} INFO - Sync 1 DAGs
[2025-10-07T02:50:52.479+0000] {logging_mixin.py:190} INFO - [2025-10-07T02:50:52.479+0000] {dag.py:4180} INFO - Setting next_dagrun for fraud_detection_training to 2025-10-05 03:00:00+00:00, run_after=2025-10-06 03:00:00+00:00
[2025-10-07T02:50:52.497+0000] {processor.py:208} INFO - Processing /opt/airflow/dags/fraud_detection_training_dag.py took 0.135 seconds
[2025-10-07T02:51:22.793+0000] {processor.py:186} INFO - Started process (PID=1938) to work on /opt/airflow/dags/fraud_detection_training_dag.py
[2025-10-07T02:51:22.795+0000] {processor.py:914} INFO - Processing file /opt/airflow/dags/fraud_detection_training_dag.py for tasks to queue
[2025-10-07T02:51:22.796+0000] {logging_mixin.py:190} INFO - [2025-10-07T02:51:22.796+0000] {dagbag.py:588} INFO - Filling up the DagBag from /opt/airflow/dags/fraud_detection_training_dag.py
[2025-10-07T02:51:22.821+0000] {processor.py:925} INFO - DAG(s) 'fraud_detection_training' retrieved from /opt/airflow/dags/fraud_detection_training_dag.py
[2025-10-07T02:51:22.851+0000] {logging_mixin.py:190} INFO - [2025-10-07T02:51:22.851+0000] {dag.py:3239} INFO - Sync 1 DAGs
[2025-10-07T02:51:22.870+0000] {logging_mixin.py:190} INFO - [2025-10-07T02:51:22.870+0000] {dag.py:4180} INFO - Setting next_dagrun for fraud_detection_training to 2025-10-05 03:00:00+00:00, run_after=2025-10-06 03:00:00+00:00
[2025-10-07T02:51:22.879+0000] {processor.py:208} INFO - Processing /opt/airflow/dags/fraud_detection_training_dag.py took 0.100 seconds
[2025-10-07T02:51:53.128+0000] {processor.py:186} INFO - Started process (PID=1945) to work on /opt/airflow/dags/fraud_detection_training_dag.py
[2025-10-07T02:51:53.131+0000] {processor.py:914} INFO - Processing file /opt/airflow/dags/fraud_detection_training_dag.py for tasks to queue
[2025-10-07T02:51:53.132+0000] {logging_mixin.py:190} INFO - [2025-10-07T02:51:53.132+0000] {dagbag.py:588} INFO - Filling up the DagBag from /opt/airflow/dags/fraud_detection_training_dag.py
[2025-10-07T02:51:53.157+0000] {processor.py:925} INFO - DAG(s) 'fraud_detection_training' retrieved from /opt/airflow/dags/fraud_detection_training_dag.py
[2025-10-07T02:51:53.200+0000] {logging_mixin.py:190} INFO - [2025-10-07T02:51:53.200+0000] {dag.py:3239} INFO - Sync 1 DAGs
[2025-10-07T02:51:53.231+0000] {logging_mixin.py:190} INFO - [2025-10-07T02:51:53.231+0000] {dag.py:4180} INFO - Setting next_dagrun for fraud_detection_training to 2025-10-05 03:00:00+00:00, run_after=2025-10-06 03:00:00+00:00
[2025-10-07T02:51:53.468+0000] {processor.py:208} INFO - Processing /opt/airflow/dags/fraud_detection_training_dag.py took 0.349 seconds
[2025-10-07T02:52:23.545+0000] {processor.py:186} INFO - Started process (PID=1952) to work on /opt/airflow/dags/fraud_detection_training_dag.py
[2025-10-07T02:52:23.547+0000] {processor.py:914} INFO - Processing file /opt/airflow/dags/fraud_detection_training_dag.py for tasks to queue
[2025-10-07T02:52:23.548+0000] {logging_mixin.py:190} INFO - [2025-10-07T02:52:23.548+0000] {dagbag.py:588} INFO - Filling up the DagBag from /opt/airflow/dags/fraud_detection_training_dag.py
[2025-10-07T02:52:23.565+0000] {processor.py:925} INFO - DAG(s) 'fraud_detection_training' retrieved from /opt/airflow/dags/fraud_detection_training_dag.py
[2025-10-07T02:52:23.595+0000] {logging_mixin.py:190} INFO - [2025-10-07T02:52:23.595+0000] {dag.py:3239} INFO - Sync 1 DAGs
[2025-10-07T02:52:23.616+0000] {logging_mixin.py:190} INFO - [2025-10-07T02:52:23.616+0000] {dag.py:4180} INFO - Setting next_dagrun for fraud_detection_training to 2025-10-05 03:00:00+00:00, run_after=2025-10-06 03:00:00+00:00
[2025-10-07T02:52:23.627+0000] {processor.py:208} INFO - Processing /opt/airflow/dags/fraud_detection_training_dag.py took 0.091 seconds
[2025-10-07T02:52:53.961+0000] {processor.py:186} INFO - Started process (PID=1959) to work on /opt/airflow/dags/fraud_detection_training_dag.py
[2025-10-07T02:52:53.963+0000] {processor.py:914} INFO - Processing file /opt/airflow/dags/fraud_detection_training_dag.py for tasks to queue
[2025-10-07T02:52:53.964+0000] {logging_mixin.py:190} INFO - [2025-10-07T02:52:53.964+0000] {dagbag.py:588} INFO - Filling up the DagBag from /opt/airflow/dags/fraud_detection_training_dag.py
[2025-10-07T02:52:53.985+0000] {processor.py:925} INFO - DAG(s) 'fraud_detection_training' retrieved from /opt/airflow/dags/fraud_detection_training_dag.py
[2025-10-07T02:52:54.016+0000] {logging_mixin.py:190} INFO - [2025-10-07T02:52:54.016+0000] {dag.py:3239} INFO - Sync 1 DAGs
[2025-10-07T02:52:54.035+0000] {logging_mixin.py:190} INFO - [2025-10-07T02:52:54.035+0000] {dag.py:4180} INFO - Setting next_dagrun for fraud_detection_training to 2025-10-05 03:00:00+00:00, run_after=2025-10-06 03:00:00+00:00
[2025-10-07T02:52:54.052+0000] {processor.py:208} INFO - Processing /opt/airflow/dags/fraud_detection_training_dag.py took 0.101 seconds
[2025-10-07T02:53:24.362+0000] {processor.py:186} INFO - Started process (PID=1966) to work on /opt/airflow/dags/fraud_detection_training_dag.py
[2025-10-07T02:53:24.364+0000] {processor.py:914} INFO - Processing file /opt/airflow/dags/fraud_detection_training_dag.py for tasks to queue
[2025-10-07T02:53:24.365+0000] {logging_mixin.py:190} INFO - [2025-10-07T02:53:24.365+0000] {dagbag.py:588} INFO - Filling up the DagBag from /opt/airflow/dags/fraud_detection_training_dag.py
[2025-10-07T02:53:24.385+0000] {processor.py:925} INFO - DAG(s) 'fraud_detection_training' retrieved from /opt/airflow/dags/fraud_detection_training_dag.py
[2025-10-07T02:53:24.430+0000] {logging_mixin.py:190} INFO - [2025-10-07T02:53:24.429+0000] {dag.py:3239} INFO - Sync 1 DAGs
[2025-10-07T02:53:24.456+0000] {logging_mixin.py:190} INFO - [2025-10-07T02:53:24.455+0000] {dag.py:4180} INFO - Setting next_dagrun for fraud_detection_training to 2025-10-05 03:00:00+00:00, run_after=2025-10-06 03:00:00+00:00
[2025-10-07T02:53:24.470+0000] {processor.py:208} INFO - Processing /opt/airflow/dags/fraud_detection_training_dag.py took 0.115 seconds
[2025-10-07T02:53:54.840+0000] {processor.py:186} INFO - Started process (PID=1973) to work on /opt/airflow/dags/fraud_detection_training_dag.py
[2025-10-07T02:53:54.842+0000] {processor.py:914} INFO - Processing file /opt/airflow/dags/fraud_detection_training_dag.py for tasks to queue
[2025-10-07T02:53:54.843+0000] {logging_mixin.py:190} INFO - [2025-10-07T02:53:54.843+0000] {dagbag.py:588} INFO - Filling up the DagBag from /opt/airflow/dags/fraud_detection_training_dag.py
[2025-10-07T02:53:54.866+0000] {processor.py:925} INFO - DAG(s) 'fraud_detection_training' retrieved from /opt/airflow/dags/fraud_detection_training_dag.py
[2025-10-07T02:53:54.901+0000] {logging_mixin.py:190} INFO - [2025-10-07T02:53:54.901+0000] {dag.py:3239} INFO - Sync 1 DAGs
[2025-10-07T02:53:54.924+0000] {logging_mixin.py:190} INFO - [2025-10-07T02:53:54.924+0000] {dag.py:4180} INFO - Setting next_dagrun for fraud_detection_training to 2025-10-05 03:00:00+00:00, run_after=2025-10-06 03:00:00+00:00
[2025-10-07T02:53:54.936+0000] {processor.py:208} INFO - Processing /opt/airflow/dags/fraud_detection_training_dag.py took 0.107 seconds
[2025-10-07T02:54:25.219+0000] {processor.py:186} INFO - Started process (PID=1980) to work on /opt/airflow/dags/fraud_detection_training_dag.py
[2025-10-07T02:54:25.220+0000] {processor.py:914} INFO - Processing file /opt/airflow/dags/fraud_detection_training_dag.py for tasks to queue
[2025-10-07T02:54:25.221+0000] {logging_mixin.py:190} INFO - [2025-10-07T02:54:25.221+0000] {dagbag.py:588} INFO - Filling up the DagBag from /opt/airflow/dags/fraud_detection_training_dag.py
[2025-10-07T02:54:25.245+0000] {processor.py:925} INFO - DAG(s) 'fraud_detection_training' retrieved from /opt/airflow/dags/fraud_detection_training_dag.py
[2025-10-07T02:54:25.278+0000] {logging_mixin.py:190} INFO - [2025-10-07T02:54:25.278+0000] {dag.py:3239} INFO - Sync 1 DAGs
[2025-10-07T02:54:25.302+0000] {logging_mixin.py:190} INFO - [2025-10-07T02:54:25.301+0000] {dag.py:4180} INFO - Setting next_dagrun for fraud_detection_training to 2025-10-05 03:00:00+00:00, run_after=2025-10-06 03:00:00+00:00
[2025-10-07T02:54:25.312+0000] {processor.py:208} INFO - Processing /opt/airflow/dags/fraud_detection_training_dag.py took 0.104 seconds
[2025-10-07T02:54:55.680+0000] {processor.py:186} INFO - Started process (PID=1987) to work on /opt/airflow/dags/fraud_detection_training_dag.py
[2025-10-07T02:54:55.681+0000] {processor.py:914} INFO - Processing file /opt/airflow/dags/fraud_detection_training_dag.py for tasks to queue
[2025-10-07T02:54:55.683+0000] {logging_mixin.py:190} INFO - [2025-10-07T02:54:55.682+0000] {dagbag.py:588} INFO - Filling up the DagBag from /opt/airflow/dags/fraud_detection_training_dag.py
[2025-10-07T02:54:55.704+0000] {processor.py:925} INFO - DAG(s) 'fraud_detection_training' retrieved from /opt/airflow/dags/fraud_detection_training_dag.py
[2025-10-07T02:54:55.733+0000] {logging_mixin.py:190} INFO - [2025-10-07T02:54:55.733+0000] {dag.py:3239} INFO - Sync 1 DAGs
[2025-10-07T02:54:56.090+0000] {logging_mixin.py:190} INFO - [2025-10-07T02:54:56.090+0000] {dag.py:4180} INFO - Setting next_dagrun for fraud_detection_training to 2025-10-05 03:00:00+00:00, run_after=2025-10-06 03:00:00+00:00
[2025-10-07T02:54:56.099+0000] {processor.py:208} INFO - Processing /opt/airflow/dags/fraud_detection_training_dag.py took 0.428 seconds
[2025-10-07T02:55:26.465+0000] {processor.py:186} INFO - Started process (PID=1994) to work on /opt/airflow/dags/fraud_detection_training_dag.py
[2025-10-07T02:55:26.467+0000] {processor.py:914} INFO - Processing file /opt/airflow/dags/fraud_detection_training_dag.py for tasks to queue
[2025-10-07T02:55:26.468+0000] {logging_mixin.py:190} INFO - [2025-10-07T02:55:26.468+0000] {dagbag.py:588} INFO - Filling up the DagBag from /opt/airflow/dags/fraud_detection_training_dag.py
[2025-10-07T02:55:26.493+0000] {processor.py:925} INFO - DAG(s) 'fraud_detection_training' retrieved from /opt/airflow/dags/fraud_detection_training_dag.py
[2025-10-07T02:55:26.530+0000] {logging_mixin.py:190} INFO - [2025-10-07T02:55:26.530+0000] {dag.py:3239} INFO - Sync 1 DAGs
[2025-10-07T02:55:26.552+0000] {logging_mixin.py:190} INFO - [2025-10-07T02:55:26.552+0000] {dag.py:4180} INFO - Setting next_dagrun for fraud_detection_training to 2025-10-05 03:00:00+00:00, run_after=2025-10-06 03:00:00+00:00
[2025-10-07T02:55:26.564+0000] {processor.py:208} INFO - Processing /opt/airflow/dags/fraud_detection_training_dag.py took 0.108 seconds
[2025-10-07T02:55:56.912+0000] {processor.py:186} INFO - Started process (PID=2001) to work on /opt/airflow/dags/fraud_detection_training_dag.py
[2025-10-07T02:55:56.914+0000] {processor.py:914} INFO - Processing file /opt/airflow/dags/fraud_detection_training_dag.py for tasks to queue
[2025-10-07T02:55:56.915+0000] {logging_mixin.py:190} INFO - [2025-10-07T02:55:56.914+0000] {dagbag.py:588} INFO - Filling up the DagBag from /opt/airflow/dags/fraud_detection_training_dag.py
[2025-10-07T02:55:56.939+0000] {processor.py:925} INFO - DAG(s) 'fraud_detection_training' retrieved from /opt/airflow/dags/fraud_detection_training_dag.py
[2025-10-07T02:55:56.977+0000] {logging_mixin.py:190} INFO - [2025-10-07T02:55:56.977+0000] {dag.py:3239} INFO - Sync 1 DAGs
[2025-10-07T02:55:57.000+0000] {logging_mixin.py:190} INFO - [2025-10-07T02:55:57.000+0000] {dag.py:4180} INFO - Setting next_dagrun for fraud_detection_training to 2025-10-05 03:00:00+00:00, run_after=2025-10-06 03:00:00+00:00
[2025-10-07T02:55:57.015+0000] {processor.py:208} INFO - Processing /opt/airflow/dags/fraud_detection_training_dag.py took 0.114 seconds
[2025-10-07T02:56:27.352+0000] {processor.py:186} INFO - Started process (PID=2008) to work on /opt/airflow/dags/fraud_detection_training_dag.py
[2025-10-07T02:56:27.356+0000] {processor.py:914} INFO - Processing file /opt/airflow/dags/fraud_detection_training_dag.py for tasks to queue
[2025-10-07T02:56:27.357+0000] {logging_mixin.py:190} INFO - [2025-10-07T02:56:27.357+0000] {dagbag.py:588} INFO - Filling up the DagBag from /opt/airflow/dags/fraud_detection_training_dag.py
[2025-10-07T02:56:27.377+0000] {processor.py:925} INFO - DAG(s) 'fraud_detection_training' retrieved from /opt/airflow/dags/fraud_detection_training_dag.py
[2025-10-07T02:56:27.409+0000] {logging_mixin.py:190} INFO - [2025-10-07T02:56:27.409+0000] {dag.py:3239} INFO - Sync 1 DAGs
[2025-10-07T02:56:27.430+0000] {logging_mixin.py:190} INFO - [2025-10-07T02:56:27.430+0000] {dag.py:4180} INFO - Setting next_dagrun for fraud_detection_training to 2025-10-05 03:00:00+00:00, run_after=2025-10-06 03:00:00+00:00
[2025-10-07T02:56:27.439+0000] {processor.py:208} INFO - Processing /opt/airflow/dags/fraud_detection_training_dag.py took 0.096 seconds
[2025-10-07T02:56:57.831+0000] {processor.py:186} INFO - Started process (PID=2015) to work on /opt/airflow/dags/fraud_detection_training_dag.py
[2025-10-07T02:56:57.833+0000] {processor.py:914} INFO - Processing file /opt/airflow/dags/fraud_detection_training_dag.py for tasks to queue
[2025-10-07T02:56:57.835+0000] {logging_mixin.py:190} INFO - [2025-10-07T02:56:57.834+0000] {dagbag.py:588} INFO - Filling up the DagBag from /opt/airflow/dags/fraud_detection_training_dag.py
[2025-10-07T02:56:57.857+0000] {processor.py:925} INFO - DAG(s) 'fraud_detection_training' retrieved from /opt/airflow/dags/fraud_detection_training_dag.py
[2025-10-07T02:56:57.895+0000] {logging_mixin.py:190} INFO - [2025-10-07T02:56:57.895+0000] {dag.py:3239} INFO - Sync 1 DAGs
[2025-10-07T02:56:57.921+0000] {logging_mixin.py:190} INFO - [2025-10-07T02:56:57.920+0000] {dag.py:4180} INFO - Setting next_dagrun for fraud_detection_training to 2025-10-05 03:00:00+00:00, run_after=2025-10-06 03:00:00+00:00
[2025-10-07T02:56:57.932+0000] {processor.py:208} INFO - Processing /opt/airflow/dags/fraud_detection_training_dag.py took 0.114 seconds
[2025-10-07T02:57:28.290+0000] {processor.py:186} INFO - Started process (PID=2022) to work on /opt/airflow/dags/fraud_detection_training_dag.py
[2025-10-07T02:57:28.291+0000] {processor.py:914} INFO - Processing file /opt/airflow/dags/fraud_detection_training_dag.py for tasks to queue
[2025-10-07T02:57:28.292+0000] {logging_mixin.py:190} INFO - [2025-10-07T02:57:28.292+0000] {dagbag.py:588} INFO - Filling up the DagBag from /opt/airflow/dags/fraud_detection_training_dag.py
[2025-10-07T02:57:28.314+0000] {processor.py:925} INFO - DAG(s) 'fraud_detection_training' retrieved from /opt/airflow/dags/fraud_detection_training_dag.py
[2025-10-07T02:57:28.354+0000] {logging_mixin.py:190} INFO - [2025-10-07T02:57:28.354+0000] {dag.py:3239} INFO - Sync 1 DAGs
[2025-10-07T02:57:28.385+0000] {logging_mixin.py:190} INFO - [2025-10-07T02:57:28.385+0000] {dag.py:4180} INFO - Setting next_dagrun for fraud_detection_training to 2025-10-05 03:00:00+00:00, run_after=2025-10-06 03:00:00+00:00
[2025-10-07T02:57:28.569+0000] {processor.py:208} INFO - Processing /opt/airflow/dags/fraud_detection_training_dag.py took 0.285 seconds
[2025-10-07T02:57:58.690+0000] {processor.py:186} INFO - Started process (PID=2029) to work on /opt/airflow/dags/fraud_detection_training_dag.py
[2025-10-07T02:57:58.692+0000] {processor.py:914} INFO - Processing file /opt/airflow/dags/fraud_detection_training_dag.py for tasks to queue
[2025-10-07T02:57:58.693+0000] {logging_mixin.py:190} INFO - [2025-10-07T02:57:58.693+0000] {dagbag.py:588} INFO - Filling up the DagBag from /opt/airflow/dags/fraud_detection_training_dag.py
[2025-10-07T02:57:58.711+0000] {processor.py:925} INFO - DAG(s) 'fraud_detection_training' retrieved from /opt/airflow/dags/fraud_detection_training_dag.py
[2025-10-07T02:57:58.747+0000] {logging_mixin.py:190} INFO - [2025-10-07T02:57:58.747+0000] {dag.py:3239} INFO - Sync 1 DAGs
[2025-10-07T02:57:58.956+0000] {logging_mixin.py:190} INFO - [2025-10-07T02:57:58.956+0000] {dag.py:4180} INFO - Setting next_dagrun for fraud_detection_training to 2025-10-05 03:00:00+00:00, run_after=2025-10-06 03:00:00+00:00
[2025-10-07T02:57:58.965+0000] {processor.py:208} INFO - Processing /opt/airflow/dags/fraud_detection_training_dag.py took 0.284 seconds
[2025-10-07T02:58:29.149+0000] {processor.py:186} INFO - Started process (PID=2036) to work on /opt/airflow/dags/fraud_detection_training_dag.py
[2025-10-07T02:58:29.151+0000] {processor.py:914} INFO - Processing file /opt/airflow/dags/fraud_detection_training_dag.py for tasks to queue
[2025-10-07T02:58:29.157+0000] {logging_mixin.py:190} INFO - [2025-10-07T02:58:29.155+0000] {dagbag.py:588} INFO - Filling up the DagBag from /opt/airflow/dags/fraud_detection_training_dag.py
[2025-10-07T02:58:29.201+0000] {processor.py:925} INFO - DAG(s) 'fraud_detection_training' retrieved from /opt/airflow/dags/fraud_detection_training_dag.py
[2025-10-07T02:58:29.231+0000] {logging_mixin.py:190} INFO - [2025-10-07T02:58:29.230+0000] {dag.py:3239} INFO - Sync 1 DAGs
[2025-10-07T02:58:29.251+0000] {logging_mixin.py:190} INFO - [2025-10-07T02:58:29.251+0000] {dag.py:4180} INFO - Setting next_dagrun for fraud_detection_training to 2025-10-05 03:00:00+00:00, run_after=2025-10-06 03:00:00+00:00
[2025-10-07T02:58:29.260+0000] {processor.py:208} INFO - Processing /opt/airflow/dags/fraud_detection_training_dag.py took 0.119 seconds
[2025-10-07T02:58:59.633+0000] {processor.py:186} INFO - Started process (PID=2043) to work on /opt/airflow/dags/fraud_detection_training_dag.py
[2025-10-07T02:58:59.635+0000] {processor.py:914} INFO - Processing file /opt/airflow/dags/fraud_detection_training_dag.py for tasks to queue
[2025-10-07T02:58:59.637+0000] {logging_mixin.py:190} INFO - [2025-10-07T02:58:59.637+0000] {dagbag.py:588} INFO - Filling up the DagBag from /opt/airflow/dags/fraud_detection_training_dag.py
[2025-10-07T02:58:59.657+0000] {processor.py:925} INFO - DAG(s) 'fraud_detection_training' retrieved from /opt/airflow/dags/fraud_detection_training_dag.py
[2025-10-07T02:58:59.690+0000] {logging_mixin.py:190} INFO - [2025-10-07T02:58:59.690+0000] {dag.py:3239} INFO - Sync 1 DAGs
[2025-10-07T02:58:59.714+0000] {logging_mixin.py:190} INFO - [2025-10-07T02:58:59.714+0000] {dag.py:4180} INFO - Setting next_dagrun for fraud_detection_training to 2025-10-05 03:00:00+00:00, run_after=2025-10-06 03:00:00+00:00
[2025-10-07T02:58:59.724+0000] {processor.py:208} INFO - Processing /opt/airflow/dags/fraud_detection_training_dag.py took 0.101 seconds
[2025-10-07T02:59:30.072+0000] {processor.py:186} INFO - Started process (PID=2050) to work on /opt/airflow/dags/fraud_detection_training_dag.py
[2025-10-07T02:59:30.073+0000] {processor.py:914} INFO - Processing file /opt/airflow/dags/fraud_detection_training_dag.py for tasks to queue
[2025-10-07T02:59:30.075+0000] {logging_mixin.py:190} INFO - [2025-10-07T02:59:30.074+0000] {dagbag.py:588} INFO - Filling up the DagBag from /opt/airflow/dags/fraud_detection_training_dag.py
[2025-10-07T02:59:30.094+0000] {processor.py:925} INFO - DAG(s) 'fraud_detection_training' retrieved from /opt/airflow/dags/fraud_detection_training_dag.py
[2025-10-07T02:59:30.129+0000] {logging_mixin.py:190} INFO - [2025-10-07T02:59:30.129+0000] {dag.py:3239} INFO - Sync 1 DAGs
[2025-10-07T02:59:30.150+0000] {logging_mixin.py:190} INFO - [2025-10-07T02:59:30.150+0000] {dag.py:4180} INFO - Setting next_dagrun for fraud_detection_training to 2025-10-05 03:00:00+00:00, run_after=2025-10-06 03:00:00+00:00
[2025-10-07T02:59:30.160+0000] {processor.py:208} INFO - Processing /opt/airflow/dags/fraud_detection_training_dag.py took 0.098 seconds
[2025-10-07T03:00:00.495+0000] {processor.py:186} INFO - Started process (PID=2057) to work on /opt/airflow/dags/fraud_detection_training_dag.py
[2025-10-07T03:00:00.498+0000] {processor.py:914} INFO - Processing file /opt/airflow/dags/fraud_detection_training_dag.py for tasks to queue
[2025-10-07T03:00:00.499+0000] {logging_mixin.py:190} INFO - [2025-10-07T03:00:00.499+0000] {dagbag.py:588} INFO - Filling up the DagBag from /opt/airflow/dags/fraud_detection_training_dag.py
[2025-10-07T03:00:00.519+0000] {processor.py:925} INFO - DAG(s) 'fraud_detection_training' retrieved from /opt/airflow/dags/fraud_detection_training_dag.py
[2025-10-07T03:00:00.558+0000] {logging_mixin.py:190} INFO - [2025-10-07T03:00:00.558+0000] {dag.py:3239} INFO - Sync 1 DAGs
[2025-10-07T03:00:00.583+0000] {logging_mixin.py:190} INFO - [2025-10-07T03:00:00.583+0000] {dag.py:4180} INFO - Setting next_dagrun for fraud_detection_training to 2025-10-06 03:00:00+00:00, run_after=2025-10-07 03:00:00+00:00
[2025-10-07T03:00:00.598+0000] {processor.py:208} INFO - Processing /opt/airflow/dags/fraud_detection_training_dag.py took 0.116 seconds
[2025-10-07T03:00:30.930+0000] {processor.py:186} INFO - Started process (PID=2064) to work on /opt/airflow/dags/fraud_detection_training_dag.py
[2025-10-07T03:00:30.932+0000] {processor.py:914} INFO - Processing file /opt/airflow/dags/fraud_detection_training_dag.py for tasks to queue
[2025-10-07T03:00:30.933+0000] {logging_mixin.py:190} INFO - [2025-10-07T03:00:30.933+0000] {dagbag.py:588} INFO - Filling up the DagBag from /opt/airflow/dags/fraud_detection_training_dag.py
[2025-10-07T03:00:30.954+0000] {processor.py:925} INFO - DAG(s) 'fraud_detection_training' retrieved from /opt/airflow/dags/fraud_detection_training_dag.py
[2025-10-07T03:00:30.988+0000] {logging_mixin.py:190} INFO - [2025-10-07T03:00:30.988+0000] {dag.py:3239} INFO - Sync 1 DAGs
[2025-10-07T03:00:31.008+0000] {logging_mixin.py:190} INFO - [2025-10-07T03:00:31.007+0000] {dag.py:4180} INFO - Setting next_dagrun for fraud_detection_training to 2025-10-06 03:00:00+00:00, run_after=2025-10-07 03:00:00+00:00
[2025-10-07T03:00:31.175+0000] {processor.py:208} INFO - Processing /opt/airflow/dags/fraud_detection_training_dag.py took 0.253 seconds
[2025-10-07T03:01:01.309+0000] {processor.py:186} INFO - Started process (PID=2071) to work on /opt/airflow/dags/fraud_detection_training_dag.py
[2025-10-07T03:01:01.312+0000] {processor.py:914} INFO - Processing file /opt/airflow/dags/fraud_detection_training_dag.py for tasks to queue
[2025-10-07T03:01:01.313+0000] {logging_mixin.py:190} INFO - [2025-10-07T03:01:01.312+0000] {dagbag.py:588} INFO - Filling up the DagBag from /opt/airflow/dags/fraud_detection_training_dag.py
[2025-10-07T03:01:01.330+0000] {processor.py:925} INFO - DAG(s) 'fraud_detection_training' retrieved from /opt/airflow/dags/fraud_detection_training_dag.py
[2025-10-07T03:01:01.363+0000] {logging_mixin.py:190} INFO - [2025-10-07T03:01:01.363+0000] {dag.py:3239} INFO - Sync 1 DAGs
[2025-10-07T03:01:01.382+0000] {logging_mixin.py:190} INFO - [2025-10-07T03:01:01.381+0000] {dag.py:4180} INFO - Setting next_dagrun for fraud_detection_training to 2025-10-06 03:00:00+00:00, run_after=2025-10-07 03:00:00+00:00
[2025-10-07T03:01:01.397+0000] {processor.py:208} INFO - Processing /opt/airflow/dags/fraud_detection_training_dag.py took 0.099 seconds
[2025-10-07T04:03:57.088+0000] {processor.py:186} INFO - Started process (PID=2078) to work on /opt/airflow/dags/fraud_detection_training_dag.py
[2025-10-07T04:03:57.251+0000] {processor.py:914} INFO - Processing file /opt/airflow/dags/fraud_detection_training_dag.py for tasks to queue
[2025-10-07T04:03:57.426+0000] {logging_mixin.py:190} INFO - [2025-10-07T04:03:57.390+0000] {dagbag.py:588} INFO - Filling up the DagBag from /opt/airflow/dags/fraud_detection_training_dag.py
[2025-10-07T04:03:58.356+0000] {processor.py:925} INFO - DAG(s) 'fraud_detection_training' retrieved from /opt/airflow/dags/fraud_detection_training_dag.py
[2025-10-07T04:04:30.185+0000] {processor.py:186} INFO - Started process (PID=2085) to work on /opt/airflow/dags/fraud_detection_training_dag.py
[2025-10-07T04:04:31.105+0000] {processor.py:914} INFO - Processing file /opt/airflow/dags/fraud_detection_training_dag.py for tasks to queue
[2025-10-07T04:04:32.345+0000] {logging_mixin.py:190} INFO - [2025-10-07T04:04:32.335+0000] {dagbag.py:588} INFO - Filling up the DagBag from /opt/airflow/dags/fraud_detection_training_dag.py
[2025-10-07T04:04:33.537+0000] {processor.py:925} INFO - DAG(s) 'fraud_detection_training' retrieved from /opt/airflow/dags/fraud_detection_training_dag.py
[2025-10-07T04:04:35.558+0000] {logging_mixin.py:190} INFO - [2025-10-07T04:04:35.510+0000] {dag.py:3239} INFO - Sync 1 DAGs
[2025-10-07T04:04:39.175+0000] {logging_mixin.py:190} INFO - [2025-10-07T04:04:39.174+0000] {dag.py:4180} INFO - Setting next_dagrun for fraud_detection_training to 2025-10-06 03:00:00+00:00, run_after=2025-10-07 03:00:00+00:00
[2025-10-07T04:04:41.498+0000] {processor.py:208} INFO - Processing /opt/airflow/dags/fraud_detection_training_dag.py took 11.688 seconds
[2025-10-07T04:05:14.434+0000] {processor.py:186} INFO - Started process (PID=2092) to work on /opt/airflow/dags/fraud_detection_training_dag.py
[2025-10-07T04:05:14.450+0000] {processor.py:914} INFO - Processing file /opt/airflow/dags/fraud_detection_training_dag.py for tasks to queue
[2025-10-07T04:05:14.526+0000] {logging_mixin.py:190} INFO - [2025-10-07T04:05:14.506+0000] {dagbag.py:588} INFO - Filling up the DagBag from /opt/airflow/dags/fraud_detection_training_dag.py
[2025-10-07T04:05:15.879+0000] {processor.py:925} INFO - DAG(s) 'fraud_detection_training' retrieved from /opt/airflow/dags/fraud_detection_training_dag.py
[2025-10-07T04:05:16.992+0000] {logging_mixin.py:190} INFO - [2025-10-07T04:05:16.991+0000] {dag.py:3239} INFO - Sync 1 DAGs
[2025-10-07T04:05:17.396+0000] {logging_mixin.py:190} INFO - [2025-10-07T04:05:17.394+0000] {dag.py:4180} INFO - Setting next_dagrun for fraud_detection_training to 2025-10-06 03:00:00+00:00, run_after=2025-10-07 03:00:00+00:00
[2025-10-07T04:05:17.459+0000] {processor.py:208} INFO - Processing /opt/airflow/dags/fraud_detection_training_dag.py took 3.418 seconds
[2025-10-07T04:05:48.228+0000] {processor.py:186} INFO - Started process (PID=2098) to work on /opt/airflow/dags/fraud_detection_training_dag.py
[2025-10-07T04:05:48.236+0000] {processor.py:914} INFO - Processing file /opt/airflow/dags/fraud_detection_training_dag.py for tasks to queue
[2025-10-07T04:05:48.248+0000] {logging_mixin.py:190} INFO - [2025-10-07T04:05:48.244+0000] {dagbag.py:588} INFO - Filling up the DagBag from /opt/airflow/dags/fraud_detection_training_dag.py
[2025-10-07T04:05:48.462+0000] {processor.py:925} INFO - DAG(s) 'fraud_detection_training' retrieved from /opt/airflow/dags/fraud_detection_training_dag.py
[2025-10-07T04:05:48.640+0000] {logging_mixin.py:190} INFO - [2025-10-07T04:05:48.639+0000] {dag.py:3239} INFO - Sync 1 DAGs
[2025-10-07T04:05:48.784+0000] {logging_mixin.py:190} INFO - [2025-10-07T04:05:48.784+0000] {dag.py:4180} INFO - Setting next_dagrun for fraud_detection_training to 2025-10-06 03:00:00+00:00, run_after=2025-10-07 03:00:00+00:00
[2025-10-07T04:05:51.537+0000] {processor.py:208} INFO - Processing /opt/airflow/dags/fraud_detection_training_dag.py took 3.371 seconds
[2025-10-07T04:06:21.745+0000] {processor.py:186} INFO - Started process (PID=2104) to work on /opt/airflow/dags/fraud_detection_training_dag.py
[2025-10-07T04:06:21.748+0000] {processor.py:914} INFO - Processing file /opt/airflow/dags/fraud_detection_training_dag.py for tasks to queue
[2025-10-07T04:06:21.752+0000] {logging_mixin.py:190} INFO - [2025-10-07T04:06:21.750+0000] {dagbag.py:588} INFO - Filling up the DagBag from /opt/airflow/dags/fraud_detection_training_dag.py
[2025-10-07T04:06:21.830+0000] {processor.py:925} INFO - DAG(s) 'fraud_detection_training' retrieved from /opt/airflow/dags/fraud_detection_training_dag.py
[2025-10-07T04:06:21.932+0000] {logging_mixin.py:190} INFO - [2025-10-07T04:06:21.931+0000] {dag.py:3239} INFO - Sync 1 DAGs
[2025-10-07T04:06:22.397+0000] {logging_mixin.py:190} INFO - [2025-10-07T04:06:22.397+0000] {dag.py:4180} INFO - Setting next_dagrun for fraud_detection_training to 2025-10-06 03:00:00+00:00, run_after=2025-10-07 03:00:00+00:00
[2025-10-07T04:06:22.408+0000] {processor.py:208} INFO - Processing /opt/airflow/dags/fraud_detection_training_dag.py took 0.693 seconds
[2025-10-07T04:06:53.357+0000] {processor.py:186} INFO - Started process (PID=2111) to work on /opt/airflow/dags/fraud_detection_training_dag.py
[2025-10-07T04:06:53.362+0000] {processor.py:914} INFO - Processing file /opt/airflow/dags/fraud_detection_training_dag.py for tasks to queue
[2025-10-07T04:06:53.369+0000] {logging_mixin.py:190} INFO - [2025-10-07T04:06:53.368+0000] {dagbag.py:588} INFO - Filling up the DagBag from /opt/airflow/dags/fraud_detection_training_dag.py
[2025-10-07T04:06:53.560+0000] {processor.py:925} INFO - DAG(s) 'fraud_detection_training' retrieved from /opt/airflow/dags/fraud_detection_training_dag.py
[2025-10-07T04:06:53.749+0000] {logging_mixin.py:190} INFO - [2025-10-07T04:06:53.747+0000] {dag.py:3239} INFO - Sync 1 DAGs
[2025-10-07T04:06:53.897+0000] {logging_mixin.py:190} INFO - [2025-10-07T04:06:53.896+0000] {dag.py:4180} INFO - Setting next_dagrun for fraud_detection_training to 2025-10-06 03:00:00+00:00, run_after=2025-10-07 03:00:00+00:00
[2025-10-07T04:06:54.010+0000] {processor.py:208} INFO - Processing /opt/airflow/dags/fraud_detection_training_dag.py took 0.694 seconds
[2025-10-07T04:07:24.516+0000] {processor.py:186} INFO - Started process (PID=2118) to work on /opt/airflow/dags/fraud_detection_training_dag.py
[2025-10-07T04:07:24.525+0000] {processor.py:914} INFO - Processing file /opt/airflow/dags/fraud_detection_training_dag.py for tasks to queue
[2025-10-07T04:07:24.535+0000] {logging_mixin.py:190} INFO - [2025-10-07T04:07:24.532+0000] {dagbag.py:588} INFO - Filling up the DagBag from /opt/airflow/dags/fraud_detection_training_dag.py
[2025-10-07T04:07:24.660+0000] {processor.py:925} INFO - DAG(s) 'fraud_detection_training' retrieved from /opt/airflow/dags/fraud_detection_training_dag.py
[2025-10-07T04:07:24.783+0000] {logging_mixin.py:190} INFO - [2025-10-07T04:07:24.783+0000] {dag.py:3239} INFO - Sync 1 DAGs
[2025-10-07T04:07:24.861+0000] {logging_mixin.py:190} INFO - [2025-10-07T04:07:24.860+0000] {dag.py:4180} INFO - Setting next_dagrun for fraud_detection_training to 2025-10-06 03:00:00+00:00, run_after=2025-10-07 03:00:00+00:00
[2025-10-07T04:07:24.889+0000] {processor.py:208} INFO - Processing /opt/airflow/dags/fraud_detection_training_dag.py took 0.427 seconds
[2025-10-07T04:07:55.383+0000] {processor.py:186} INFO - Started process (PID=2125) to work on /opt/airflow/dags/fraud_detection_training_dag.py
[2025-10-07T04:07:55.388+0000] {processor.py:914} INFO - Processing file /opt/airflow/dags/fraud_detection_training_dag.py for tasks to queue
[2025-10-07T04:07:55.390+0000] {logging_mixin.py:190} INFO - [2025-10-07T04:07:55.390+0000] {dagbag.py:588} INFO - Filling up the DagBag from /opt/airflow/dags/fraud_detection_training_dag.py
[2025-10-07T04:07:55.416+0000] {processor.py:925} INFO - DAG(s) 'fraud_detection_training' retrieved from /opt/airflow/dags/fraud_detection_training_dag.py
[2025-10-07T04:07:55.458+0000] {logging_mixin.py:190} INFO - [2025-10-07T04:07:55.458+0000] {dag.py:3239} INFO - Sync 1 DAGs
[2025-10-07T04:07:55.500+0000] {logging_mixin.py:190} INFO - [2025-10-07T04:07:55.500+0000] {dag.py:4180} INFO - Setting next_dagrun for fraud_detection_training to 2025-10-06 03:00:00+00:00, run_after=2025-10-07 03:00:00+00:00
[2025-10-07T04:07:55.518+0000] {processor.py:208} INFO - Processing /opt/airflow/dags/fraud_detection_training_dag.py took 0.151 seconds
[2025-10-07T04:08:25.959+0000] {processor.py:186} INFO - Started process (PID=2132) to work on /opt/airflow/dags/fraud_detection_training_dag.py
[2025-10-07T04:08:25.963+0000] {processor.py:914} INFO - Processing file /opt/airflow/dags/fraud_detection_training_dag.py for tasks to queue
[2025-10-07T04:08:25.964+0000] {logging_mixin.py:190} INFO - [2025-10-07T04:08:25.964+0000] {dagbag.py:588} INFO - Filling up the DagBag from /opt/airflow/dags/fraud_detection_training_dag.py
[2025-10-07T04:08:26.048+0000] {processor.py:925} INFO - DAG(s) 'fraud_detection_training' retrieved from /opt/airflow/dags/fraud_detection_training_dag.py
[2025-10-07T04:08:26.161+0000] {logging_mixin.py:190} INFO - [2025-10-07T04:08:26.160+0000] {dag.py:3239} INFO - Sync 1 DAGs
[2025-10-07T04:08:26.209+0000] {logging_mixin.py:190} INFO - [2025-10-07T04:08:26.208+0000] {dag.py:4180} INFO - Setting next_dagrun for fraud_detection_training to 2025-10-06 03:00:00+00:00, run_after=2025-10-07 03:00:00+00:00
[2025-10-07T04:08:26.236+0000] {processor.py:208} INFO - Processing /opt/airflow/dags/fraud_detection_training_dag.py took 0.298 seconds
[2025-10-07T04:08:57.388+0000] {processor.py:186} INFO - Started process (PID=2139) to work on /opt/airflow/dags/fraud_detection_training_dag.py
[2025-10-07T04:08:57.392+0000] {processor.py:914} INFO - Processing file /opt/airflow/dags/fraud_detection_training_dag.py for tasks to queue
[2025-10-07T04:08:57.397+0000] {logging_mixin.py:190} INFO - [2025-10-07T04:08:57.394+0000] {dagbag.py:588} INFO - Filling up the DagBag from /opt/airflow/dags/fraud_detection_training_dag.py
[2025-10-07T04:08:57.477+0000] {processor.py:925} INFO - DAG(s) 'fraud_detection_training' retrieved from /opt/airflow/dags/fraud_detection_training_dag.py
[2025-10-07T04:08:57.584+0000] {logging_mixin.py:190} INFO - [2025-10-07T04:08:57.582+0000] {dag.py:3239} INFO - Sync 1 DAGs
[2025-10-07T04:08:57.647+0000] {logging_mixin.py:190} INFO - [2025-10-07T04:08:57.646+0000] {dag.py:4180} INFO - Setting next_dagrun for fraud_detection_training to 2025-10-06 03:00:00+00:00, run_after=2025-10-07 03:00:00+00:00
[2025-10-07T04:08:59.453+0000] {processor.py:208} INFO - Processing /opt/airflow/dags/fraud_detection_training_dag.py took 2.098 seconds
[2025-10-07T04:09:30.550+0000] {processor.py:186} INFO - Started process (PID=2152) to work on /opt/airflow/dags/fraud_detection_training_dag.py
[2025-10-07T04:09:30.553+0000] {processor.py:914} INFO - Processing file /opt/airflow/dags/fraud_detection_training_dag.py for tasks to queue
[2025-10-07T04:09:30.555+0000] {logging_mixin.py:190} INFO - [2025-10-07T04:09:30.554+0000] {dagbag.py:588} INFO - Filling up the DagBag from /opt/airflow/dags/fraud_detection_training_dag.py
[2025-10-07T04:09:30.600+0000] {processor.py:925} INFO - DAG(s) 'fraud_detection_training' retrieved from /opt/airflow/dags/fraud_detection_training_dag.py
[2025-10-07T04:09:30.705+0000] {logging_mixin.py:190} INFO - [2025-10-07T04:09:30.705+0000] {dag.py:3239} INFO - Sync 1 DAGs
[2025-10-07T04:09:31.111+0000] {logging_mixin.py:190} INFO - [2025-10-07T04:09:31.110+0000] {dag.py:4180} INFO - Setting next_dagrun for fraud_detection_training to 2025-10-06 03:00:00+00:00, run_after=2025-10-07 03:00:00+00:00
[2025-10-07T04:09:31.122+0000] {processor.py:208} INFO - Processing /opt/airflow/dags/fraud_detection_training_dag.py took 0.621 seconds
[2025-10-07T04:10:01.542+0000] {processor.py:186} INFO - Started process (PID=2159) to work on /opt/airflow/dags/fraud_detection_training_dag.py
[2025-10-07T04:10:01.545+0000] {processor.py:914} INFO - Processing file /opt/airflow/dags/fraud_detection_training_dag.py for tasks to queue
[2025-10-07T04:10:01.546+0000] {logging_mixin.py:190} INFO - [2025-10-07T04:10:01.546+0000] {dagbag.py:588} INFO - Filling up the DagBag from /opt/airflow/dags/fraud_detection_training_dag.py
[2025-10-07T04:10:01.564+0000] {processor.py:925} INFO - DAG(s) 'fraud_detection_training' retrieved from /opt/airflow/dags/fraud_detection_training_dag.py
[2025-10-07T04:10:01.599+0000] {logging_mixin.py:190} INFO - [2025-10-07T04:10:01.599+0000] {dag.py:3239} INFO - Sync 1 DAGs
[2025-10-07T04:10:01.621+0000] {logging_mixin.py:190} INFO - [2025-10-07T04:10:01.621+0000] {dag.py:4180} INFO - Setting next_dagrun for fraud_detection_training to 2025-10-06 03:00:00+00:00, run_after=2025-10-07 03:00:00+00:00
[2025-10-07T04:10:01.632+0000] {processor.py:208} INFO - Processing /opt/airflow/dags/fraud_detection_training_dag.py took 0.099 seconds
[2025-10-07T04:10:32.581+0000] {processor.py:186} INFO - Started process (PID=2166) to work on /opt/airflow/dags/fraud_detection_training_dag.py
[2025-10-07T04:10:32.585+0000] {processor.py:914} INFO - Processing file /opt/airflow/dags/fraud_detection_training_dag.py for tasks to queue
[2025-10-07T04:10:32.592+0000] {logging_mixin.py:190} INFO - [2025-10-07T04:10:32.590+0000] {dagbag.py:588} INFO - Filling up the DagBag from /opt/airflow/dags/fraud_detection_training_dag.py
[2025-10-07T04:10:32.659+0000] {processor.py:925} INFO - DAG(s) 'fraud_detection_training' retrieved from /opt/airflow/dags/fraud_detection_training_dag.py
[2025-10-07T04:10:33.094+0000] {logging_mixin.py:190} INFO - [2025-10-07T04:10:33.055+0000] {dag.py:3239} INFO - Sync 1 DAGs
[2025-10-07T04:10:33.373+0000] {logging_mixin.py:190} INFO - [2025-10-07T04:10:33.371+0000] {dag.py:4180} INFO - Setting next_dagrun for fraud_detection_training to 2025-10-06 03:00:00+00:00, run_after=2025-10-07 03:00:00+00:00
[2025-10-07T04:10:33.437+0000] {processor.py:208} INFO - Processing /opt/airflow/dags/fraud_detection_training_dag.py took 0.882 seconds
[2025-10-07T04:11:04.031+0000] {processor.py:186} INFO - Started process (PID=2173) to work on /opt/airflow/dags/fraud_detection_training_dag.py
[2025-10-07T04:11:04.033+0000] {processor.py:914} INFO - Processing file /opt/airflow/dags/fraud_detection_training_dag.py for tasks to queue
[2025-10-07T04:11:04.034+0000] {logging_mixin.py:190} INFO - [2025-10-07T04:11:04.034+0000] {dagbag.py:588} INFO - Filling up the DagBag from /opt/airflow/dags/fraud_detection_training_dag.py
[2025-10-07T04:11:04.065+0000] {processor.py:925} INFO - DAG(s) 'fraud_detection_training' retrieved from /opt/airflow/dags/fraud_detection_training_dag.py
[2025-10-07T04:11:04.115+0000] {logging_mixin.py:190} INFO - [2025-10-07T04:11:04.115+0000] {dag.py:3239} INFO - Sync 1 DAGs
[2025-10-07T04:11:04.152+0000] {logging_mixin.py:190} INFO - [2025-10-07T04:11:04.151+0000] {dag.py:4180} INFO - Setting next_dagrun for fraud_detection_training to 2025-10-06 03:00:00+00:00, run_after=2025-10-07 03:00:00+00:00
[2025-10-07T04:11:04.166+0000] {processor.py:208} INFO - Processing /opt/airflow/dags/fraud_detection_training_dag.py took 0.148 seconds
[2025-10-07T04:11:34.466+0000] {processor.py:186} INFO - Started process (PID=2180) to work on /opt/airflow/dags/fraud_detection_training_dag.py
[2025-10-07T04:11:34.468+0000] {processor.py:914} INFO - Processing file /opt/airflow/dags/fraud_detection_training_dag.py for tasks to queue
[2025-10-07T04:11:34.469+0000] {logging_mixin.py:190} INFO - [2025-10-07T04:11:34.469+0000] {dagbag.py:588} INFO - Filling up the DagBag from /opt/airflow/dags/fraud_detection_training_dag.py
[2025-10-07T04:11:34.494+0000] {processor.py:925} INFO - DAG(s) 'fraud_detection_training' retrieved from /opt/airflow/dags/fraud_detection_training_dag.py
[2025-10-07T04:11:34.563+0000] {logging_mixin.py:190} INFO - [2025-10-07T04:11:34.562+0000] {dag.py:3239} INFO - Sync 1 DAGs
[2025-10-07T04:11:34.592+0000] {logging_mixin.py:190} INFO - [2025-10-07T04:11:34.592+0000] {dag.py:4180} INFO - Setting next_dagrun for fraud_detection_training to 2025-10-06 03:00:00+00:00, run_after=2025-10-07 03:00:00+00:00
[2025-10-07T04:11:34.612+0000] {processor.py:208} INFO - Processing /opt/airflow/dags/fraud_detection_training_dag.py took 0.166 seconds
[2025-10-07T04:12:04.990+0000] {processor.py:186} INFO - Started process (PID=2187) to work on /opt/airflow/dags/fraud_detection_training_dag.py
[2025-10-07T04:12:04.991+0000] {processor.py:914} INFO - Processing file /opt/airflow/dags/fraud_detection_training_dag.py for tasks to queue
[2025-10-07T04:12:04.995+0000] {logging_mixin.py:190} INFO - [2025-10-07T04:12:04.993+0000] {dagbag.py:588} INFO - Filling up the DagBag from /opt/airflow/dags/fraud_detection_training_dag.py
[2025-10-07T04:12:05.016+0000] {processor.py:925} INFO - DAG(s) 'fraud_detection_training' retrieved from /opt/airflow/dags/fraud_detection_training_dag.py
[2025-10-07T04:12:05.059+0000] {logging_mixin.py:190} INFO - [2025-10-07T04:12:05.058+0000] {dag.py:3239} INFO - Sync 1 DAGs
[2025-10-07T04:12:05.517+0000] {logging_mixin.py:190} INFO - [2025-10-07T04:12:05.517+0000] {dag.py:4180} INFO - Setting next_dagrun for fraud_detection_training to 2025-10-06 03:00:00+00:00, run_after=2025-10-07 03:00:00+00:00
[2025-10-07T04:12:05.528+0000] {processor.py:208} INFO - Processing /opt/airflow/dags/fraud_detection_training_dag.py took 0.547 seconds
[2025-10-07T04:12:35.978+0000] {processor.py:186} INFO - Started process (PID=2194) to work on /opt/airflow/dags/fraud_detection_training_dag.py
[2025-10-07T04:12:35.981+0000] {processor.py:914} INFO - Processing file /opt/airflow/dags/fraud_detection_training_dag.py for tasks to queue
[2025-10-07T04:12:35.985+0000] {logging_mixin.py:190} INFO - [2025-10-07T04:12:35.983+0000] {dagbag.py:588} INFO - Filling up the DagBag from /opt/airflow/dags/fraud_detection_training_dag.py
[2025-10-07T04:12:36.041+0000] {processor.py:925} INFO - DAG(s) 'fraud_detection_training' retrieved from /opt/airflow/dags/fraud_detection_training_dag.py
[2025-10-07T04:12:36.085+0000] {logging_mixin.py:190} INFO - [2025-10-07T04:12:36.084+0000] {dag.py:3239} INFO - Sync 1 DAGs
[2025-10-07T04:12:36.113+0000] {logging_mixin.py:190} INFO - [2025-10-07T04:12:36.113+0000] {dag.py:4180} INFO - Setting next_dagrun for fraud_detection_training to 2025-10-06 03:00:00+00:00, run_after=2025-10-07 03:00:00+00:00
[2025-10-07T04:12:36.125+0000] {processor.py:208} INFO - Processing /opt/airflow/dags/fraud_detection_training_dag.py took 0.164 seconds
[2025-10-07T04:13:06.457+0000] {processor.py:186} INFO - Started process (PID=2201) to work on /opt/airflow/dags/fraud_detection_training_dag.py
[2025-10-07T04:13:06.458+0000] {processor.py:914} INFO - Processing file /opt/airflow/dags/fraud_detection_training_dag.py for tasks to queue
[2025-10-07T04:13:06.460+0000] {logging_mixin.py:190} INFO - [2025-10-07T04:13:06.459+0000] {dagbag.py:588} INFO - Filling up the DagBag from /opt/airflow/dags/fraud_detection_training_dag.py
[2025-10-07T04:13:06.484+0000] {processor.py:925} INFO - DAG(s) 'fraud_detection_training' retrieved from /opt/airflow/dags/fraud_detection_training_dag.py
[2025-10-07T04:13:06.529+0000] {logging_mixin.py:190} INFO - [2025-10-07T04:13:06.528+0000] {dag.py:3239} INFO - Sync 1 DAGs
[2025-10-07T04:13:06.564+0000] {logging_mixin.py:190} INFO - [2025-10-07T04:13:06.564+0000] {dag.py:4180} INFO - Setting next_dagrun for fraud_detection_training to 2025-10-06 03:00:00+00:00, run_after=2025-10-07 03:00:00+00:00
[2025-10-07T04:13:06.579+0000] {processor.py:208} INFO - Processing /opt/airflow/dags/fraud_detection_training_dag.py took 0.133 seconds
[2025-10-07T04:13:36.787+0000] {processor.py:186} INFO - Started process (PID=2208) to work on /opt/airflow/dags/fraud_detection_training_dag.py
[2025-10-07T04:13:36.789+0000] {processor.py:914} INFO - Processing file /opt/airflow/dags/fraud_detection_training_dag.py for tasks to queue
[2025-10-07T04:13:36.790+0000] {logging_mixin.py:190} INFO - [2025-10-07T04:13:36.790+0000] {dagbag.py:588} INFO - Filling up the DagBag from /opt/airflow/dags/fraud_detection_training_dag.py
[2025-10-07T04:13:36.812+0000] {processor.py:925} INFO - DAG(s) 'fraud_detection_training' retrieved from /opt/airflow/dags/fraud_detection_training_dag.py
[2025-10-07T04:13:36.849+0000] {logging_mixin.py:190} INFO - [2025-10-07T04:13:36.848+0000] {dag.py:3239} INFO - Sync 1 DAGs
[2025-10-07T04:13:36.873+0000] {logging_mixin.py:190} INFO - [2025-10-07T04:13:36.872+0000] {dag.py:4180} INFO - Setting next_dagrun for fraud_detection_training to 2025-10-06 03:00:00+00:00, run_after=2025-10-07 03:00:00+00:00
[2025-10-07T04:13:36.890+0000] {processor.py:208} INFO - Processing /opt/airflow/dags/fraud_detection_training_dag.py took 0.118 seconds
[2025-10-07T04:14:07.223+0000] {processor.py:186} INFO - Started process (PID=2215) to work on /opt/airflow/dags/fraud_detection_training_dag.py
[2025-10-07T04:14:07.224+0000] {processor.py:914} INFO - Processing file /opt/airflow/dags/fraud_detection_training_dag.py for tasks to queue
[2025-10-07T04:14:07.226+0000] {logging_mixin.py:190} INFO - [2025-10-07T04:14:07.225+0000] {dagbag.py:588} INFO - Filling up the DagBag from /opt/airflow/dags/fraud_detection_training_dag.py
[2025-10-07T04:14:07.252+0000] {processor.py:925} INFO - DAG(s) 'fraud_detection_training' retrieved from /opt/airflow/dags/fraud_detection_training_dag.py
[2025-10-07T04:14:07.291+0000] {logging_mixin.py:190} INFO - [2025-10-07T04:14:07.291+0000] {dag.py:3239} INFO - Sync 1 DAGs
[2025-10-07T04:14:07.318+0000] {logging_mixin.py:190} INFO - [2025-10-07T04:14:07.318+0000] {dag.py:4180} INFO - Setting next_dagrun for fraud_detection_training to 2025-10-06 03:00:00+00:00, run_after=2025-10-07 03:00:00+00:00
[2025-10-07T04:14:07.329+0000] {processor.py:208} INFO - Processing /opt/airflow/dags/fraud_detection_training_dag.py took 0.114 seconds
[2025-10-07T04:14:38.002+0000] {processor.py:186} INFO - Started process (PID=2222) to work on /opt/airflow/dags/fraud_detection_training_dag.py
[2025-10-07T04:14:38.005+0000] {processor.py:914} INFO - Processing file /opt/airflow/dags/fraud_detection_training_dag.py for tasks to queue
[2025-10-07T04:14:38.006+0000] {logging_mixin.py:190} INFO - [2025-10-07T04:14:38.006+0000] {dagbag.py:588} INFO - Filling up the DagBag from /opt/airflow/dags/fraud_detection_training_dag.py
[2025-10-07T04:14:38.028+0000] {processor.py:925} INFO - DAG(s) 'fraud_detection_training' retrieved from /opt/airflow/dags/fraud_detection_training_dag.py
[2025-10-07T04:14:38.072+0000] {logging_mixin.py:190} INFO - [2025-10-07T04:14:38.072+0000] {dag.py:3239} INFO - Sync 1 DAGs
[2025-10-07T04:14:38.100+0000] {logging_mixin.py:190} INFO - [2025-10-07T04:14:38.100+0000] {dag.py:4180} INFO - Setting next_dagrun for fraud_detection_training to 2025-10-06 03:00:00+00:00, run_after=2025-10-07 03:00:00+00:00
[2025-10-07T04:14:38.379+0000] {processor.py:208} INFO - Processing /opt/airflow/dags/fraud_detection_training_dag.py took 0.386 seconds
[2025-10-07T04:15:08.687+0000] {processor.py:186} INFO - Started process (PID=2229) to work on /opt/airflow/dags/fraud_detection_training_dag.py
[2025-10-07T04:15:08.689+0000] {processor.py:914} INFO - Processing file /opt/airflow/dags/fraud_detection_training_dag.py for tasks to queue
[2025-10-07T04:15:08.690+0000] {logging_mixin.py:190} INFO - [2025-10-07T04:15:08.689+0000] {dagbag.py:588} INFO - Filling up the DagBag from /opt/airflow/dags/fraud_detection_training_dag.py
[2025-10-07T04:15:08.706+0000] {processor.py:925} INFO - DAG(s) 'fraud_detection_training' retrieved from /opt/airflow/dags/fraud_detection_training_dag.py
[2025-10-07T04:15:08.743+0000] {logging_mixin.py:190} INFO - [2025-10-07T04:15:08.743+0000] {dag.py:3239} INFO - Sync 1 DAGs
[2025-10-07T04:15:08.972+0000] {logging_mixin.py:190} INFO - [2025-10-07T04:15:08.972+0000] {dag.py:4180} INFO - Setting next_dagrun for fraud_detection_training to 2025-10-06 03:00:00+00:00, run_after=2025-10-07 03:00:00+00:00
[2025-10-07T04:15:08.983+0000] {processor.py:208} INFO - Processing /opt/airflow/dags/fraud_detection_training_dag.py took 0.306 seconds
[2025-10-07T04:15:39.111+0000] {processor.py:186} INFO - Started process (PID=2236) to work on /opt/airflow/dags/fraud_detection_training_dag.py
[2025-10-07T04:15:39.113+0000] {processor.py:914} INFO - Processing file /opt/airflow/dags/fraud_detection_training_dag.py for tasks to queue
[2025-10-07T04:15:39.114+0000] {logging_mixin.py:190} INFO - [2025-10-07T04:15:39.114+0000] {dagbag.py:588} INFO - Filling up the DagBag from /opt/airflow/dags/fraud_detection_training_dag.py
[2025-10-07T04:15:39.137+0000] {processor.py:925} INFO - DAG(s) 'fraud_detection_training' retrieved from /opt/airflow/dags/fraud_detection_training_dag.py
[2025-10-07T04:15:39.177+0000] {logging_mixin.py:190} INFO - [2025-10-07T04:15:39.177+0000] {dag.py:3239} INFO - Sync 1 DAGs
[2025-10-07T04:15:39.213+0000] {logging_mixin.py:190} INFO - [2025-10-07T04:15:39.213+0000] {dag.py:4180} INFO - Setting next_dagrun for fraud_detection_training to 2025-10-06 03:00:00+00:00, run_after=2025-10-07 03:00:00+00:00
[2025-10-07T04:15:39.229+0000] {processor.py:208} INFO - Processing /opt/airflow/dags/fraud_detection_training_dag.py took 0.126 seconds
[2025-10-07T04:16:09.580+0000] {processor.py:186} INFO - Started process (PID=2243) to work on /opt/airflow/dags/fraud_detection_training_dag.py
[2025-10-07T04:16:09.582+0000] {processor.py:914} INFO - Processing file /opt/airflow/dags/fraud_detection_training_dag.py for tasks to queue
[2025-10-07T04:16:09.584+0000] {logging_mixin.py:190} INFO - [2025-10-07T04:16:09.584+0000] {dagbag.py:588} INFO - Filling up the DagBag from /opt/airflow/dags/fraud_detection_training_dag.py
[2025-10-07T04:16:09.610+0000] {processor.py:925} INFO - DAG(s) 'fraud_detection_training' retrieved from /opt/airflow/dags/fraud_detection_training_dag.py
[2025-10-07T04:16:09.642+0000] {logging_mixin.py:190} INFO - [2025-10-07T04:16:09.642+0000] {dag.py:3239} INFO - Sync 1 DAGs
[2025-10-07T04:16:09.673+0000] {logging_mixin.py:190} INFO - [2025-10-07T04:16:09.673+0000] {dag.py:4180} INFO - Setting next_dagrun for fraud_detection_training to 2025-10-06 03:00:00+00:00, run_after=2025-10-07 03:00:00+00:00
[2025-10-07T04:16:09.691+0000] {processor.py:208} INFO - Processing /opt/airflow/dags/fraud_detection_training_dag.py took 0.132 seconds
[2025-10-07T04:16:40.008+0000] {processor.py:186} INFO - Started process (PID=2250) to work on /opt/airflow/dags/fraud_detection_training_dag.py
[2025-10-07T04:16:40.010+0000] {processor.py:914} INFO - Processing file /opt/airflow/dags/fraud_detection_training_dag.py for tasks to queue
[2025-10-07T04:16:40.012+0000] {logging_mixin.py:190} INFO - [2025-10-07T04:16:40.011+0000] {dagbag.py:588} INFO - Filling up the DagBag from /opt/airflow/dags/fraud_detection_training_dag.py
[2025-10-07T04:16:40.027+0000] {processor.py:925} INFO - DAG(s) 'fraud_detection_training' retrieved from /opt/airflow/dags/fraud_detection_training_dag.py
[2025-10-07T04:16:40.063+0000] {logging_mixin.py:190} INFO - [2025-10-07T04:16:40.062+0000] {dag.py:3239} INFO - Sync 1 DAGs
[2025-10-07T04:16:40.083+0000] {logging_mixin.py:190} INFO - [2025-10-07T04:16:40.083+0000] {dag.py:4180} INFO - Setting next_dagrun for fraud_detection_training to 2025-10-06 03:00:00+00:00, run_after=2025-10-07 03:00:00+00:00
[2025-10-07T04:16:40.094+0000] {processor.py:208} INFO - Processing /opt/airflow/dags/fraud_detection_training_dag.py took 0.093 seconds
[2025-10-07T04:17:10.481+0000] {processor.py:186} INFO - Started process (PID=2257) to work on /opt/airflow/dags/fraud_detection_training_dag.py
[2025-10-07T04:17:10.483+0000] {processor.py:914} INFO - Processing file /opt/airflow/dags/fraud_detection_training_dag.py for tasks to queue
[2025-10-07T04:17:10.484+0000] {logging_mixin.py:190} INFO - [2025-10-07T04:17:10.484+0000] {dagbag.py:588} INFO - Filling up the DagBag from /opt/airflow/dags/fraud_detection_training_dag.py
[2025-10-07T04:17:10.509+0000] {processor.py:925} INFO - DAG(s) 'fraud_detection_training' retrieved from /opt/airflow/dags/fraud_detection_training_dag.py
[2025-10-07T04:17:10.554+0000] {logging_mixin.py:190} INFO - [2025-10-07T04:17:10.554+0000] {dag.py:3239} INFO - Sync 1 DAGs
[2025-10-07T04:17:10.587+0000] {logging_mixin.py:190} INFO - [2025-10-07T04:17:10.587+0000] {dag.py:4180} INFO - Setting next_dagrun for fraud_detection_training to 2025-10-06 03:00:00+00:00, run_after=2025-10-07 03:00:00+00:00
[2025-10-07T04:17:10.602+0000] {processor.py:208} INFO - Processing /opt/airflow/dags/fraud_detection_training_dag.py took 0.134 seconds
[2025-10-07T04:17:40.915+0000] {processor.py:186} INFO - Started process (PID=2265) to work on /opt/airflow/dags/fraud_detection_training_dag.py
[2025-10-07T04:17:40.917+0000] {processor.py:914} INFO - Processing file /opt/airflow/dags/fraud_detection_training_dag.py for tasks to queue
[2025-10-07T04:17:40.918+0000] {logging_mixin.py:190} INFO - [2025-10-07T04:17:40.918+0000] {dagbag.py:588} INFO - Filling up the DagBag from /opt/airflow/dags/fraud_detection_training_dag.py
[2025-10-07T04:17:40.940+0000] {processor.py:925} INFO - DAG(s) 'fraud_detection_training' retrieved from /opt/airflow/dags/fraud_detection_training_dag.py
[2025-10-07T04:17:40.977+0000] {logging_mixin.py:190} INFO - [2025-10-07T04:17:40.976+0000] {dag.py:3239} INFO - Sync 1 DAGs
[2025-10-07T04:17:41.000+0000] {logging_mixin.py:190} INFO - [2025-10-07T04:17:41.000+0000] {dag.py:4180} INFO - Setting next_dagrun for fraud_detection_training to 2025-10-06 03:00:00+00:00, run_after=2025-10-07 03:00:00+00:00
[2025-10-07T04:17:41.185+0000] {processor.py:208} INFO - Processing /opt/airflow/dags/fraud_detection_training_dag.py took 0.284 seconds
[2025-10-07T04:18:11.330+0000] {processor.py:186} INFO - Started process (PID=2272) to work on /opt/airflow/dags/fraud_detection_training_dag.py
[2025-10-07T04:18:11.332+0000] {processor.py:914} INFO - Processing file /opt/airflow/dags/fraud_detection_training_dag.py for tasks to queue
[2025-10-07T04:18:11.335+0000] {logging_mixin.py:190} INFO - [2025-10-07T04:18:11.334+0000] {dagbag.py:588} INFO - Filling up the DagBag from /opt/airflow/dags/fraud_detection_training_dag.py
[2025-10-07T04:18:11.354+0000] {processor.py:925} INFO - DAG(s) 'fraud_detection_training' retrieved from /opt/airflow/dags/fraud_detection_training_dag.py
[2025-10-07T04:18:11.389+0000] {logging_mixin.py:190} INFO - [2025-10-07T04:18:11.389+0000] {dag.py:3239} INFO - Sync 1 DAGs
[2025-10-07T04:18:11.581+0000] {logging_mixin.py:190} INFO - [2025-10-07T04:18:11.581+0000] {dag.py:4180} INFO - Setting next_dagrun for fraud_detection_training to 2025-10-06 03:00:00+00:00, run_after=2025-10-07 03:00:00+00:00
[2025-10-07T04:18:11.589+0000] {processor.py:208} INFO - Processing /opt/airflow/dags/fraud_detection_training_dag.py took 0.272 seconds
[2025-10-07T04:18:41.838+0000] {processor.py:186} INFO - Started process (PID=2279) to work on /opt/airflow/dags/fraud_detection_training_dag.py
[2025-10-07T04:18:41.839+0000] {processor.py:914} INFO - Processing file /opt/airflow/dags/fraud_detection_training_dag.py for tasks to queue
[2025-10-07T04:18:41.840+0000] {logging_mixin.py:190} INFO - [2025-10-07T04:18:41.839+0000] {dagbag.py:588} INFO - Filling up the DagBag from /opt/airflow/dags/fraud_detection_training_dag.py
[2025-10-07T04:18:41.854+0000] {processor.py:925} INFO - DAG(s) 'fraud_detection_training' retrieved from /opt/airflow/dags/fraud_detection_training_dag.py
[2025-10-07T04:18:41.881+0000] {logging_mixin.py:190} INFO - [2025-10-07T04:18:41.880+0000] {dag.py:3239} INFO - Sync 1 DAGs
[2025-10-07T04:18:41.900+0000] {logging_mixin.py:190} INFO - [2025-10-07T04:18:41.900+0000] {dag.py:4180} INFO - Setting next_dagrun for fraud_detection_training to 2025-10-06 03:00:00+00:00, run_after=2025-10-07 03:00:00+00:00
[2025-10-07T04:18:41.908+0000] {processor.py:208} INFO - Processing /opt/airflow/dags/fraud_detection_training_dag.py took 0.078 seconds
[2025-10-07T04:19:12.295+0000] {processor.py:186} INFO - Started process (PID=2286) to work on /opt/airflow/dags/fraud_detection_training_dag.py
[2025-10-07T04:19:12.297+0000] {processor.py:914} INFO - Processing file /opt/airflow/dags/fraud_detection_training_dag.py for tasks to queue
[2025-10-07T04:19:12.299+0000] {logging_mixin.py:190} INFO - [2025-10-07T04:19:12.299+0000] {dagbag.py:588} INFO - Filling up the DagBag from /opt/airflow/dags/fraud_detection_training_dag.py
[2025-10-07T04:19:12.316+0000] {processor.py:925} INFO - DAG(s) 'fraud_detection_training' retrieved from /opt/airflow/dags/fraud_detection_training_dag.py
[2025-10-07T04:19:12.338+0000] {logging_mixin.py:190} INFO - [2025-10-07T04:19:12.338+0000] {dag.py:3239} INFO - Sync 1 DAGs
[2025-10-07T04:19:12.356+0000] {logging_mixin.py:190} INFO - [2025-10-07T04:19:12.356+0000] {dag.py:4180} INFO - Setting next_dagrun for fraud_detection_training to 2025-10-06 03:00:00+00:00, run_after=2025-10-07 03:00:00+00:00
[2025-10-07T04:19:12.369+0000] {processor.py:208} INFO - Processing /opt/airflow/dags/fraud_detection_training_dag.py took 0.083 seconds
[2025-10-07T04:19:43.279+0000] {processor.py:186} INFO - Started process (PID=2293) to work on /opt/airflow/dags/fraud_detection_training_dag.py
[2025-10-07T04:19:43.291+0000] {processor.py:914} INFO - Processing file /opt/airflow/dags/fraud_detection_training_dag.py for tasks to queue
[2025-10-07T04:19:43.298+0000] {logging_mixin.py:190} INFO - [2025-10-07T04:19:43.297+0000] {dagbag.py:588} INFO - Filling up the DagBag from /opt/airflow/dags/fraud_detection_training_dag.py
[2025-10-07T04:19:43.412+0000] {processor.py:925} INFO - DAG(s) 'fraud_detection_training' retrieved from /opt/airflow/dags/fraud_detection_training_dag.py
[2025-10-07T04:19:43.533+0000] {logging_mixin.py:190} INFO - [2025-10-07T04:19:43.533+0000] {dag.py:3239} INFO - Sync 1 DAGs
[2025-10-07T04:19:43.628+0000] {logging_mixin.py:190} INFO - [2025-10-07T04:19:43.627+0000] {dag.py:4180} INFO - Setting next_dagrun for fraud_detection_training to 2025-10-06 03:00:00+00:00, run_after=2025-10-07 03:00:00+00:00
[2025-10-07T04:19:43.660+0000] {processor.py:208} INFO - Processing /opt/airflow/dags/fraud_detection_training_dag.py took 0.420 seconds
[2025-10-07T04:25:10.459+0000] {processor.py:186} INFO - Started process (PID=87) to work on /opt/airflow/dags/fraud_detection_training_dag.py
[2025-10-07T04:25:11.306+0000] {processor.py:914} INFO - Processing file /opt/airflow/dags/fraud_detection_training_dag.py for tasks to queue
[2025-10-07T04:25:11.428+0000] {logging_mixin.py:190} INFO - [2025-10-07T04:25:11.420+0000] {dagbag.py:588} INFO - Filling up the DagBag from /opt/airflow/dags/fraud_detection_training_dag.py
[2025-10-07T04:25:12.034+0000] {processor.py:925} INFO - DAG(s) 'fraud_detection_training' retrieved from /opt/airflow/dags/fraud_detection_training_dag.py
[2025-10-07T04:25:12.821+0000] {logging_mixin.py:190} INFO - [2025-10-07T04:25:12.818+0000] {dag.py:3239} INFO - Sync 1 DAGs
[2025-10-07T04:25:13.301+0000] {logging_mixin.py:190} INFO - [2025-10-07T04:25:13.300+0000] {dag.py:4180} INFO - Setting next_dagrun for fraud_detection_training to 2025-10-06 03:00:00+00:00, run_after=2025-10-07 03:00:00+00:00
[2025-10-07T04:25:13.404+0000] {processor.py:208} INFO - Processing /opt/airflow/dags/fraud_detection_training_dag.py took 3.220 seconds
[2025-10-07T04:31:13.212+0000] {processor.py:186} INFO - Started process (PID=77) to work on /opt/airflow/dags/fraud_detection_training_dag.py
[2025-10-07T04:31:13.222+0000] {processor.py:914} INFO - Processing file /opt/airflow/dags/fraud_detection_training_dag.py for tasks to queue
[2025-10-07T04:31:13.264+0000] {logging_mixin.py:190} INFO - [2025-10-07T04:31:13.256+0000] {dagbag.py:588} INFO - Filling up the DagBag from /opt/airflow/dags/fraud_detection_training_dag.py
[2025-10-07T04:31:13.426+0000] {processor.py:925} INFO - DAG(s) 'fraud_detection_training' retrieved from /opt/airflow/dags/fraud_detection_training_dag.py
[2025-10-07T04:31:13.646+0000] {logging_mixin.py:190} INFO - [2025-10-07T04:31:13.646+0000] {dag.py:3239} INFO - Sync 1 DAGs
[2025-10-07T04:31:13.818+0000] {logging_mixin.py:190} INFO - [2025-10-07T04:31:13.816+0000] {dag.py:4180} INFO - Setting next_dagrun for fraud_detection_training to 2025-10-06 03:00:00+00:00, run_after=2025-10-07 03:00:00+00:00
[2025-10-07T04:31:13.921+0000] {processor.py:208} INFO - Processing /opt/airflow/dags/fraud_detection_training_dag.py took 0.786 seconds
[2025-10-07T04:31:46.054+0000] {processor.py:186} INFO - Started process (PID=83) to work on /opt/airflow/dags/fraud_detection_training_dag.py
[2025-10-07T04:31:46.086+0000] {processor.py:914} INFO - Processing file /opt/airflow/dags/fraud_detection_training_dag.py for tasks to queue
[2025-10-07T04:31:46.238+0000] {logging_mixin.py:190} INFO - [2025-10-07T04:31:46.227+0000] {dagbag.py:588} INFO - Filling up the DagBag from /opt/airflow/dags/fraud_detection_training_dag.py
[2025-10-07T04:31:46.671+0000] {processor.py:925} INFO - DAG(s) 'fraud_detection_training' retrieved from /opt/airflow/dags/fraud_detection_training_dag.py
[2025-10-07T04:31:47.303+0000] {logging_mixin.py:190} INFO - [2025-10-07T04:31:47.302+0000] {dag.py:3239} INFO - Sync 1 DAGs
[2025-10-07T04:31:47.849+0000] {logging_mixin.py:190} INFO - [2025-10-07T04:31:47.847+0000] {dag.py:4180} INFO - Setting next_dagrun for fraud_detection_training to 2025-10-06 03:00:00+00:00, run_after=2025-10-07 03:00:00+00:00
[2025-10-07T04:31:48.394+0000] {processor.py:208} INFO - Processing /opt/airflow/dags/fraud_detection_training_dag.py took 2.759 seconds
[2025-10-07T04:32:26.277+0000] {processor.py:186} INFO - Started process (PID=90) to work on /opt/airflow/dags/fraud_detection_training_dag.py
[2025-10-07T04:32:26.500+0000] {processor.py:914} INFO - Processing file /opt/airflow/dags/fraud_detection_training_dag.py for tasks to queue
[2025-10-07T04:32:28.897+0000] {logging_mixin.py:190} INFO - [2025-10-07T04:32:28.707+0000] {dagbag.py:588} INFO - Filling up the DagBag from /opt/airflow/dags/fraud_detection_training_dag.py
[2025-10-07T04:32:37.840+0000] {processor.py:925} INFO - DAG(s) 'fraud_detection_training' retrieved from /opt/airflow/dags/fraud_detection_training_dag.py
[2025-10-07T04:32:44.570+0000] {logging_mixin.py:190} INFO - [2025-10-07T04:32:44.546+0000] {dag.py:3239} INFO - Sync 1 DAGs
[2025-10-07T04:32:48.958+0000] {logging_mixin.py:190} INFO - [2025-10-07T04:32:48.917+0000] {dag.py:4180} INFO - Setting next_dagrun for fraud_detection_training to 2025-10-06 03:00:00+00:00, run_after=2025-10-07 03:00:00+00:00
[2025-10-07T04:32:50.228+0000] {processor.py:208} INFO - Processing /opt/airflow/dags/fraud_detection_training_dag.py took 29.187 seconds
[2025-10-07T04:33:23.932+0000] {processor.py:186} INFO - Started process (PID=97) to work on /opt/airflow/dags/fraud_detection_training_dag.py
[2025-10-07T04:33:23.953+0000] {processor.py:914} INFO - Processing file /opt/airflow/dags/fraud_detection_training_dag.py for tasks to queue
[2025-10-07T04:33:24.061+0000] {logging_mixin.py:190} INFO - [2025-10-07T04:33:24.052+0000] {dagbag.py:588} INFO - Filling up the DagBag from /opt/airflow/dags/fraud_detection_training_dag.py
[2025-10-07T04:33:24.988+0000] {processor.py:925} INFO - DAG(s) 'fraud_detection_training' retrieved from /opt/airflow/dags/fraud_detection_training_dag.py
[2025-10-07T04:33:25.968+0000] {logging_mixin.py:190} INFO - [2025-10-07T04:33:25.941+0000] {dag.py:3239} INFO - Sync 1 DAGs
[2025-10-07T04:33:26.934+0000] {logging_mixin.py:190} INFO - [2025-10-07T04:33:26.931+0000] {dag.py:4180} INFO - Setting next_dagrun for fraud_detection_training to 2025-10-06 03:00:00+00:00, run_after=2025-10-07 03:00:00+00:00
[2025-10-07T04:33:27.147+0000] {processor.py:208} INFO - Processing /opt/airflow/dags/fraud_detection_training_dag.py took 3.502 seconds
[2025-10-07T04:33:58.559+0000] {processor.py:186} INFO - Started process (PID=109) to work on /opt/airflow/dags/fraud_detection_training_dag.py
[2025-10-07T04:33:58.575+0000] {processor.py:914} INFO - Processing file /opt/airflow/dags/fraud_detection_training_dag.py for tasks to queue
[2025-10-07T04:33:58.636+0000] {logging_mixin.py:190} INFO - [2025-10-07T04:33:58.629+0000] {dagbag.py:588} INFO - Filling up the DagBag from /opt/airflow/dags/fraud_detection_training_dag.py
[2025-10-07T04:33:58.914+0000] {processor.py:925} INFO - DAG(s) 'fraud_detection_training' retrieved from /opt/airflow/dags/fraud_detection_training_dag.py
[2025-10-07T04:33:59.179+0000] {logging_mixin.py:190} INFO - [2025-10-07T04:33:59.178+0000] {dag.py:3239} INFO - Sync 1 DAGs
[2025-10-07T04:33:59.332+0000] {logging_mixin.py:190} INFO - [2025-10-07T04:33:59.329+0000] {dag.py:4180} INFO - Setting next_dagrun for fraud_detection_training to 2025-10-06 03:00:00+00:00, run_after=2025-10-07 03:00:00+00:00
[2025-10-07T04:33:59.556+0000] {processor.py:208} INFO - Processing /opt/airflow/dags/fraud_detection_training_dag.py took 1.127 seconds
[2025-10-07T04:44:44.098+0000] {processor.py:186} INFO - Started process (PID=81) to work on /opt/airflow/dags/fraud_detection_training_dag.py
[2025-10-07T04:44:44.122+0000] {processor.py:914} INFO - Processing file /opt/airflow/dags/fraud_detection_training_dag.py for tasks to queue
[2025-10-07T04:44:44.143+0000] {logging_mixin.py:190} INFO - [2025-10-07T04:44:44.134+0000] {dagbag.py:588} INFO - Filling up the DagBag from /opt/airflow/dags/fraud_detection_training_dag.py
[2025-10-07T04:44:44.287+0000] {processor.py:925} INFO - DAG(s) 'fraud_detection_training' retrieved from /opt/airflow/dags/fraud_detection_training_dag.py
[2025-10-07T04:44:44.574+0000] {logging_mixin.py:190} INFO - [2025-10-07T04:44:44.573+0000] {dag.py:3239} INFO - Sync 1 DAGs
[2025-10-07T04:44:44.657+0000] {logging_mixin.py:190} INFO - [2025-10-07T04:44:44.657+0000] {dag.py:4180} INFO - Setting next_dagrun for fraud_detection_training to 2025-10-06 03:00:00+00:00, run_after=2025-10-07 03:00:00+00:00
[2025-10-07T04:44:44.706+0000] {processor.py:208} INFO - Processing /opt/airflow/dags/fraud_detection_training_dag.py took 0.673 seconds
[2025-10-07T04:45:16.495+0000] {processor.py:186} INFO - Started process (PID=88) to work on /opt/airflow/dags/fraud_detection_training_dag.py
[2025-10-07T04:45:16.514+0000] {processor.py:914} INFO - Processing file /opt/airflow/dags/fraud_detection_training_dag.py for tasks to queue
[2025-10-07T04:45:16.762+0000] {logging_mixin.py:190} INFO - [2025-10-07T04:45:16.738+0000] {dagbag.py:588} INFO - Filling up the DagBag from /opt/airflow/dags/fraud_detection_training_dag.py
[2025-10-07T04:45:17.343+0000] {processor.py:925} INFO - DAG(s) 'fraud_detection_training' retrieved from /opt/airflow/dags/fraud_detection_training_dag.py
[2025-10-07T04:45:18.116+0000] {logging_mixin.py:190} INFO - [2025-10-07T04:45:18.114+0000] {dag.py:3239} INFO - Sync 1 DAGs
[2025-10-07T04:45:18.553+0000] {logging_mixin.py:190} INFO - [2025-10-07T04:45:18.546+0000] {dag.py:4180} INFO - Setting next_dagrun for fraud_detection_training to 2025-10-06 03:00:00+00:00, run_after=2025-10-07 03:00:00+00:00
[2025-10-07T04:45:18.756+0000] {processor.py:208} INFO - Processing /opt/airflow/dags/fraud_detection_training_dag.py took 2.546 seconds
[2025-10-07T04:45:53.505+0000] {processor.py:186} INFO - Started process (PID=95) to work on /opt/airflow/dags/fraud_detection_training_dag.py
[2025-10-07T04:45:53.915+0000] {processor.py:914} INFO - Processing file /opt/airflow/dags/fraud_detection_training_dag.py for tasks to queue
[2025-10-07T04:45:54.180+0000] {logging_mixin.py:190} INFO - [2025-10-07T04:45:54.156+0000] {dagbag.py:588} INFO - Filling up the DagBag from /opt/airflow/dags/fraud_detection_training_dag.py
[2025-10-07T04:45:54.862+0000] {processor.py:925} INFO - DAG(s) 'fraud_detection_training' retrieved from /opt/airflow/dags/fraud_detection_training_dag.py
[2025-10-07T04:46:02.577+0000] {logging_mixin.py:190} INFO - [2025-10-07T04:46:02.576+0000] {dag.py:3239} INFO - Sync 1 DAGs
[2025-10-07T04:46:03.542+0000] {logging_mixin.py:190} INFO - [2025-10-07T04:46:03.539+0000] {dag.py:4180} INFO - Setting next_dagrun for fraud_detection_training to 2025-10-06 03:00:00+00:00, run_after=2025-10-07 03:00:00+00:00
[2025-10-07T04:46:03.769+0000] {processor.py:208} INFO - Processing /opt/airflow/dags/fraud_detection_training_dag.py took 10.535 seconds
[2025-10-07T04:46:35.914+0000] {processor.py:186} INFO - Started process (PID=102) to work on /opt/airflow/dags/fraud_detection_training_dag.py
[2025-10-07T04:46:36.176+0000] {processor.py:914} INFO - Processing file /opt/airflow/dags/fraud_detection_training_dag.py for tasks to queue
[2025-10-07T04:46:36.854+0000] {logging_mixin.py:190} INFO - [2025-10-07T04:46:36.819+0000] {dagbag.py:588} INFO - Filling up the DagBag from /opt/airflow/dags/fraud_detection_training_dag.py
[2025-10-07T04:46:38.547+0000] {processor.py:925} INFO - DAG(s) 'fraud_detection_training' retrieved from /opt/airflow/dags/fraud_detection_training_dag.py
[2025-10-07T04:46:40.378+0000] {logging_mixin.py:190} INFO - [2025-10-07T04:46:40.370+0000] {dag.py:3239} INFO - Sync 1 DAGs
[2025-10-07T04:46:41.159+0000] {logging_mixin.py:190} INFO - [2025-10-07T04:46:41.158+0000] {dag.py:4180} INFO - Setting next_dagrun for fraud_detection_training to 2025-10-06 03:00:00+00:00, run_after=2025-10-07 03:00:00+00:00
[2025-10-07T04:46:41.515+0000] {processor.py:208} INFO - Processing /opt/airflow/dags/fraud_detection_training_dag.py took 7.024 seconds
[2025-10-07T04:47:12.330+0000] {processor.py:186} INFO - Started process (PID=109) to work on /opt/airflow/dags/fraud_detection_training_dag.py
[2025-10-07T04:47:12.334+0000] {processor.py:914} INFO - Processing file /opt/airflow/dags/fraud_detection_training_dag.py for tasks to queue
[2025-10-07T04:47:12.351+0000] {logging_mixin.py:190} INFO - [2025-10-07T04:47:12.349+0000] {dagbag.py:588} INFO - Filling up the DagBag from /opt/airflow/dags/fraud_detection_training_dag.py
[2025-10-07T04:47:12.557+0000] {processor.py:925} INFO - DAG(s) 'fraud_detection_training' retrieved from /opt/airflow/dags/fraud_detection_training_dag.py
[2025-10-07T04:47:12.736+0000] {logging_mixin.py:190} INFO - [2025-10-07T04:47:12.735+0000] {dag.py:3239} INFO - Sync 1 DAGs
[2025-10-07T04:47:12.832+0000] {logging_mixin.py:190} INFO - [2025-10-07T04:47:12.831+0000] {dag.py:4180} INFO - Setting next_dagrun for fraud_detection_training to 2025-10-06 03:00:00+00:00, run_after=2025-10-07 03:00:00+00:00
[2025-10-07T04:47:12.884+0000] {processor.py:208} INFO - Processing /opt/airflow/dags/fraud_detection_training_dag.py took 0.587 seconds
[2025-10-07T04:47:43.914+0000] {processor.py:186} INFO - Started process (PID=116) to work on /opt/airflow/dags/fraud_detection_training_dag.py
[2025-10-07T04:47:43.933+0000] {processor.py:914} INFO - Processing file /opt/airflow/dags/fraud_detection_training_dag.py for tasks to queue
[2025-10-07T04:47:44.087+0000] {logging_mixin.py:190} INFO - [2025-10-07T04:47:44.083+0000] {dagbag.py:588} INFO - Filling up the DagBag from /opt/airflow/dags/fraud_detection_training_dag.py
[2025-10-07T04:47:44.321+0000] {processor.py:925} INFO - DAG(s) 'fraud_detection_training' retrieved from /opt/airflow/dags/fraud_detection_training_dag.py
[2025-10-07T04:47:44.730+0000] {logging_mixin.py:190} INFO - [2025-10-07T04:47:44.726+0000] {dag.py:3239} INFO - Sync 1 DAGs
[2025-10-07T04:47:44.902+0000] {logging_mixin.py:190} INFO - [2025-10-07T04:47:44.901+0000] {dag.py:4180} INFO - Setting next_dagrun for fraud_detection_training to 2025-10-06 03:00:00+00:00, run_after=2025-10-07 03:00:00+00:00
[2025-10-07T04:47:44.959+0000] {processor.py:208} INFO - Processing /opt/airflow/dags/fraud_detection_training_dag.py took 1.365 seconds
[2025-10-07T04:48:16.145+0000] {processor.py:186} INFO - Started process (PID=123) to work on /opt/airflow/dags/fraud_detection_training_dag.py
[2025-10-07T04:48:16.166+0000] {processor.py:914} INFO - Processing file /opt/airflow/dags/fraud_detection_training_dag.py for tasks to queue
[2025-10-07T04:48:16.982+0000] {logging_mixin.py:190} INFO - [2025-10-07T04:48:16.951+0000] {dagbag.py:588} INFO - Filling up the DagBag from /opt/airflow/dags/fraud_detection_training_dag.py
[2025-10-07T04:48:17.848+0000] {processor.py:925} INFO - DAG(s) 'fraud_detection_training' retrieved from /opt/airflow/dags/fraud_detection_training_dag.py
[2025-10-07T04:48:18.971+0000] {logging_mixin.py:190} INFO - [2025-10-07T04:48:18.970+0000] {dag.py:3239} INFO - Sync 1 DAGs
[2025-10-07T04:48:19.303+0000] {logging_mixin.py:190} INFO - [2025-10-07T04:48:19.296+0000] {dag.py:4180} INFO - Setting next_dagrun for fraud_detection_training to 2025-10-06 03:00:00+00:00, run_after=2025-10-07 03:00:00+00:00
[2025-10-07T04:48:19.397+0000] {processor.py:208} INFO - Processing /opt/airflow/dags/fraud_detection_training_dag.py took 3.432 seconds
[2025-10-07T04:48:50.649+0000] {processor.py:186} INFO - Started process (PID=130) to work on /opt/airflow/dags/fraud_detection_training_dag.py
[2025-10-07T04:48:51.211+0000] {processor.py:914} INFO - Processing file /opt/airflow/dags/fraud_detection_training_dag.py for tasks to queue
[2025-10-07T04:48:51.661+0000] {logging_mixin.py:190} INFO - [2025-10-07T04:48:51.654+0000] {dagbag.py:588} INFO - Filling up the DagBag from /opt/airflow/dags/fraud_detection_training_dag.py
[2025-10-07T04:48:52.174+0000] {processor.py:925} INFO - DAG(s) 'fraud_detection_training' retrieved from /opt/airflow/dags/fraud_detection_training_dag.py
[2025-10-07T04:48:52.795+0000] {logging_mixin.py:190} INFO - [2025-10-07T04:48:52.793+0000] {dag.py:3239} INFO - Sync 1 DAGs
[2025-10-07T04:48:53.447+0000] {logging_mixin.py:190} INFO - [2025-10-07T04:48:53.446+0000] {dag.py:4180} INFO - Setting next_dagrun for fraud_detection_training to 2025-10-06 03:00:00+00:00, run_after=2025-10-07 03:00:00+00:00
[2025-10-07T04:48:53.534+0000] {processor.py:208} INFO - Processing /opt/airflow/dags/fraud_detection_training_dag.py took 3.057 seconds
[2025-10-07T04:49:24.584+0000] {processor.py:186} INFO - Started process (PID=137) to work on /opt/airflow/dags/fraud_detection_training_dag.py
[2025-10-07T04:49:24.587+0000] {processor.py:914} INFO - Processing file /opt/airflow/dags/fraud_detection_training_dag.py for tasks to queue
[2025-10-07T04:49:24.631+0000] {logging_mixin.py:190} INFO - [2025-10-07T04:49:24.624+0000] {dagbag.py:588} INFO - Filling up the DagBag from /opt/airflow/dags/fraud_detection_training_dag.py
[2025-10-07T04:49:24.829+0000] {processor.py:925} INFO - DAG(s) 'fraud_detection_training' retrieved from /opt/airflow/dags/fraud_detection_training_dag.py
[2025-10-07T04:49:25.053+0000] {logging_mixin.py:190} INFO - [2025-10-07T04:49:25.052+0000] {dag.py:3239} INFO - Sync 1 DAGs
[2025-10-07T04:49:25.173+0000] {logging_mixin.py:190} INFO - [2025-10-07T04:49:25.173+0000] {dag.py:4180} INFO - Setting next_dagrun for fraud_detection_training to 2025-10-06 03:00:00+00:00, run_after=2025-10-07 03:00:00+00:00
[2025-10-07T04:49:25.250+0000] {processor.py:208} INFO - Processing /opt/airflow/dags/fraud_detection_training_dag.py took 0.778 seconds
[2025-10-07T04:49:56.152+0000] {processor.py:186} INFO - Started process (PID=152) to work on /opt/airflow/dags/fraud_detection_training_dag.py
[2025-10-07T04:49:56.156+0000] {processor.py:914} INFO - Processing file /opt/airflow/dags/fraud_detection_training_dag.py for tasks to queue
[2025-10-07T04:49:56.171+0000] {logging_mixin.py:190} INFO - [2025-10-07T04:49:56.169+0000] {dagbag.py:588} INFO - Filling up the DagBag from /opt/airflow/dags/fraud_detection_training_dag.py
[2025-10-07T04:49:56.226+0000] {processor.py:925} INFO - DAG(s) 'fraud_detection_training' retrieved from /opt/airflow/dags/fraud_detection_training_dag.py
[2025-10-07T04:49:56.592+0000] {logging_mixin.py:190} INFO - [2025-10-07T04:49:56.591+0000] {dag.py:3239} INFO - Sync 1 DAGs
[2025-10-07T04:49:56.844+0000] {logging_mixin.py:190} INFO - [2025-10-07T04:49:56.844+0000] {dag.py:4180} INFO - Setting next_dagrun for fraud_detection_training to 2025-10-07 03:00:00+00:00, run_after=2025-10-08 03:00:00+00:00
[2025-10-07T04:49:56.927+0000] {processor.py:208} INFO - Processing /opt/airflow/dags/fraud_detection_training_dag.py took 0.806 seconds
[2025-10-07T04:50:27.943+0000] {processor.py:186} INFO - Started process (PID=159) to work on /opt/airflow/dags/fraud_detection_training_dag.py
[2025-10-07T04:50:27.961+0000] {processor.py:914} INFO - Processing file /opt/airflow/dags/fraud_detection_training_dag.py for tasks to queue
[2025-10-07T04:50:28.045+0000] {logging_mixin.py:190} INFO - [2025-10-07T04:50:28.037+0000] {dagbag.py:588} INFO - Filling up the DagBag from /opt/airflow/dags/fraud_detection_training_dag.py
[2025-10-07T04:50:28.432+0000] {processor.py:925} INFO - DAG(s) 'fraud_detection_training' retrieved from /opt/airflow/dags/fraud_detection_training_dag.py
[2025-10-07T04:50:29.503+0000] {logging_mixin.py:190} INFO - [2025-10-07T04:50:29.496+0000] {dag.py:3239} INFO - Sync 1 DAGs
[2025-10-07T04:50:29.948+0000] {logging_mixin.py:190} INFO - [2025-10-07T04:50:29.946+0000] {dag.py:4180} INFO - Setting next_dagrun for fraud_detection_training to 2025-10-07 03:00:00+00:00, run_after=2025-10-08 03:00:00+00:00
[2025-10-07T04:50:30.437+0000] {processor.py:208} INFO - Processing /opt/airflow/dags/fraud_detection_training_dag.py took 2.777 seconds
[2025-10-07T04:51:03.408+0000] {processor.py:186} INFO - Started process (PID=174) to work on /opt/airflow/dags/fraud_detection_training_dag.py
[2025-10-07T04:51:03.452+0000] {processor.py:914} INFO - Processing file /opt/airflow/dags/fraud_detection_training_dag.py for tasks to queue
[2025-10-07T04:51:03.641+0000] {logging_mixin.py:190} INFO - [2025-10-07T04:51:03.629+0000] {dagbag.py:588} INFO - Filling up the DagBag from /opt/airflow/dags/fraud_detection_training_dag.py
[2025-10-07T04:51:04.115+0000] {processor.py:925} INFO - DAG(s) 'fraud_detection_training' retrieved from /opt/airflow/dags/fraud_detection_training_dag.py
[2025-10-07T04:51:04.648+0000] {logging_mixin.py:190} INFO - [2025-10-07T04:51:04.646+0000] {dag.py:3239} INFO - Sync 1 DAGs
[2025-10-07T04:51:04.980+0000] {logging_mixin.py:190} INFO - [2025-10-07T04:51:04.975+0000] {dag.py:4180} INFO - Setting next_dagrun for fraud_detection_training to 2025-10-07 03:00:00+00:00, run_after=2025-10-08 03:00:00+00:00
[2025-10-07T04:51:05.305+0000] {processor.py:208} INFO - Processing /opt/airflow/dags/fraud_detection_training_dag.py took 2.407 seconds
[2025-10-07T04:51:47.867+0000] {processor.py:186} INFO - Started process (PID=181) to work on /opt/airflow/dags/fraud_detection_training_dag.py
[2025-10-07T04:51:48.164+0000] {processor.py:914} INFO - Processing file /opt/airflow/dags/fraud_detection_training_dag.py for tasks to queue
[2025-10-07T04:51:48.837+0000] {logging_mixin.py:190} INFO - [2025-10-07T04:51:48.794+0000] {dagbag.py:588} INFO - Filling up the DagBag from /opt/airflow/dags/fraud_detection_training_dag.py
[2025-10-07T04:51:52.096+0000] {processor.py:925} INFO - DAG(s) 'fraud_detection_training' retrieved from /opt/airflow/dags/fraud_detection_training_dag.py
[2025-10-07T04:51:54.532+0000] {logging_mixin.py:190} INFO - [2025-10-07T04:51:54.530+0000] {dag.py:3239} INFO - Sync 1 DAGs
[2025-10-07T04:51:55.275+0000] {logging_mixin.py:190} INFO - [2025-10-07T04:51:55.261+0000] {dag.py:4180} INFO - Setting next_dagrun for fraud_detection_training to 2025-10-07 03:00:00+00:00, run_after=2025-10-08 03:00:00+00:00
[2025-10-07T04:51:55.647+0000] {processor.py:208} INFO - Processing /opt/airflow/dags/fraud_detection_training_dag.py took 9.831 seconds
[2025-10-07T04:52:29.087+0000] {processor.py:186} INFO - Started process (PID=187) to work on /opt/airflow/dags/fraud_detection_training_dag.py
[2025-10-07T04:52:29.132+0000] {processor.py:914} INFO - Processing file /opt/airflow/dags/fraud_detection_training_dag.py for tasks to queue
[2025-10-07T04:52:29.926+0000] {logging_mixin.py:190} INFO - [2025-10-07T04:52:29.425+0000] {dagbag.py:588} INFO - Filling up the DagBag from /opt/airflow/dags/fraud_detection_training_dag.py
[2025-10-07T04:52:33.342+0000] {processor.py:925} INFO - DAG(s) 'fraud_detection_training' retrieved from /opt/airflow/dags/fraud_detection_training_dag.py
[2025-10-07T04:52:35.491+0000] {logging_mixin.py:190} INFO - [2025-10-07T04:52:35.434+0000] {dag.py:3239} INFO - Sync 1 DAGs
[2025-10-07T04:52:36.678+0000] {logging_mixin.py:190} INFO - [2025-10-07T04:52:36.651+0000] {dag.py:4180} INFO - Setting next_dagrun for fraud_detection_training to 2025-10-07 03:00:00+00:00, run_after=2025-10-08 03:00:00+00:00
[2025-10-07T04:52:37.427+0000] {processor.py:208} INFO - Processing /opt/airflow/dags/fraud_detection_training_dag.py took 9.146 seconds
[2025-10-07T04:53:27.588+0000] {processor.py:186} INFO - Started process (PID=188) to work on /opt/airflow/dags/fraud_detection_training_dag.py
[2025-10-07T04:53:28.742+0000] {processor.py:914} INFO - Processing file /opt/airflow/dags/fraud_detection_training_dag.py for tasks to queue
[2025-10-07T04:53:29.392+0000] {logging_mixin.py:190} INFO - [2025-10-07T04:53:29.352+0000] {dagbag.py:588} INFO - Filling up the DagBag from /opt/airflow/dags/fraud_detection_training_dag.py
[2025-10-07T04:53:30.224+0000] {processor.py:925} INFO - DAG(s) 'fraud_detection_training' retrieved from /opt/airflow/dags/fraud_detection_training_dag.py
[2025-10-07T04:53:31.009+0000] {logging_mixin.py:190} INFO - [2025-10-07T04:53:31.002+0000] {dag.py:3239} INFO - Sync 1 DAGs
[2025-10-07T04:53:31.535+0000] {logging_mixin.py:190} INFO - [2025-10-07T04:53:31.530+0000] {dag.py:4180} INFO - Setting next_dagrun for fraud_detection_training to 2025-10-07 03:00:00+00:00, run_after=2025-10-08 03:00:00+00:00
[2025-10-07T04:53:31.721+0000] {processor.py:208} INFO - Processing /opt/airflow/dags/fraud_detection_training_dag.py took 6.304 seconds
[2025-10-07T04:53:45.744+0000] {processor.py:186} INFO - Started process (PID=195) to work on /opt/airflow/dags/fraud_detection_training_dag.py
[2025-10-07T04:53:45.801+0000] {processor.py:914} INFO - Processing file /opt/airflow/dags/fraud_detection_training_dag.py for tasks to queue
[2025-10-07T04:53:45.976+0000] {logging_mixin.py:190} INFO - [2025-10-07T04:53:45.965+0000] {dagbag.py:588} INFO - Filling up the DagBag from /opt/airflow/dags/fraud_detection_training_dag.py
[2025-10-07T04:53:46.463+0000] {processor.py:925} INFO - DAG(s) 'fraud_detection_training' retrieved from /opt/airflow/dags/fraud_detection_training_dag.py
[2025-10-07T04:53:48.524+0000] {logging_mixin.py:190} INFO - [2025-10-07T04:53:48.449+0000] {taskinstance.py:3315} ERROR - {'DAG Id': 'fraud_detection_training', 'Task Id': 'execute_training', 'Run Id': 'manual__2025-10-07T04:49:31.899938+00:00', 'Hostname': '00523dee1394', 'External Executor Id': '73215b1b-8572-4a7e-b243-67a71bcdd79c'}
[2025-10-07T04:53:51.140+0000] {logging_mixin.py:190} INFO - [2025-10-07T04:53:51.132+0000] {taskinstance.py:1226} INFO - Marking task as FAILED. dag_id=fraud_detection_training, task_id=execute_training, run_id=manual__2025-10-07T04:49:31.899938+00:00, execution_date=20251007T044931, start_date=20251007T044947, end_date=20251007T045348
[2025-10-07T04:53:53.379+0000] {logging_mixin.py:190} INFO - [2025-10-07T04:53:53.359+0000] {processor.py:876} INFO - Executed callback for <TaskInstance: fraud_detection_training.execute_training manual__2025-10-07T04:49:31.899938+00:00 [failed]> in state failed
[2025-10-07T04:53:56.151+0000] {logging_mixin.py:190} INFO - [2025-10-07T04:53:56.130+0000] {dag.py:3239} INFO - Sync 1 DAGs
[2025-10-07T04:53:58.003+0000] {logging_mixin.py:190} INFO - [2025-10-07T04:53:57.978+0000] {dag.py:4180} INFO - Setting next_dagrun for fraud_detection_training to 2025-10-07 03:00:00+00:00, run_after=2025-10-08 03:00:00+00:00
[2025-10-07T04:53:59.094+0000] {processor.py:208} INFO - Processing /opt/airflow/dags/fraud_detection_training_dag.py took 13.903 seconds
[2025-10-07T04:54:35.074+0000] {processor.py:186} INFO - Started process (PID=203) to work on /opt/airflow/dags/fraud_detection_training_dag.py
[2025-10-07T04:54:35.130+0000] {processor.py:914} INFO - Processing file /opt/airflow/dags/fraud_detection_training_dag.py for tasks to queue
[2025-10-07T04:54:35.749+0000] {logging_mixin.py:190} INFO - [2025-10-07T04:54:35.710+0000] {dagbag.py:588} INFO - Filling up the DagBag from /opt/airflow/dags/fraud_detection_training_dag.py
[2025-10-07T04:54:36.748+0000] {processor.py:925} INFO - DAG(s) 'fraud_detection_training' retrieved from /opt/airflow/dags/fraud_detection_training_dag.py
[2025-10-07T04:54:38.624+0000] {logging_mixin.py:190} INFO - [2025-10-07T04:54:38.553+0000] {dag.py:3239} INFO - Sync 1 DAGs
[2025-10-07T04:54:40.214+0000] {logging_mixin.py:190} INFO - [2025-10-07T04:54:40.198+0000] {dag.py:4180} INFO - Setting next_dagrun for fraud_detection_training to 2025-10-07 03:00:00+00:00, run_after=2025-10-08 03:00:00+00:00
[2025-10-07T04:54:41.472+0000] {processor.py:208} INFO - Processing /opt/airflow/dags/fraud_detection_training_dag.py took 7.128 seconds
[2025-10-07T04:55:17.420+0000] {processor.py:186} INFO - Started process (PID=215) to work on /opt/airflow/dags/fraud_detection_training_dag.py
[2025-10-07T04:55:17.795+0000] {processor.py:914} INFO - Processing file /opt/airflow/dags/fraud_detection_training_dag.py for tasks to queue
[2025-10-07T04:55:19.911+0000] {logging_mixin.py:190} INFO - [2025-10-07T04:55:19.881+0000] {dagbag.py:588} INFO - Filling up the DagBag from /opt/airflow/dags/fraud_detection_training_dag.py
[2025-10-07T04:55:20.738+0000] {processor.py:925} INFO - DAG(s) 'fraud_detection_training' retrieved from /opt/airflow/dags/fraud_detection_training_dag.py
[2025-10-07T04:55:22.016+0000] {logging_mixin.py:190} INFO - [2025-10-07T04:55:22.008+0000] {dag.py:3239} INFO - Sync 1 DAGs
[2025-10-07T04:55:23.157+0000] {logging_mixin.py:190} INFO - [2025-10-07T04:55:23.153+0000] {dag.py:4180} INFO - Setting next_dagrun for fraud_detection_training to 2025-10-07 03:00:00+00:00, run_after=2025-10-08 03:00:00+00:00
[2025-10-07T04:55:23.948+0000] {processor.py:208} INFO - Processing /opt/airflow/dags/fraud_detection_training_dag.py took 7.005 seconds
[2025-10-07T04:55:56.160+0000] {processor.py:186} INFO - Started process (PID=221) to work on /opt/airflow/dags/fraud_detection_training_dag.py
[2025-10-07T04:55:56.194+0000] {processor.py:914} INFO - Processing file /opt/airflow/dags/fraud_detection_training_dag.py for tasks to queue
[2025-10-07T04:55:56.301+0000] {logging_mixin.py:190} INFO - [2025-10-07T04:55:56.290+0000] {dagbag.py:588} INFO - Filling up the DagBag from /opt/airflow/dags/fraud_detection_training_dag.py
[2025-10-07T04:55:58.080+0000] {processor.py:925} INFO - DAG(s) 'fraud_detection_training' retrieved from /opt/airflow/dags/fraud_detection_training_dag.py
[2025-10-07T04:55:59.742+0000] {logging_mixin.py:190} INFO - [2025-10-07T04:55:59.647+0000] {dag.py:3239} INFO - Sync 1 DAGs
[2025-10-07T04:56:02.677+0000] {logging_mixin.py:190} INFO - [2025-10-07T04:56:02.643+0000] {dag.py:4180} INFO - Setting next_dagrun for fraud_detection_training to 2025-10-07 03:00:00+00:00, run_after=2025-10-08 03:00:00+00:00
[2025-10-07T04:56:05.228+0000] {processor.py:208} INFO - Processing /opt/airflow/dags/fraud_detection_training_dag.py took 9.184 seconds
[2025-10-07T04:56:40.824+0000] {processor.py:186} INFO - Started process (PID=230) to work on /opt/airflow/dags/fraud_detection_training_dag.py
[2025-10-07T04:56:41.023+0000] {processor.py:914} INFO - Processing file /opt/airflow/dags/fraud_detection_training_dag.py for tasks to queue
[2025-10-07T04:56:44.014+0000] {logging_mixin.py:190} INFO - [2025-10-07T04:56:43.026+0000] {dagbag.py:588} INFO - Filling up the DagBag from /opt/airflow/dags/fraud_detection_training_dag.py
[2025-10-07T04:56:48.961+0000] {processor.py:925} INFO - DAG(s) 'fraud_detection_training' retrieved from /opt/airflow/dags/fraud_detection_training_dag.py
[2025-10-07T04:56:53.999+0000] {logging_mixin.py:190} INFO - [2025-10-07T04:56:53.614+0000] {dag.py:3239} INFO - Sync 1 DAGs
[2025-10-07T04:57:08.324+0000] {logging_mixin.py:190} INFO - [2025-10-07T04:57:08.273+0000] {dag.py:4180} INFO - Setting next_dagrun for fraud_detection_training to 2025-10-07 03:00:00+00:00, run_after=2025-10-08 03:00:00+00:00
[2025-10-07T04:57:09.334+0000] {processor.py:208} INFO - Processing /opt/airflow/dags/fraud_detection_training_dag.py took 29.643 seconds
[2025-10-07T04:57:50.841+0000] {processor.py:186} INFO - Started process (PID=244) to work on /opt/airflow/dags/fraud_detection_training_dag.py
[2025-10-07T04:57:51.632+0000] {processor.py:914} INFO - Processing file /opt/airflow/dags/fraud_detection_training_dag.py for tasks to queue
[2025-10-07T04:57:52.441+0000] {logging_mixin.py:190} INFO - [2025-10-07T04:57:52.373+0000] {dagbag.py:588} INFO - Filling up the DagBag from /opt/airflow/dags/fraud_detection_training_dag.py
[2025-10-07T04:57:55.771+0000] {processor.py:925} INFO - DAG(s) 'fraud_detection_training' retrieved from /opt/airflow/dags/fraud_detection_training_dag.py
[2025-10-07T04:58:00.099+0000] {logging_mixin.py:190} INFO - [2025-10-07T04:58:00.069+0000] {dag.py:3239} INFO - Sync 1 DAGs
[2025-10-07T04:58:13.852+0000] {logging_mixin.py:190} INFO - [2025-10-07T04:58:13.799+0000] {dag.py:4180} INFO - Setting next_dagrun for fraud_detection_training to 2025-10-07 03:00:00+00:00, run_after=2025-10-08 03:00:00+00:00
[2025-10-07T04:58:15.484+0000] {processor.py:208} INFO - Processing /opt/airflow/dags/fraud_detection_training_dag.py took 30.258 seconds
[2025-10-07T04:58:27.117+0000] {processor.py:186} INFO - Started process (PID=250) to work on /opt/airflow/dags/fraud_detection_training_dag.py
[2025-10-07T04:58:27.447+0000] {processor.py:914} INFO - Processing file /opt/airflow/dags/fraud_detection_training_dag.py for tasks to queue
[2025-10-07T04:58:28.167+0000] {logging_mixin.py:190} INFO - [2025-10-07T04:58:28.139+0000] {dagbag.py:588} INFO - Filling up the DagBag from /opt/airflow/dags/fraud_detection_training_dag.py
[2025-10-07T04:58:30.512+0000] {processor.py:925} INFO - DAG(s) 'fraud_detection_training' retrieved from /opt/airflow/dags/fraud_detection_training_dag.py
[2025-10-07T04:58:31.814+0000] {logging_mixin.py:190} INFO - [2025-10-07T04:58:31.752+0000] {taskinstance.py:3315} ERROR - {'DAG Id': 'fraud_detection_training', 'Task Id': 'execute_training', 'Run Id': 'scheduled__2025-10-06T03:00:00+00:00', 'Hostname': 'b14b97d863e5', 'External Executor Id': '32d37245-1d2b-4413-90f4-b2e010697c1d'}
[2025-10-07T04:58:33.438+0000] {logging_mixin.py:190} INFO - [2025-10-07T04:58:33.432+0000] {taskinstance.py:1226} INFO - Marking task as FAILED. dag_id=fraud_detection_training, task_id=execute_training, run_id=scheduled__2025-10-06T03:00:00+00:00, execution_date=20251006T030000, start_date=20251007T044947, end_date=20251007T045832
[2025-10-07T04:58:33.965+0000] {logging_mixin.py:190} INFO - [2025-10-07T04:58:33.962+0000] {processor.py:876} INFO - Executed callback for <TaskInstance: fraud_detection_training.execute_training scheduled__2025-10-06T03:00:00+00:00 [failed]> in state failed
[2025-10-07T04:58:35.436+0000] {logging_mixin.py:190} INFO - [2025-10-07T04:58:35.412+0000] {dag.py:3239} INFO - Sync 1 DAGs
[2025-10-07T04:58:36.287+0000] {logging_mixin.py:190} INFO - [2025-10-07T04:58:36.269+0000] {dag.py:4180} INFO - Setting next_dagrun for fraud_detection_training to 2025-10-07 03:00:00+00:00, run_after=2025-10-08 03:00:00+00:00
[2025-10-07T04:58:37.308+0000] {processor.py:208} INFO - Processing /opt/airflow/dags/fraud_detection_training_dag.py took 10.898 seconds
[2025-10-07T04:59:13.289+0000] {processor.py:186} INFO - Started process (PID=259) to work on /opt/airflow/dags/fraud_detection_training_dag.py
[2025-10-07T04:59:13.417+0000] {processor.py:914} INFO - Processing file /opt/airflow/dags/fraud_detection_training_dag.py for tasks to queue
[2025-10-07T04:59:13.581+0000] {logging_mixin.py:190} INFO - [2025-10-07T04:59:13.566+0000] {dagbag.py:588} INFO - Filling up the DagBag from /opt/airflow/dags/fraud_detection_training_dag.py
[2025-10-07T04:59:14.274+0000] {processor.py:925} INFO - DAG(s) 'fraud_detection_training' retrieved from /opt/airflow/dags/fraud_detection_training_dag.py
[2025-10-07T04:59:15.698+0000] {logging_mixin.py:190} INFO - [2025-10-07T04:59:15.686+0000] {dag.py:3239} INFO - Sync 1 DAGs
[2025-10-07T04:59:17.508+0000] {logging_mixin.py:190} INFO - [2025-10-07T04:59:17.482+0000] {dag.py:4180} INFO - Setting next_dagrun for fraud_detection_training to 2025-10-07 03:00:00+00:00, run_after=2025-10-08 03:00:00+00:00
[2025-10-07T04:59:18.349+0000] {processor.py:208} INFO - Processing /opt/airflow/dags/fraud_detection_training_dag.py took 5.841 seconds
[2025-10-07T04:59:51.396+0000] {processor.py:186} INFO - Started process (PID=266) to work on /opt/airflow/dags/fraud_detection_training_dag.py
[2025-10-07T04:59:51.471+0000] {processor.py:914} INFO - Processing file /opt/airflow/dags/fraud_detection_training_dag.py for tasks to queue
[2025-10-07T04:59:51.762+0000] {logging_mixin.py:190} INFO - [2025-10-07T04:59:51.700+0000] {dagbag.py:588} INFO - Filling up the DagBag from /opt/airflow/dags/fraud_detection_training_dag.py
[2025-10-07T04:59:54.181+0000] {processor.py:925} INFO - DAG(s) 'fraud_detection_training' retrieved from /opt/airflow/dags/fraud_detection_training_dag.py
[2025-10-07T04:59:58.859+0000] {logging_mixin.py:190} INFO - [2025-10-07T04:59:58.780+0000] {dag.py:3239} INFO - Sync 1 DAGs
[2025-10-07T05:00:21.457+0000] {logging_mixin.py:190} INFO - [2025-10-07T05:00:21.221+0000] {dag.py:4180} INFO - Setting next_dagrun for fraud_detection_training to 2025-10-07 03:00:00+00:00, run_after=2025-10-08 03:00:00+00:00
[2025-10-07T05:00:23.262+0000] {processor.py:208} INFO - Processing /opt/airflow/dags/fraud_detection_training_dag.py took 33.639 seconds
[2025-10-07T05:00:58.768+0000] {processor.py:186} INFO - Started process (PID=279) to work on /opt/airflow/dags/fraud_detection_training_dag.py
[2025-10-07T05:00:58.818+0000] {processor.py:914} INFO - Processing file /opt/airflow/dags/fraud_detection_training_dag.py for tasks to queue
[2025-10-07T05:00:59.019+0000] {logging_mixin.py:190} INFO - [2025-10-07T05:00:59.003+0000] {dagbag.py:588} INFO - Filling up the DagBag from /opt/airflow/dags/fraud_detection_training_dag.py
[2025-10-07T05:00:59.702+0000] {processor.py:925} INFO - DAG(s) 'fraud_detection_training' retrieved from /opt/airflow/dags/fraud_detection_training_dag.py
[2025-10-07T05:01:02.546+0000] {logging_mixin.py:190} INFO - [2025-10-07T05:01:02.530+0000] {dag.py:3239} INFO - Sync 1 DAGs
[2025-10-07T05:01:04.680+0000] {logging_mixin.py:190} INFO - [2025-10-07T05:01:04.658+0000] {dag.py:4180} INFO - Setting next_dagrun for fraud_detection_training to 2025-10-07 03:00:00+00:00, run_after=2025-10-08 03:00:00+00:00
[2025-10-07T05:01:05.201+0000] {processor.py:208} INFO - Processing /opt/airflow/dags/fraud_detection_training_dag.py took 7.217 seconds
[2025-10-07T05:02:00.600+0000] {processor.py:186} INFO - Started process (PID=286) to work on /opt/airflow/dags/fraud_detection_training_dag.py
[2025-10-07T05:02:01.105+0000] {processor.py:914} INFO - Processing file /opt/airflow/dags/fraud_detection_training_dag.py for tasks to queue
[2025-10-07T05:02:04.543+0000] {logging_mixin.py:190} INFO - [2025-10-07T05:02:03.178+0000] {dagbag.py:588} INFO - Filling up the DagBag from /opt/airflow/dags/fraud_detection_training_dag.py
[2025-10-07T05:02:24.839+0000] {processor.py:925} INFO - DAG(s) 'fraud_detection_training' retrieved from /opt/airflow/dags/fraud_detection_training_dag.py
[2025-10-07T05:03:12.370+0000] {processor.py:186} INFO - Started process (PID=299) to work on /opt/airflow/dags/fraud_detection_training_dag.py
[2025-10-07T05:03:14.381+0000] {processor.py:914} INFO - Processing file /opt/airflow/dags/fraud_detection_training_dag.py for tasks to queue
[2025-10-07T05:03:17.137+0000] {logging_mixin.py:190} INFO - [2025-10-07T05:03:16.817+0000] {dagbag.py:588} INFO - Filling up the DagBag from /opt/airflow/dags/fraud_detection_training_dag.py
[2025-10-07T05:03:24.568+0000] {processor.py:925} INFO - DAG(s) 'fraud_detection_training' retrieved from /opt/airflow/dags/fraud_detection_training_dag.py
[2025-10-07T05:04:32.687+0000] {processor.py:186} INFO - Started process (PID=306) to work on /opt/airflow/dags/fraud_detection_training_dag.py
[2025-10-07T05:04:32.893+0000] {processor.py:914} INFO - Processing file /opt/airflow/dags/fraud_detection_training_dag.py for tasks to queue
[2025-10-07T05:04:33.110+0000] {logging_mixin.py:190} INFO - [2025-10-07T05:04:33.003+0000] {dagbag.py:588} INFO - Filling up the DagBag from /opt/airflow/dags/fraud_detection_training_dag.py
[2025-10-07T05:04:34.582+0000] {processor.py:925} INFO - DAG(s) 'fraud_detection_training' retrieved from /opt/airflow/dags/fraud_detection_training_dag.py
[2025-10-07T05:06:31.821+0000] {processor.py:186} INFO - Started process (PID=318) to work on /opt/airflow/dags/fraud_detection_training_dag.py
[2025-10-07T05:06:32.258+0000] {processor.py:914} INFO - Processing file /opt/airflow/dags/fraud_detection_training_dag.py for tasks to queue
[2025-10-07T05:06:33.815+0000] {logging_mixin.py:190} INFO - [2025-10-07T05:06:33.068+0000] {dagbag.py:588} INFO - Filling up the DagBag from /opt/airflow/dags/fraud_detection_training_dag.py
[2025-10-07T05:06:53.936+0000] {processor.py:925} INFO - DAG(s) 'fraud_detection_training' retrieved from /opt/airflow/dags/fraud_detection_training_dag.py
